 Location:  5S  95W   1 Jan 2000 to 12 Jul 2025 ( 9325 times, 19 blocks) Gen. Date Sep  3 2026
 Units: Sea Surface Temperature (C), -9.99 = missing
 Time: 1200  1 Jan 2000 to 1200 15 Sep 2001 (index     1 to   624,  624 times)
 Depth (M):        1 QUALITY SOURCE
 YYYYMMDD HHMM   SST Q S
 20000101 1200 23.28 1 5
 20000102 1200 23.32 1 5
 20000103 1200 23.55 1 5
 20000104 1200 23.79 1 5
 20000105 1200 24.13 1 5
 20000106 1200 24.33 1 5
 20000107 1200 24.39 1 5
 20000108 1200 24.50 1 5
 20000109 1200 24.44 1 5
 20000110 1200 24.39 1 5
 20000111 1200 24.41 1 5
 20000112 1200 24.49 1 5
 20000113 1200 24.67 1 5
 20000114 1200 24.63 1 5
 20000115 1200 24.69 1 5
 20000116 1200 24.73 1 5
 20000117 1200 24.73 1 5
 20000118 1200 24.88 1 5
 20000119 1200 24.85 1 5
 20000120 1200 24.99 1 5
 20000121 1200 25.09 1 5
 20000122 1200 25.19 1 5
 20000123 1200 25.22 1 5
 20000124 1200 25.20 1 5
 20000125 1200 25.15 1 5
 20000126 1200 25.18 1 5
 20000127 1200 25.25 1 5
 20000128 1200 25.44 1 5
 20000129 1200 25.63 1 5
 20000130 1200 25.91 1 5
 20000131 1200 26.00 1 5
 20000201 1200 26.13 1 5
 20000202 1200 25.73 1 5
 20000203 1200 25.69 1 5
 20000204 1200 25.77 1 5
 20000205 1200 25.91 1 5
 20000206 1200 26.13 1 5
 20000207 1200 26.19 1 5
 20000208 1200 26.48 1 5
 20000209 1200 26.62 1 5
 20000210 1200 26.56 1 5
 20000211 1200 26.64 1 5
 20000212 1200 26.72 1 5
 20000213 1200 26.83 1 5
 20000214 1200 26.82 1 5
 20000215 1200 26.81 1 5
 20000216 1200 26.85 1 5
 20000217 1200 26.71 1 5
 20000218 1200 26.76 1 5
 20000219 1200 27.00 1 5
 20000220 1200 27.16 1 5
 20000221 1200 27.26 1 5
 20000222 1200 27.26 1 5
 20000223 1200 27.29 1 5
 20000224 1200 27.52 1 5
 20000225 1200 27.69 1 5
 20000226 1200 28.08 1 5
 20000227 1200 27.93 1 5
 20000228 1200 27.80 1 5
 20000229 1200 27.79 1 5
 20000301 1200 27.84 1 5
 20000302 1200 27.80 1 5
 20000303 1200 27.37 1 5
 20000304 1200 27.31 1 5
 20000305 1200 27.41 1 5
 20000306 1200 27.34 1 5
 20000307 1200 27.13 1 5
 20000308 1200 27.03 1 5
 20000309 1200 27.07 1 5
 20000310 1200 27.22 1 5
 20000311 1200 27.43 1 5
 20000312 1200 27.63 1 5
 20000313 1200 28.01 1 5
 20000314 1200 28.26 1 5
 20000315 1200 28.10 1 5
 20000316 1200 27.78 1 5
 20000317 1200 27.60 1 5
 20000318 1200 27.65 1 5
 20000319 1200 27.92 1 5
 20000320 1200 27.71 1 5
 20000321 1200 27.75 1 5
 20000322 1200 27.82 1 5
 20000323 1200 27.60 1 5
 20000324 1200 27.80 1 5
 20000325 1200 28.05 1 5
 20000326 1200 27.87 1 5
 20000327 1200 27.68 1 5
 20000328 1200 27.76 1 5
 20000329 1200 28.18 1 5
 20000330 1200 28.27 1 5
 20000331 1200 28.39 1 5
 20000401 1200 28.38 1 5
 20000402 1200 28.27 1 5
 20000403 1200 28.17 1 5
 20000404 1200 28.12 1 5
 20000405 1200 28.38 1 5
 20000406 1200 28.27 1 5
 20000407 1200 27.99 1 5
 20000408 1200 28.12 1 5
 20000409 1200 28.19 1 5
 20000410 1200 28.59 1 5
 20000411 1200 28.58 1 5
 20000412 1200 28.31 1 5
 20000413 1200 28.52 1 5
 20000414 1200 28.50 1 5
 20000415 1200 28.44 1 5
 20000416 1200 28.48 1 5
 20000417 1200 28.66 1 5
 20000418 1200 28.66 1 5
 20000419 1200 27.94 1 5
 20000420 1200 27.64 1 5
 20000421 1200 27.51 1 5
 20000422 1200 27.60 1 5
 20000423 1200 27.71 1 5
 20000424 1200 27.92 1 5
 20000425 1200 27.76 1 5
 20000426 1200 27.67 1 5
 20000427 1200 27.75 1 5
 20000428 1200 27.56 1 5
 20000429 1200 27.57 1 5
 20000430 1200 27.62 1 5
 20000501 1200 27.54 1 5
 20000502 1200 27.41 1 5
 20000503 1200 27.20 1 5
 20000504 1200 27.08 1 5
 20000505 1200 27.08 1 5
 20000506 1200 27.02 1 5
 20000507 1200 27.06 1 5
 20000508 1200 26.93 1 5
 20000509 1200 26.87 1 5
 20000510 1200 26.92 1 5
 20000511 1200 26.95 1 5
 20000512 1200 26.65 1 5
 20000513 1200 26.46 1 5
 20000514 1200 26.45 1 5
 20000515 1200 26.38 1 5
 20000516 1200 26.28 1 5
 20000517 1200 26.35 1 5
 20000518 1200 26.26 1 5
 20000519 1200 26.15 1 5
 20000520 1200 25.99 1 5
 20000521 1200 25.93 1 5
 20000522 1200 25.96 1 5
 20000523 1200 25.99 1 5
 20000524 1200 25.82 1 5
 20000525 1200 25.67 1 5
 20000526 1200 25.49 1 5
 20000527 1200 25.30 1 5
 20000528 1200 25.28 1 5
 20000529 1200 25.21 1 5
 20000530 1200 25.25 1 5
 20000531 1200 25.18 1 5
 20000601 1200 25.04 1 5
 20000602 1200 25.02 1 5
 20000603 1200 24.93 1 5
 20000604 1200 24.65 1 5
 20000605 1200 24.54 1 5
 20000606 1200 24.42 1 5
 20000607 1200 24.32 1 5
 20000608 1200 24.33 1 5
 20000609 1200 24.17 1 5
 20000610 1200 24.12 1 5
 20000611 1200 24.09 1 5
 20000612 1200 24.02 1 5
 20000613 1200 23.83 1 5
 20000614 1200 23.74 1 5
 20000615 1200 23.59 1 5
 20000616 1200 23.47 1 5
 20000617 1200 23.39 1 5
 20000618 1200 23.40 1 5
 20000619 1200 23.36 1 5
 20000620 1200 23.32 1 5
 20000621 1200 23.39 1 5
 20000622 1200 23.48 1 5
 20000623 1200 23.47 1 5
 20000624 1200 23.49 1 5
 20000625 1200 23.52 1 5
 20000626 1200 23.56 1 5
 20000627 1200 23.58 1 5
 20000628 1200 23.55 1 5
 20000629 1200 23.46 1 5
 20000630 1200 23.44 1 5
 20000701 1200 23.41 1 5
 20000702 1200 23.48 1 5
 20000703 1200 23.57 1 5
 20000704 1200 23.63 1 5
 20000705 1200 23.68 1 5
 20000706 1200 23.65 1 5
 20000707 1200 23.62 1 5
 20000708 1200 23.60 1 5
 20000709 1200 23.65 1 5
 20000710 1200 23.66 1 5
 20000711 1200 23.62 1 5
 20000712 1200 23.61 1 5
 20000713 1200 23.54 1 5
 20000714 1200 23.53 1 5
 20000715 1200 23.51 1 5
 20000716 1200 23.47 1 5
 20000717 1200 23.41 1 5
 20000718 1200 23.12 1 5
 20000719 1200 22.94 1 5
 20000720 1200 22.78 1 5
 20000721 1200 22.74 1 5
 20000722 1200 22.73 1 5
 20000723 1200 22.68 1 5
 20000724 1200 22.61 1 5
 20000725 1200 22.52 1 5
 20000726 1200 22.66 1 5
 20000727 1200 22.80 1 5
 20000728 1200 22.89 1 5
 20000729 1200 22.94 1 5
 20000730 1200 22.87 1 5
 20000731 1200 22.86 1 5
 20000801 1200 22.86 1 5
 20000802 1200 22.90 1 5
 20000803 1200 22.87 1 5
 20000804 1200 22.86 1 5
 20000805 1200 22.86 1 5
 20000806 1200 22.87 1 5
 20000807 1200 22.88 1 5
 20000808 1200 22.86 1 5
 20000809 1200 22.87 1 5
 20000810 1200 22.86 1 5
 20000811 1200 22.86 1 5
 20000812 1200 22.85 1 5
 20000813 1200 22.83 1 5
 20000814 1200 22.78 1 5
 20000815 1200 22.71 1 5
 20000816 1200 22.24 1 5
 20000817 1200 22.19 1 5
 20000818 1200 22.04 1 5
 20000819 1200 22.13 1 5
 20000820 1200 22.09 1 5
 20000821 1200 21.94 1 5
 20000822 1200 21.81 1 5
 20000823 1200 21.81 1 5
 20000824 1200 21.61 1 5
 20000825 1200 21.45 1 5
 20000826 1200 21.11 1 5
 20000827 1200 21.01 1 5
 20000828 1200 21.01 1 5
 20000829 1200 21.07 1 5
 20000830 1200 21.16 1 5
 20000831 1200 21.38 1 5
 20000901 1200 21.41 1 5
 20000902 1200 21.49 1 5
 20000903 1200 21.60 1 5
 20000904 1200 21.73 1 5
 20000905 1200 21.85 1 5
 20000906 1200 21.92 1 5
 20000907 1200 21.97 1 5
 20000908 1200 21.98 1 5
 20000909 1200 21.97 1 5
 20000910 1200 21.96 1 5
 20000911 1200 21.84 1 5
 20000912 1200 21.73 1 5
 20000913 1200 21.60 1 5
 20000914 1200 21.61 1 5
 20000915 1200 21.60 1 5
 20000916 1200 21.74 1 5
 20000917 1200 21.60 1 5
 20000918 1200 21.59 1 5
 20000919 1200 21.59 1 5
 20000920 1200 21.55 1 5
 20000921 1200 21.52 1 5
 20000922 1200 21.40 1 5
 20000923 1200 20.87 1 5
 20000924 1200 20.69 1 5
 20000925 1200 20.85 1 5
 20000926 1200 20.93 1 5
 20000927 1200 21.15 1 5
 20000928 1200 21.27 1 5
 20000929 1200 21.24 1 5
 20000930 1200 21.18 1 5
 20001001 1200 21.22 1 5
 20001002 1200 21.34 1 5
 20001003 1200 21.41 1 5
 20001004 1200 21.46 1 5
 20001005 1200 21.32 1 5
 20001006 1200 21.25 1 5
 20001007 1200 21.29 1 5
 20001008 1200 21.36 1 5
 20001009 1200 21.45 1 5
 20001010 1200 21.55 1 5
 20001011 1200 21.68 1 5
 20001012 1200 21.82 1 5
 20001013 1200 21.89 1 5
 20001014 1200 21.96 1 5
 20001015 1200 21.96 1 5
 20001016 1200 21.99 1 5
 20001017 1200 21.95 1 5
 20001018 1200 21.80 1 5
 20001019 1200 21.83 1 5
 20001020 1200 21.87 1 5
 20001021 1200 21.96 1 5
 20001022 1200 22.01 1 5
 20001023 1200 21.83 1 5
 20001024 1200 21.80 1 5
 20001025 1200 21.90 1 5
 20001026 1200 21.95 1 5
 20001027 1200 21.94 1 5
 20001028 1200 21.84 1 5
 20001029 1200 21.84 1 5
 20001030 1200 21.91 1 5
 20001031 1200 22.09 1 5
 20001101 1200 21.98 1 5
 20001102 1200 21.98 1 5
 20001103 1200 22.14 1 5
 20001104 1200 22.06 1 5
 20001105 1200 22.05 1 5
 20001106 1200 22.11 1 5
 20001107 1200 22.20 1 5
 20001108 1200 22.15 1 5
 20001109 1200 21.84 1 5
 20001110 1200 21.67 1 5
 20001111 1200 21.72 1 5
 20001112 1200 21.76 1 5
 20001113 1200 22.01 1 5
 20001114 1200 22.06 1 5
 20001115 1200 22.08 1 5
 20001116 1200 22.18 1 5
 20001117 1200 22.24 1 5
 20001118 1200 22.11 1 5
 20001119 1200 22.17 1 5
 20001120 1200 22.25 1 5
 20001121 1200 22.34 1 5
 20001122 1200 22.39 1 5
 20001123 1200 22.42 1 5
 20001124 1200 22.39 1 5
 20001125 1200 22.45 1 5
 20001126 1200 22.50 1 5
 20001127 1200 22.53 1 5
 20001128 1200 22.63 1 5
 20001129 1200 22.72 1 5
 20001130 1200 22.86 1 5
 20001201 1200 22.88 1 5
 20001202 1200 22.95 1 5
 20001203 1200 23.01 1 5
 20001204 1200 23.09 1 5
 20001205 1200 23.26 1 5
 20001206 1200 23.36 1 5
 20001207 1200 23.39 1 5
 20001208 1200 23.33 1 5
 20001209 1200 23.32 1 5
 20001210 1200 23.41 1 5
 20001211 1200 23.32 1 5
 20001212 1200 23.25 1 5
 20001213 1200 23.20 1 5
 20001214 1200 23.19 1 5
 20001215 1200 23.32 1 5
 20001216 1200 23.42 1 5
 20001217 1200 23.47 1 5
 20001218 1200 23.45 1 5
 20001219 1200 23.51 1 5
 20001220 1200 23.53 1 5
 20001221 1200 23.64 1 5
 20001222 1200 23.87 1 5
 20001223 1200 23.93 1 5
 20001224 1200 23.97 1 5
 20001225 1200 24.02 1 5
 20001226 1200 24.08 1 5
 20001227 1200 24.20 1 5
 20001228 1200 24.22 1 5
 20001229 1200 24.28 1 5
 20001230 1200 24.36 1 5
 20001231 1200 24.38 1 5
 20010101 1200 24.35 1 5
 20010102 1200 24.40 1 5
 20010103 1200 24.62 1 5
 20010104 1200 24.68 1 5
 20010105 1200 24.25 1 5
 20010106 1200 24.08 1 5
 20010107 1200 24.02 1 5
 20010108 1200 23.98 1 5
 20010109 1200 23.72 1 5
 20010110 1200 23.76 1 5
 20010111 1200 23.92 1 5
 20010112 1200 24.04 1 5
 20010113 1200 24.05 1 5
 20010114 1200 24.17 1 5
 20010115 1200 24.21 1 5
 20010116 1200 24.25 1 5
 20010117 1200 24.31 1 5
 20010118 1200 24.40 1 5
 20010119 1200 24.63 1 5
 20010120 1200 24.68 1 5
 20010121 1200 24.86 1 5
 20010122 1200 25.02 1 5
 20010123 1200 25.02 1 5
 20010124 1200 25.07 1 5
 20010125 1200 25.47 1 5
 20010126 1200 25.25 1 5
 20010127 1200 25.37 1 5
 20010128 1200 25.65 1 5
 20010129 1200 25.83 1 5
 20010130 1200 25.84 1 5
 20010131 1200 25.89 1 5
 20010201 1200 25.97 1 5
 20010202 1200 26.09 1 5
 20010203 1200 26.26 1 5
 20010204 1200 26.51 1 5
 20010205 1200 26.56 1 5
 20010206 1200 26.86 1 5
 20010207 1200 26.90 1 5
 20010208 1200 26.88 1 5
 20010209 1200 26.70 1 5
 20010210 1200 26.80 1 5
 20010211 1200 26.82 1 5
 20010212 1200 26.78 1 5
 20010213 1200 26.72 1 5
 20010214 1200 26.82 1 5
 20010215 1200 26.91 1 5
 20010216 1200 26.77 1 5
 20010217 1200 26.77 1 5
 20010218 1200 26.87 1 5
 20010219 1200 26.88 1 5
 20010220 1200 26.77 1 5
 20010221 1200 27.73 1 5
 20010222 1200 27.79 1 5
 20010223 1200 27.77 1 5
 20010224 1200 27.50 1 5
 20010225 1200 27.53 1 5
 20010226 1200 27.42 1 5
 20010227 1200 27.44 1 5
 20010228 1200 27.27 1 5
 20010301 1200 27.50 1 5
 20010302 1200 27.75 1 5
 20010303 1200 27.54 1 5
 20010304 1200 27.74 1 5
 20010305 1200 27.72 1 5
 20010306 1200 27.98 1 5
 20010307 1200 28.02 1 5
 20010308 1200 27.72 1 5
 20010309 1200 27.63 1 5
 20010310 1200 28.27 1 5
 20010311 1200 27.93 1 5
 20010312 1200 27.91 1 5
 20010313 1200 28.33 1 5
 20010314 1200 28.38 1 5
 20010315 1200 28.25 1 5
 20010316 1200 28.38 1 5
 20010317 1200 28.54 1 5
 20010318 1200 28.45 1 5
 20010319 1200 28.42 1 5
 20010320 1200 28.42 1 5
 20010321 1200 28.60 1 5
 20010322 1200 28.74 1 5
 20010323 1200 28.54 1 5
 20010324 1200 28.43 1 5
 20010325 1200 28.71 1 5
 20010326 1200 28.61 1 5
 20010327 1200 28.81 1 5
 20010328 1200 28.81 1 5
 20010329 1200 28.67 1 5
 20010330 1200 28.54 1 5
 20010331 1200 28.33 1 5
 20010401 1200 28.31 1 5
 20010402 1200 28.55 1 5
 20010403 1200 28.58 1 5
 20010404 1200 28.49 1 5
 20010405 1200 28.40 1 5
 20010406 1200 28.26 1 5
 20010407 1200 28.24 1 5
 20010408 1200 28.66 1 5
 20010409 1200 28.72 1 5
 20010410 1200 28.32 1 5
 20010411 1200 28.17 1 5
 20010412 1200 28.19 1 5
 20010413 1200 27.97 1 5
 20010414 1200 28.06 1 5
 20010415 1200 28.02 1 5
 20010416 1200 27.86 1 5
 20010417 1200 27.77 1 5
 20010418 1200 27.75 1 5
 20010419 1200 27.65 1 5
 20010420 1200 27.58 1 5
 20010421 1200 27.51 1 5
 20010422 1200 27.44 1 5
 20010423 1200 27.42 1 5
 20010424 1200 27.52 1 5
 20010425 1200 27.58 1 5
 20010426 1200 27.48 1 5
 20010427 1200 27.35 1 5
 20010428 1200 27.00 1 5
 20010429 1200 26.99 1 5
 20010430 1200 27.06 1 5
 20010501 1200 27.04 1 5
 20010502 1200 27.08 1 5
 20010503 1200 26.96 1 5
 20010504 1200 26.52 1 5
 20010505 1200 26.22 1 5
 20010506 1200 26.17 1 5
 20010507 1200 25.68 1 5
 20010508 1200 25.63 1 5
 20010509 1200 25.55 1 5
 20010510 1200 25.62 1 5
 20010511 1200 25.63 1 5
 20010512 1200 25.68 1 5
 20010513 1200 25.67 1 5
 20010514 1200 25.58 1 5
 20010515 1200 25.35 1 5
 20010516 1200 25.17 1 5
 20010517 1200 24.94 1 5
 20010518 1200 25.09 1 5
 20010519 1200 24.97 1 5
 20010520 1200 24.93 1 5
 20010521 1200 24.83 1 5
 20010522 1200 24.83 1 5
 20010523 1200 24.91 1 5
 20010524 1200 25.17 1 5
 20010525 1200 25.27 1 5
 20010526 1200 25.15 1 5
 20010527 1200 25.02 1 5
 20010528 1200 25.00 1 5
 20010529 1200 24.97 1 5
 20010530 1200 24.98 1 5
 20010531 1200 24.93 1 5
 20010601 1200 24.82 1 5
 20010602 1200 24.90 1 5
 20010603 1200 24.99 1 5
 20010604 1200 25.04 1 5
 20010605 1200 25.12 1 5
 20010606 1200 25.14 1 5
 20010607 1200 25.23 1 5
 20010608 1200 25.26 1 5
 20010609 1200 25.27 1 5
 20010610 1200 25.24 1 5
 20010611 1200 25.13 1 5
 20010612 1200 25.09 1 5
 20010613 1200 25.09 1 5
 20010614 1200 25.06 1 5
 20010615 1200 25.06 1 5
 20010616 1200 25.02 1 5
 20010617 1200 25.01 1 5
 20010618 1200 24.99 1 5
 20010619 1200 24.93 1 5
 20010620 1200 24.92 1 5
 20010621 1200 24.89 1 5
 20010622 1200 24.88 1 5
 20010623 1200 24.85 1 5
 20010624 1200 24.69 1 5
 20010625 1200 24.57 1 5
 20010626 1200 24.53 1 5
 20010627 1200 24.54 1 5
 20010628 1200 24.55 1 5
 20010629 1200 24.32 1 5
 20010630 1200 24.15 1 5
 20010701 1200 24.14 1 5
 20010702 1200 24.31 1 5
 20010703 1200 24.22 1 5
 20010704 1200 24.09 1 5
 20010705 1200 24.17 1 5
 20010706 1200 24.21 1 5
 20010707 1200 24.18 1 5
 20010708 1200 24.14 1 5
 20010709 1200 24.04 1 5
 20010710 1200 23.97 1 5
 20010711 1200 23.90 1 5
 20010712 1200 23.82 1 5
 20010713 1200 23.77 1 5
 20010714 1200 23.92 1 5
 20010715 1200 23.94 1 5
 20010716 1200 24.02 1 5
 20010717 1200 24.15 1 5
 20010718 1200 24.15 1 5
 20010719 1200 23.94 1 5
 20010720 1200 23.05 1 5
 20010721 1200 22.21 1 5
 20010722 1200 22.19 1 5
 20010723 1200 22.18 1 5
 20010724 1200 22.23 1 5
 20010725 1200 22.23 1 5
 20010726 1200 22.34 1 5
 20010727 1200 22.37 1 5
 20010728 1200 22.33 1 5
 20010729 1200 22.32 1 5
 20010730 1200 22.15 1 5
 20010731 1200 21.91 1 5
 20010801 1200 21.95 1 5
 20010802 1200 22.01 1 5
 20010803 1200 22.10 1 5
 20010804 1200 22.26 1 5
 20010805 1200 22.27 1 5
 20010806 1200 22.08 1 5
 20010807 1200 22.21 1 5
 20010808 1200 22.24 1 5
 20010809 1200 22.28 1 5
 20010810 1200 22.08 1 5
 20010811 1200 22.15 1 5
 20010812 1200 22.22 1 5
 20010813 1200 22.12 1 5
 20010814 1200 21.60 1 5
 20010815 1200 21.27 1 5
 20010816 1200 21.01 1 5
 20010817 1200 20.92 1 5
 20010818 1200 20.86 1 5
 20010819 1200 20.79 1 5
 20010820 1200 20.79 1 5
 20010821 1200 20.78 1 5
 20010822 1200 20.88 1 5
 20010823 1200 21.00 1 5
 20010824 1200 21.07 1 5
 20010825 1200 21.09 1 5
 20010826 1200 21.04 1 5
 20010827 1200 21.03 1 5
 20010828 1200 21.08 1 5
 20010829 1200 21.21 1 5
 20010830 1200 21.32 1 5
 20010831 1200 21.40 1 5
 20010901 1200 21.45 1 5
 20010902 1200 21.38 1 5
 20010903 1200 21.41 1 5
 20010904 1200 21.47 1 5
 20010905 1200 21.44 1 5
 20010906 1200 21.46 1 5
 20010907 1200 21.46 1 5
 20010908 1200 21.45 1 5
 20010909 1200 21.44 1 5
 20010910 1200 21.56 1 5
 20010911 1200 21.73 1 5
 20010912 1200 21.74 1 5
 20010913 1200 21.87 1 5
 20010914 1200 21.88 1 5
 20010915 1200 21.85 1 5
 Time: 1200 29 Nov 2001 to 1200 20 Aug 2002 (index   699 to   963,  265 times)
 Depth (M):        1 QUALITY SOURCE
 YYYYMMDD HHMM   SST Q S
 20011129 1200 21.99 1 5
 20011130 1200 22.03 1 5
 20011201 1200 22.01 1 5
 20011202 1200 22.05 1 5
 20011203 1200 22.11 1 5
 20011204 1200 22.13 1 5
 20011205 1200 22.17 1 5
 20011206 1200 22.15 1 5
 20011207 1200 22.14 1 5
 20011208 1200 22.16 1 5
 20011209 1200 22.24 1 5
 20011210 1200 22.24 1 5
 20011211 1200 22.33 1 5
 20011212 1200 22.32 1 5
 20011213 1200 22.35 1 5
 20011214 1200 22.33 1 5
 20011215 1200 22.35 1 5
 20011216 1200 22.48 1 5
 20011217 1200 22.57 1 5
 20011218 1200 22.60 1 5
 20011219 1200 22.59 1 5
 20011220 1200 22.66 1 5
 20011221 1200 22.75 1 5
 20011222 1200 22.76 1 5
 20011223 1200 22.83 1 5
 20011224 1200 22.93 1 5
 20011225 1200 22.87 1 5
 20011226 1200 22.83 1 5
 20011227 1200 22.96 1 5
 20011228 1200 23.05 1 5
 20011229 1200 23.13 1 5
 20011230 1200 23.29 1 5
 20011231 1200 23.37 1 5
 20020101 1200 23.36 1 5
 20020102 1200 23.63 1 5
 20020103 1200 23.63 1 5
 20020104 1200 23.59 1 5
 20020105 1200 23.65 1 5
 20020106 1200 23.73 1 5
 20020107 1200 23.79 1 5
 20020108 1200 23.86 1 5
 20020109 1200 23.91 1 5
 20020110 1200 23.86 1 5
 20020111 1200 23.82 1 5
 20020112 1200 23.81 1 5
 20020113 1200 23.94 1 5
 20020114 1200 23.92 1 5
 20020115 1200 24.05 1 5
 20020116 1200 24.20 1 5
 20020117 1200 24.27 1 5
 20020118 1200 24.45 1 5
 20020119 1200 24.54 1 5
 20020120 1200 24.63 1 5
 20020121 1200 24.79 1 5
 20020122 1200 24.84 1 5
 20020123 1200 24.78 1 5
 20020124 1200 24.82 1 5
 20020125 1200 24.82 1 5
 20020126 1200 24.86 1 5
 20020127 1200 24.94 1 5
 20020128 1200 25.00 1 5
 20020129 1200 25.08 1 5
 20020130 1200 25.12 1 5
 20020131 1200 25.30 1 5
 20020201 1200 25.32 1 5
 20020202 1200 25.45 1 5
 20020203 1200 25.49 1 5
 20020204 1200 25.49 1 5
 20020205 1200 25.60 1 5
 20020206 1200 25.69 1 5
 20020207 1200 25.69 1 5
 20020208 1200 25.76 1 5
 20020209 1200 25.75 1 5
 20020210 1200 25.96 1 5
 20020211 1200 26.06 1 5
 20020212 1200 26.12 1 5
 20020213 1200 26.06 1 5
 20020214 1200 26.20 1 5
 20020215 1200 26.43 1 5
 20020216 1200 26.57 1 5
 20020217 1200 26.34 1 5
 20020218 1200 26.19 1 5
 20020219 1200 26.34 1 5
 20020220 1200 26.34 1 5
 20020221 1200 26.21 1 5
 20020222 1200 26.25 1 5
 20020223 1200 26.39 1 5
 20020224 1200 26.48 1 5
 20020225 1200 26.54 1 5
 20020226 1200 26.55 1 5
 20020227 1200 26.64 1 5
 20020228 1200 26.71 1 5
 20020301 1200 26.80 1 5
 20020302 1200 26.98 1 5
 20020303 1200 26.99 1 5
 20020304 1200 27.04 1 5
 20020305 1200 27.12 1 5
 20020306 1200 27.25 1 5
 20020307 1200 27.38 1 5
 20020308 1200 27.82 1 5
 20020309 1200 28.26 1 5
 20020310 1200 27.77 1 5
 20020311 1200 27.70 1 5
 20020312 1200 27.48 1 5
 20020313 1200 27.67 1 5
 20020314 1200 27.94 1 5
 20020315 1200 27.78 1 5
 20020316 1200 27.86 1 5
 20020317 1200 27.93 1 5
 20020318 1200 27.71 1 5
 20020319 1200 27.39 1 5
 20020320 1200 27.50 1 5
 20020321 1200 27.34 1 5
 20020322 1200 26.87 1 5
 20020323 1200 26.86 1 5
 20020324 1200 27.19 1 5
 20020325 1200 27.11 1 5
 20020326 1200 27.12 1 5
 20020327 1200 27.17 1 5
 20020328 1200 27.38 1 5
 20020329 1200 27.48 1 5
 20020330 1200 27.80 1 5
 20020331 1200 27.93 1 5
 20020401 1200 27.86 1 5
 20020402 1200 27.79 1 5
 20020403 1200 27.69 1 5
 20020404 1200 27.76 1 5
 20020405 1200 27.96 1 5
 20020406 1200 27.84 1 5
 20020407 1200 27.65 1 5
 20020408 1200 27.49 1 5
 20020409 1200 27.93 1 5
 20020410 1200 28.04 1 5
 20020411 1200 27.99 1 5
 20020412 1200 27.94 1 5
 20020413 1200 27.92 1 5
 20020414 1200 27.84 1 5
 20020415 1200 27.76 1 5
 20020416 1200 27.75 1 5
 20020417 1200 27.72 1 5
 20020418 1200 27.83 1 5
 20020419 1200 27.77 1 5
 20020420 1200 27.79 1 5
 20020421 1200 27.72 1 5
 20020422 1200 27.53 1 5
 20020423 1200 27.26 1 5
 20020424 1200 27.26 1 5
 20020425 1200 27.16 1 5
 20020426 1200 26.93 1 5
 20020427 1200 26.63 1 5
 20020428 1200 26.28 1 5
 20020429 1200 26.47 1 5
 20020430 1200 26.48 1 5
 20020501 1200 26.58 1 5
 20020502 1200 26.64 1 5
 20020503 1200 26.64 1 5
 20020504 1200 26.66 1 5
 20020505 1200 26.73 1 5
 20020506 1200 26.86 1 5
 20020507 1200 26.88 1 5
 20020508 1200 26.90 1 5
 20020509 1200 26.89 1 5
 20020510 1200 26.97 1 5
 20020511 1200 27.02 1 5
 20020512 1200 27.04 1 5
 20020513 1200 27.02 1 5
 20020514 1200 27.05 1 5
 20020515 1200 27.07 1 5
 20020516 1200 27.06 1 5
 20020517 1200 26.97 1 5
 20020518 1200 26.70 1 5
 20020519 1200 26.61 1 5
 20020520 1200 26.61 1 5
 20020521 1200 26.42 1 5
 20020522 1200 26.01 1 5
 20020523 1200 26.06 1 5
 20020524 1200 26.26 1 5
 20020525 1200 26.48 1 5
 20020526 1200 25.87 1 5
 20020527 1200 25.96 1 5
 20020528 1200 26.07 1 5
 20020529 1200 25.60 1 5
 20020530 1200 25.40 1 5
 20020531 1200 25.44 1 5
 20020601 1200 25.70 1 5
 20020602 1200 25.80 1 5
 20020603 1200 25.92 1 5
 20020604 1200 25.98 1 5
 20020605 1200 26.02 1 5
 20020606 1200 26.06 1 5
 20020607 1200 26.10 1 5
 20020608 1200 26.23 1 5
 20020609 1200 26.35 1 5
 20020610 1200 26.46 1 5
 20020611 1200 26.46 1 5
 20020612 1200 26.43 1 5
 20020613 1200 26.37 1 5
 20020614 1200 26.25 1 5
 20020615 1200 26.25 1 5
 20020616 1200 26.22 1 5
 20020617 1200 26.07 1 5
 20020618 1200 25.97 1 5
 20020619 1200 25.82 1 5
 20020620 1200 25.61 1 5
 20020621 1200 25.35 1 5
 20020622 1200 25.27 1 5
 20020623 1200 25.36 1 5
 20020624 1200 25.45 1 5
 20020625 1200 25.28 1 5
 20020626 1200 24.81 1 5
 20020627 1200 24.15 1 5
 20020628 1200 24.17 1 5
 20020629 1200 24.09 1 5
 20020630 1200 24.06 1 5
 20020701 1200 24.00 1 5
 20020702 1200 24.09 1 5
 20020703 1200 24.03 1 5
 20020704 1200 23.81 1 5
 20020705 1200 23.96 1 5
 20020706 1200 24.03 1 5
 20020707 1200 24.02 1 5
 20020708 1200 23.89 1 5
 20020709 1200 23.82 1 5
 20020710 1200 23.88 1 5
 20020711 1200 23.92 1 5
 20020712 1200 23.95 1 5
 20020713 1200 23.96 1 5
 20020714 1200 24.14 1 5
 20020715 1200 24.31 1 5
 20020716 1200 24.36 1 5
 20020717 1200 24.36 1 5
 20020718 1200 24.36 1 5
 20020719 1200 24.24 1 5
 20020720 1200 24.01 1 5
 20020721 1200 24.04 1 5
 20020722 1200 23.82 1 5
 20020723 1200 23.24 1 5
 20020724 1200 23.24 1 5
 20020725 1200 22.97 1 5
 20020726 1200 22.96 1 5
 20020727 1200 23.16 1 5
 20020728 1200 23.25 1 5
 20020729 1200 23.33 1 5
 20020730 1200 23.41 1 5
 20020731 1200 23.57 1 5
 20020801 1200 23.68 1 5
 20020802 1200 23.73 1 5
 20020803 1200 23.74 1 5
 20020804 1200 23.74 1 5
 20020805 1200 23.78 1 5
 20020806 1200 23.82 1 5
 20020807 1200 23.78 1 5
 20020808 1200 23.67 1 5
 20020809 1200 23.75 1 5
 20020810 1200 23.71 1 5
 20020811 1200 23.69 1 5
 20020812 1200 23.67 1 5
 20020813 1200 23.57 1 5
 20020814 1200 23.58 1 5
 20020815 1200 23.58 1 5
 20020816 1200 23.59 1 5
 20020817 1200 23.44 1 5
 20020818 1200 23.43 1 5
 20020819 1200 23.53 1 5
 20020820 1200 23.53 1 5
 Time: 1200 22 Oct 2002 to 1200 12 Apr 2003 (index  1026 to  1198,  173 times)
 Depth (M):        1 QUALITY SOURCE
 YYYYMMDD HHMM   SST Q S
 20021022 1200 22.55 2 1
 20021023 1200 22.52 2 1
 20021024 1200 22.52 2 1
 20021025 1200 22.53 2 1
 20021026 1200 22.60 2 1
 20021027 1200 22.64 2 1
 20021028 1200 22.69 2 1
 20021029 1200 -9.99 0 0
 20021030 1200 22.80 2 1
 20021031 1200 22.87 2 1
 20021101 1200 22.95 2 1
 20021102 1200 23.03 2 1
 20021103 1200 23.03 2 1
 20021104 1200 23.09 2 1
 20021105 1200 23.13 2 1
 20021106 1200 23.18 2 1
 20021107 1200 23.15 2 1
 20021108 1200 23.10 2 1
 20021109 1200 22.99 2 1
 20021110 1200 22.89 2 1
 20021111 1200 22.96 2 1
 20021112 1200 23.07 2 1
 20021113 1200 23.27 2 1
 20021114 1200 23.42 2 1
 20021115 1200 23.38 2 1
 20021116 1200 23.40 2 1
 20021117 1200 23.42 2 1
 20021118 1200 23.42 2 1
 20021119 1200 23.44 2 1
 20021120 1200 23.48 2 1
 20021121 1200 23.46 2 1
 20021122 1200 23.39 2 1
 20021123 1200 23.40 2 1
 20021124 1200 23.51 2 1
 20021125 1200 23.55 2 1
 20021126 1200 23.64 2 1
 20021127 1200 23.65 2 1
 20021128 1200 23.61 2 1
 20021129 1200 23.61 2 1
 20021130 1200 23.68 2 1
 20021201 1200 23.75 2 1
 20021202 1200 23.75 2 1
 20021203 1200 23.68 2 1
 20021204 1200 23.68 2 1
 20021205 1200 23.71 2 1
 20021206 1200 23.72 2 1
 20021207 1200 23.70 2 1
 20021208 1200 23.71 2 1
 20021209 1200 23.72 2 1
 20021210 1200 23.76 2 1
 20021211 1200 23.76 2 1
 20021212 1200 23.81 2 1
 20021213 1200 23.86 2 1
 20021214 1200 24.02 2 1
 20021215 1200 24.06 2 1
 20021216 1200 23.98 2 1
 20021217 1200 23.97 2 1
 20021218 1200 24.05 2 1
 20021219 1200 24.03 2 1
 20021220 1200 23.99 2 1
 20021221 1200 24.02 2 1
 20021222 1200 23.98 2 1
 20021223 1200 23.95 2 1
 20021224 1200 24.00 2 1
 20021225 1200 24.12 2 1
 20021226 1200 24.19 2 1
 20021227 1200 24.21 2 1
 20021228 1200 24.24 2 1
 20021229 1200 24.33 2 1
 20021230 1200 24.33 2 1
 20021231 1200 24.37 2 1
 20030101 1200 24.37 2 1
 20030102 1200 24.38 2 1
 20030103 1200 24.42 2 1
 20030104 1200 24.47 2 1
 20030105 1200 24.51 2 1
 20030106 1200 24.60 2 1
 20030107 1200 24.67 2 1
 20030108 1200 24.69 2 1
 20030109 1200 24.69 2 1
 20030110 1200 24.75 2 1
 20030111 1200 24.74 2 1
 20030112 1200 24.86 2 1
 20030113 1200 24.96 2 1
 20030114 1200 25.07 2 1
 20030115 1200 25.17 2 1
 20030116 1200 25.20 2 1
 20030117 1200 25.27 2 1
 20030118 1200 25.43 2 1
 20030119 1200 25.49 2 1
 20030120 1200 25.45 2 1
 20030121 1200 25.47 2 1
 20030122 1200 25.45 2 1
 20030123 1200 25.36 2 1
 20030124 1200 25.29 2 1
 20030125 1200 25.39 2 1
 20030126 1200 25.50 2 1
 20030127 1200 25.44 2 1
 20030128 1200 25.50 2 1
 20030129 1200 25.79 2 1
 20030130 1200 26.09 2 1
 20030131 1200 26.16 2 1
 20030201 1200 26.11 2 1
 20030202 1200 26.14 2 1
 20030203 1200 26.19 2 1
 20030204 1200 26.15 2 1
 20030205 1200 26.23 2 1
 20030206 1200 26.41 2 1
 20030207 1200 26.54 2 1
 20030208 1200 26.55 2 1
 20030209 1200 26.55 2 1
 20030210 1200 26.59 2 1
 20030211 1200 26.59 2 1
 20030212 1200 26.65 2 1
 20030213 1200 26.75 2 1
 20030214 1200 26.76 2 1
 20030215 1200 26.81 2 1
 20030216 1200 26.97 2 1
 20030217 1200 27.06 2 1
 20030218 1200 26.91 2 1
 20030219 1200 26.78 2 1
 20030220 1200 26.65 2 1
 20030221 1200 26.62 2 1
 20030222 1200 26.56 2 1
 20030223 1200 26.39 2 1
 20030224 1200 25.89 2 1
 20030225 1200 25.73 2 1
 20030226 1200 25.93 2 1
 20030227 1200 26.40 2 1
 20030228 1200 26.61 2 1
 20030301 1200 26.61 2 1
 20030302 1200 26.68 2 1
 20030303 1200 26.78 2 1
 20030304 1200 26.85 2 1
 20030305 1200 26.75 2 1
 20030306 1200 26.82 2 1
 20030307 1200 26.89 2 1
 20030308 1200 26.84 2 1
 20030309 1200 26.93 2 1
 20030310 1200 27.08 2 1
 20030311 1200 26.98 2 1
 20030312 1200 27.03 2 1
 20030313 1200 27.07 2 1
 20030314 1200 27.16 2 1
 20030315 1200 27.26 2 1
 20030316 1200 27.33 2 1
 20030317 1200 27.46 2 1
 20030318 1200 27.53 2 1
 20030319 1200 27.43 2 1
 20030320 1200 27.45 2 1
 20030321 1200 27.51 2 1
 20030322 1200 27.55 2 1
 20030323 1200 27.49 2 1
 20030324 1200 27.26 2 1
 20030325 1200 27.11 2 1
 20030326 1200 27.09 2 1
 20030327 1200 27.13 2 1
 20030328 1200 27.36 2 1
 20030329 1200 27.30 2 1
 20030330 1200 27.36 2 1
 20030331 1200 27.26 2 1
 20030401 1200 27.08 2 1
 20030402 1200 26.84 2 1
 20030403 1200 26.76 2 1
 20030404 1200 26.66 2 1
 20030405 1200 26.63 2 1
 20030406 1200 26.64 2 1
 20030407 1200 26.64 2 1
 20030408 1200 26.78 2 1
 20030409 1200 27.01 2 1
 20030410 1200 27.25 2 1
 20030411 1200 27.44 2 1
 20030412 1200 27.44 2 1
 Time: 1200  5 Nov 2003 to 1200  9 Jul 2006 (index  1405 to  2382,  978 times)
 Depth (M):        1 QUALITY SOURCE
 YYYYMMDD HHMM   SST Q S
 20031105 1200 22.67 1 5
 20031106 1200 22.77 1 5
 20031107 1200 22.83 1 5
 20031108 1200 22.89 1 5
 20031109 1200 22.94 1 5
 20031110 1200 22.79 1 5
 20031111 1200 22.69 1 5
 20031112 1200 22.67 1 5
 20031113 1200 22.66 1 5
 20031114 1200 22.64 1 5
 20031115 1200 22.62 1 5
 20031116 1200 22.62 1 5
 20031117 1200 22.72 1 5
 20031118 1200 22.69 1 5
 20031119 1200 22.69 1 5
 20031120 1200 22.75 1 5
 20031121 1200 22.78 1 5
 20031122 1200 22.85 1 5
 20031123 1200 22.82 1 5
 20031124 1200 22.85 1 5
 20031125 1200 23.01 1 5
 20031126 1200 23.05 1 5
 20031127 1200 23.08 1 5
 20031128 1200 23.08 1 5
 20031129 1200 23.11 1 5
 20031130 1200 23.21 1 5
 20031201 1200 23.23 1 5
 20031202 1200 23.21 1 5
 20031203 1200 23.26 1 5
 20031204 1200 23.32 1 5
 20031205 1200 23.32 1 5
 20031206 1200 23.35 1 5
 20031207 1200 23.33 1 5
 20031208 1200 23.32 1 5
 20031209 1200 23.33 1 5
 20031210 1200 23.23 1 5
 20031211 1200 23.28 1 5
 20031212 1200 23.39 1 5
 20031213 1200 23.41 1 5
 20031214 1200 23.37 1 5
 20031215 1200 23.35 1 5
 20031216 1200 23.37 1 5
 20031217 1200 23.45 1 5
 20031218 1200 23.47 1 5
 20031219 1200 23.48 1 5
 20031220 1200 23.68 1 5
 20031221 1200 23.84 1 5
 20031222 1200 23.86 1 5
 20031223 1200 23.88 1 5
 20031224 1200 23.95 1 5
 20031225 1200 24.03 1 5
 20031226 1200 24.10 1 5
 20031227 1200 24.08 1 5
 20031228 1200 24.13 1 5
 20031229 1200 24.33 1 5
 20031230 1200 24.38 1 5
 20031231 1200 24.33 1 5
 20040101 1200 24.25 1 5
 20040102 1200 24.24 1 5
 20040103 1200 24.45 1 5
 20040104 1200 24.52 1 5
 20040105 1200 24.47 1 5
 20040106 1200 24.42 1 5
 20040107 1200 24.60 1 5
 20040108 1200 24.74 1 5
 20040109 1200 24.90 1 5
 20040110 1200 24.95 1 5
 20040111 1200 25.03 1 5
 20040112 1200 25.05 1 5
 20040113 1200 25.13 1 5
 20040114 1200 25.21 1 5
 20040115 1200 25.32 1 5
 20040116 1200 25.35 1 5
 20040117 1200 25.39 1 5
 20040118 1200 25.51 1 5
 20040119 1200 25.68 1 5
 20040120 1200 25.68 1 5
 20040121 1200 25.92 1 5
 20040122 1200 26.04 1 5
 20040123 1200 25.85 1 5
 20040124 1200 25.91 1 5
 20040125 1200 25.86 1 5
 20040126 1200 25.81 1 5
 20040127 1200 25.80 1 5
 20040128 1200 25.90 1 5
 20040129 1200 25.93 1 5
 20040130 1200 25.92 1 5
 20040131 1200 25.98 1 5
 20040201 1200 26.15 1 5
 20040202 1200 26.52 1 5
 20040203 1200 26.49 1 5
 20040204 1200 26.51 1 5
 20040205 1200 26.55 1 5
 20040206 1200 26.58 1 5
 20040207 1200 26.69 1 5
 20040208 1200 26.73 1 5
 20040209 1200 26.75 1 5
 20040210 1200 26.73 1 5
 20040211 1200 26.41 1 5
 20040212 1200 26.76 1 5
 20040213 1200 26.89 1 5
 20040214 1200 26.93 1 5
 20040215 1200 27.07 1 5
 20040216 1200 27.13 1 5
 20040217 1200 26.98 1 5
 20040218 1200 27.04 1 5
 20040219 1200 27.12 1 5
 20040220 1200 27.09 1 5
 20040221 1200 27.18 1 5
 20040222 1200 27.54 1 5
 20040223 1200 27.60 1 5
 20040224 1200 27.51 1 5
 20040225 1200 27.61 1 5
 20040226 1200 27.66 1 5
 20040227 1200 27.91 1 5
 20040228 1200 27.91 1 5
 20040229 1200 27.82 1 5
 20040301 1200 27.65 1 5
 20040302 1200 27.59 1 5
 20040303 1200 27.50 1 5
 20040304 1200 27.83 1 5
 20040305 1200 28.19 1 5
 20040306 1200 28.03 1 5
 20040307 1200 27.87 1 5
 20040308 1200 27.85 1 5
 20040309 1200 28.17 1 5
 20040310 1200 28.06 1 5
 20040311 1200 28.03 1 5
 20040312 1200 28.21 1 5
 20040313 1200 28.29 1 5
 20040314 1200 28.09 1 5
 20040315 1200 28.10 1 5
 20040316 1200 28.00 1 5
 20040317 1200 28.00 1 5
 20040318 1200 28.02 1 5
 20040319 1200 27.63 1 5
 20040320 1200 28.01 1 5
 20040321 1200 28.22 1 5
 20040322 1200 28.27 1 5
 20040323 1200 28.01 1 5
 20040324 1200 28.15 1 5
 20040325 1200 28.12 1 5
 20040326 1200 28.08 1 5
 20040327 1200 28.52 1 5
 20040328 1200 28.34 1 5
 20040329 1200 28.22 1 5
 20040330 1200 28.10 1 5
 20040331 1200 27.39 1 5
 20040401 1200 26.78 1 5
 20040402 1200 26.96 1 5
 20040403 1200 26.88 1 5
 20040404 1200 26.82 1 5
 20040405 1200 27.07 1 5
 20040406 1200 27.42 1 5
 20040407 1200 27.47 1 5
 20040408 1200 27.42 1 5
 20040409 1200 27.46 1 5
 20040410 1200 27.43 1 5
 20040411 1200 27.51 1 5
 20040412 1200 27.60 1 5
 20040413 1200 27.53 1 5
 20040414 1200 27.56 1 5
 20040415 1200 27.57 1 5
 20040416 1200 27.61 1 5
 20040417 1200 27.61 1 5
 20040418 1200 27.56 1 5
 20040419 1200 27.57 1 5
 20040420 1200 27.52 1 5
 20040421 1200 27.53 1 5
 20040422 1200 27.63 1 5
 20040423 1200 27.78 1 5
 20040424 1200 27.80 1 5
 20040425 1200 27.79 1 5
 20040426 1200 27.71 1 5
 20040427 1200 27.73 1 5
 20040428 1200 27.65 1 5
 20040429 1200 27.24 1 5
 20040430 1200 26.72 1 5
 20040501 1200 26.32 1 5
 20040502 1200 26.03 1 5
 20040503 1200 26.05 1 5
 20040504 1200 26.16 1 5
 20040505 1200 26.18 1 5
 20040506 1200 26.11 1 5
 20040507 1200 25.92 1 5
 20040508 1200 25.88 1 5
 20040509 1200 25.64 1 5
 20040510 1200 25.65 1 5
 20040511 1200 25.77 1 5
 20040512 1200 25.85 1 5
 20040513 1200 25.72 1 5
 20040514 1200 25.52 1 5
 20040515 1200 25.57 1 5
 20040516 1200 25.47 1 5
 20040517 1200 25.65 1 5
 20040518 1200 25.93 1 5
 20040519 1200 25.92 1 5
 20040520 1200 25.91 1 5
 20040521 1200 26.37 1 5
 20040522 1200 26.39 1 5
 20040523 1200 26.26 1 5
 20040524 1200 26.02 1 5
 20040525 1200 25.95 1 5
 20040526 1200 25.89 1 5
 20040527 1200 25.99 1 5
 20040528 1200 25.91 1 5
 20040529 1200 25.24 1 5
 20040530 1200 25.06 1 5
 20040531 1200 24.83 1 5
 20040601 1200 24.66 1 5
 20040602 1200 24.74 1 5
 20040603 1200 24.87 1 5
 20040604 1200 24.80 1 5
 20040605 1200 24.57 1 5
 20040606 1200 24.47 1 5
 20040607 1200 24.40 1 5
 20040608 1200 24.44 1 5
 20040609 1200 24.45 1 5
 20040610 1200 24.46 1 5
 20040611 1200 24.42 1 5
 20040612 1200 24.38 1 5
 20040613 1200 24.40 1 5
 20040614 1200 24.40 1 5
 20040615 1200 24.40 1 5
 20040616 1200 24.38 1 5
 20040617 1200 24.27 1 5
 20040618 1200 24.10 1 5
 20040619 1200 24.14 1 5
 20040620 1200 24.09 1 5
 20040621 1200 24.00 1 5
 20040622 1200 23.57 1 5
 20040623 1200 23.47 1 5
 20040624 1200 23.44 1 5
 20040625 1200 23.50 1 5
 20040626 1200 23.52 1 5
 20040627 1200 23.41 1 5
 20040628 1200 23.41 1 5
 20040629 1200 23.38 1 5
 20040630 1200 23.33 1 5
 20040701 1200 23.30 1 5
 20040702 1200 23.26 1 5
 20040703 1200 23.31 1 5
 20040704 1200 23.32 1 5
 20040705 1200 23.35 1 5
 20040706 1200 23.29 1 5
 20040707 1200 23.31 1 5
 20040708 1200 23.24 1 5
 20040709 1200 22.90 1 5
 20040710 1200 22.93 1 5
 20040711 1200 22.96 1 5
 20040712 1200 22.85 1 5
 20040713 1200 22.78 1 5
 20040714 1200 22.97 1 5
 20040715 1200 23.01 1 5
 20040716 1200 22.87 1 5
 20040717 1200 22.74 1 5
 20040718 1200 22.75 1 5
 20040719 1200 22.77 1 5
 20040720 1200 22.82 1 5
 20040721 1200 22.79 1 5
 20040722 1200 22.44 1 5
 20040723 1200 22.09 1 5
 20040724 1200 21.93 1 5
 20040725 1200 21.91 1 5
 20040726 1200 21.98 1 5
 20040727 1200 21.95 1 5
 20040728 1200 21.78 1 5
 20040729 1200 21.70 1 5
 20040730 1200 21.69 1 5
 20040731 1200 21.63 1 5
 20040801 1200 21.66 1 5
 20040802 1200 21.67 1 5
 20040803 1200 21.59 1 5
 20040804 1200 21.50 1 5
 20040805 1200 21.46 1 5
 20040806 1200 21.42 1 5
 20040807 1200 21.34 1 5
 20040808 1200 21.32 1 5
 20040809 1200 21.39 1 5
 20040810 1200 21.49 1 5
 20040811 1200 21.53 1 5
 20040812 1200 21.53 1 5
 20040813 1200 21.45 1 5
 20040814 1200 21.40 1 5
 20040815 1200 21.52 1 5
 20040816 1200 21.52 1 5
 20040817 1200 21.31 1 5
 20040818 1200 20.88 1 5
 20040819 1200 20.70 1 5
 20040820 1200 20.74 1 5
 20040821 1200 20.80 1 5
 20040822 1200 20.74 1 5
 20040823 1200 20.53 1 5
 20040824 1200 20.49 1 5
 20040825 1200 20.53 1 5
 20040826 1200 20.78 1 5
 20040827 1200 20.91 1 5
 20040828 1200 20.87 1 5
 20040829 1200 20.88 1 5
 20040830 1200 20.92 1 5
 20040831 1200 20.96 1 5
 20040901 1200 20.98 1 5
 20040902 1200 20.92 1 5
 20040903 1200 20.84 1 5
 20040904 1200 20.87 1 5
 20040905 1200 21.01 1 5
 20040906 1200 21.08 1 5
 20040907 1200 21.12 1 5
 20040908 1200 21.17 1 5
 20040909 1200 21.17 1 5
 20040910 1200 21.11 1 5
 20040911 1200 21.18 1 5
 20040912 1200 21.20 1 5
 20040913 1200 21.28 1 5
 20040914 1200 21.33 1 5
 20040915 1200 -9.99 0 0
 20040916 1200 21.44 1 5
 20040917 1200 21.52 1 5
 20040918 1200 21.54 1 5
 20040919 1200 21.55 1 5
 20040920 1200 21.60 1 5
 20040921 1200 21.60 1 5
 20040922 1200 21.44 1 5
 20040923 1200 21.36 1 5
 20040924 1200 21.40 1 5
 20040925 1200 21.43 1 5
 20040926 1200 21.57 1 5
 20040927 1200 21.57 1 5
 20040928 1200 21.59 1 5
 20040929 1200 21.62 1 5
 20040930 1200 21.70 1 5
 20041001 1200 21.72 1 5
 20041002 1200 21.80 1 5
 20041003 1200 21.73 1 5
 20041004 1200 -9.99 0 0
 20041005 1200 21.91 1 5
 20041006 1200 21.84 1 5
 20041007 1200 21.79 1 5
 20041008 1200 21.52 1 5
 20041009 1200 21.28 1 5
 20041010 1200 21.23 1 5
 20041011 1200 21.13 1 5
 20041012 1200 21.15 1 5
 20041013 1200 21.18 1 5
 20041014 1200 21.21 1 5
 20041015 1200 -9.99 0 0
 20041016 1200 21.28 1 5
 20041017 1200 21.39 1 5
 20041018 1200 21.40 1 5
 20041019 1200 21.43 1 5
 20041020 1200 21.44 1 5
 20041021 1200 21.45 1 5
 20041022 1200 21.55 1 5
 20041023 1200 21.69 1 5
 20041024 1200 21.73 1 5
 20041025 1200 21.73 1 5
 20041026 1200 21.84 1 5
 20041027 1200 21.81 1 5
 20041028 1200 21.88 1 5
 20041029 1200 22.02 1 5
 20041030 1200 22.07 1 5
 20041031 1200 22.05 1 5
 20041101 1200 22.13 1 5
 20041102 1200 22.21 1 5
 20041103 1200 22.19 1 5
 20041104 1200 22.44 1 5
 20041105 1200 22.32 1 5
 20041106 1200 22.68 1 5
 20041107 1200 22.78 1 5
 20041108 1200 22.79 1 5
 20041109 1200 22.69 1 5
 20041110 1200 22.67 1 5
 20041111 1200 22.72 1 5
 20041112 1200 22.73 1 5
 20041113 1200 22.77 1 5
 20041114 1200 22.87 1 5
 20041115 1200 22.94 1 5
 20041116 1200 22.99 1 5
 20041117 1200 23.03 1 5
 20041118 1200 23.06 1 5
 20041119 1200 23.09 1 5
 20041120 1200 23.09 1 5
 20041121 1200 23.08 1 5
 20041122 1200 23.08 1 5
 20041123 1200 23.11 1 5
 20041124 1200 23.15 1 5
 20041125 1200 23.19 1 5
 20041126 1200 23.22 1 5
 20041127 1200 23.21 1 5
 20041128 1200 23.21 1 5
 20041129 1200 23.24 1 5
 20041130 1200 23.31 1 5
 20041201 1200 23.29 1 5
 20041202 1200 23.30 1 5
 20041203 1200 23.34 1 5
 20041204 1200 23.38 1 5
 20041205 1200 23.44 1 5
 20041206 1200 23.47 1 5
 20041207 1200 23.49 1 5
 20041208 1200 23.61 1 5
 20041209 1200 23.78 1 5
 20041210 1200 23.73 1 5
 20041211 1200 23.73 1 5
 20041212 1200 23.74 1 5
 20041213 1200 23.92 1 5
 20041214 1200 23.98 1 5
 20041215 1200 24.03 1 5
 20041216 1200 24.04 1 5
 20041217 1200 24.08 1 5
 20041218 1200 24.14 1 5
 20041219 1200 24.16 1 5
 20041220 1200 24.11 1 5
 20041221 1200 24.11 1 5
 20041222 1200 24.20 1 5
 20041223 1200 24.26 1 5
 20041224 1200 24.32 1 5
 20041225 1200 24.44 1 5
 20041226 1200 24.52 1 5
 20041227 1200 24.48 1 5
 20041228 1200 24.41 1 5
 20041229 1200 24.47 1 5
 20041230 1200 24.51 1 5
 20041231 1200 24.62 1 5
 20050101 1200 24.74 1 5
 20050102 1200 24.60 1 5
 20050103 1200 24.69 1 5
 20050104 1200 24.53 1 5
 20050105 1200 24.46 1 5
 20050106 1200 24.51 1 5
 20050107 1200 24.60 1 5
 20050108 1200 24.60 1 5
 20050109 1200 24.57 1 5
 20050110 1200 24.63 1 5
 20050111 1200 24.71 1 5
 20050112 1200 24.75 1 5
 20050113 1200 24.91 1 5
 20050114 1200 25.08 1 5
 20050115 1200 25.23 1 5
 20050116 1200 25.42 1 5
 20050117 1200 25.45 1 5
 20050118 1200 25.42 1 5
 20050119 1200 25.43 1 5
 20050120 1200 25.38 1 5
 20050121 1200 25.56 1 5
 20050122 1200 25.75 1 5
 20050123 1200 25.77 1 5
 20050124 1200 25.71 1 5
 20050125 1200 25.79 1 5
 20050126 1200 25.97 1 5
 20050127 1200 25.98 1 5
 20050128 1200 26.00 1 5
 20050129 1200 26.09 1 5
 20050130 1200 26.15 1 5
 20050131 1200 26.18 1 5
 20050201 1200 26.14 1 5
 20050202 1200 26.16 1 5
 20050203 1200 26.24 1 5
 20050204 1200 26.27 1 5
 20050205 1200 26.39 1 5
 20050206 1200 26.59 1 5
 20050207 1200 26.65 1 5
 20050208 1200 26.61 1 5
 20050209 1200 26.71 1 5
 20050210 1200 26.75 1 5
 20050211 1200 26.81 1 5
 20050212 1200 26.80 1 5
 20050213 1200 26.62 1 5
 20050214 1200 26.61 1 5
 20050215 1200 26.64 1 5
 20050216 1200 26.66 1 5
 20050217 1200 26.70 1 5
 20050218 1200 26.71 1 5
 20050219 1200 26.67 1 5
 20050220 1200 26.65 1 5
 20050221 1200 26.66 1 5
 20050222 1200 26.66 1 5
 20050223 1200 26.92 1 5
 20050224 1200 27.12 1 5
 20050225 1200 27.07 1 5
 20050226 1200 27.06 1 5
 20050227 1200 27.07 1 5
 20050228 1200 27.01 1 5
 20050301 1200 26.89 1 5
 20050302 1200 26.82 1 5
 20050303 1200 26.81 1 5
 20050304 1200 26.89 1 5
 20050305 1200 27.23 1 5
 20050306 1200 27.46 1 5
 20050307 1200 27.11 1 5
 20050308 1200 27.12 1 5
 20050309 1200 27.27 1 5
 20050310 1200 27.19 1 5
 20050311 1200 27.15 1 5
 20050312 1200 27.36 1 5
 20050313 1200 27.20 1 5
 20050314 1200 27.23 1 5
 20050315 1200 27.09 1 5
 20050316 1200 27.06 1 5
 20050317 1200 27.12 1 5
 20050318 1200 27.16 1 5
 20050319 1200 27.29 1 5
 20050320 1200 27.42 1 5
 20050321 1200 27.46 1 5
 20050322 1200 27.45 1 5
 20050323 1200 27.51 1 5
 20050324 1200 27.60 1 5
 20050325 1200 27.72 1 5
 20050326 1200 27.83 1 5
 20050327 1200 27.82 1 5
 20050328 1200 27.77 1 5
 20050329 1200 27.77 1 5
 20050330 1200 27.70 1 5
 20050331 1200 27.42 1 5
 20050401 1200 27.25 1 5
 20050402 1200 27.20 1 5
 20050403 1200 27.21 1 5
 20050404 1200 27.29 1 5
 20050405 1200 27.26 1 5
 20050406 1200 27.20 1 5
 20050407 1200 27.22 1 5
 20050408 1200 27.34 1 5
 20050409 1200 27.49 1 5
 20050410 1200 27.51 1 5
 20050411 1200 27.52 1 5
 20050412 1200 27.43 1 5
 20050413 1200 27.44 1 5
 20050414 1200 27.41 1 5
 20050415 1200 27.14 1 5
 20050416 1200 26.96 1 5
 20050417 1200 26.95 1 5
 20050418 1200 27.10 1 5
 20050419 1200 27.09 1 5
 20050420 1200 27.21 1 5
 20050421 1200 27.26 1 5
 20050422 1200 27.43 1 5
 20050423 1200 27.49 1 5
 20050424 1200 27.44 1 5
 20050425 1200 27.51 4 5
 20050426 1200 27.52 4 5
 20050427 1200 27.79 4 5
 20050428 1200 27.53 4 5
 20050429 1200 27.57 4 5
 20050430 1200 27.80 4 5
 20050501 1200 27.90 4 5
 20050502 1200 27.99 4 5
 20050503 1200 27.95 4 5
 20050504 1200 27.98 4 5
 20050505 1200 27.88 4 5
 20050506 1200 27.64 4 5
 20050507 1200 27.47 4 5
 20050508 1200 27.25 4 5
 20050509 1200 27.07 4 5
 20050510 1200 26.97 4 5
 20050511 1200 26.81 4 5
 20050512 1200 26.60 4 5
 20050513 1200 26.54 4 5
 20050514 1200 26.60 4 5
 20050515 1200 26.52 4 5
 20050516 1200 26.35 4 5
 20050517 1200 26.20 4 5
 20050518 1200 26.00 4 5
 20050519 1200 26.01 4 5
 20050520 1200 25.96 4 5
 20050521 1200 25.94 4 5
 20050522 1200 25.89 4 5
 20050523 1200 26.00 4 5
 20050524 1200 26.10 4 5
 20050525 1200 26.04 4 5
 20050526 1200 26.04 4 5
 20050527 1200 26.15 4 5
 20050528 1200 26.14 4 5
 20050529 1200 26.06 4 5
 20050530 1200 26.06 4 5
 20050531 1200 26.06 4 5
 20050601 1200 26.03 4 5
 20050602 1200 26.01 4 5
 20050603 1200 25.85 4 5
 20050604 1200 25.56 4 5
 20050605 1200 25.54 4 5
 20050606 1200 25.36 4 5
 20050607 1200 24.88 4 5
 20050608 1200 24.71 4 5
 20050609 1200 24.60 4 5
 20050610 1200 24.33 4 5
 20050611 1200 23.96 4 5
 20050612 1200 23.86 4 5
 20050613 1200 23.78 4 5
 20050614 1200 23.72 4 5
 20050615 1200 23.68 4 5
 20050616 1200 23.63 4 5
 20050617 1200 23.56 4 5
 20050618 1200 23.49 4 5
 20050619 1200 23.42 4 5
 20050620 1200 23.44 4 5
 20050621 1200 23.52 4 5
 20050622 1200 23.56 4 5
 20050623 1200 23.54 4 5
 20050624 1200 23.47 4 5
 20050625 1200 23.38 4 5
 20050626 1200 23.31 4 5
 20050627 1200 23.39 4 5
 20050628 1200 23.43 4 5
 20050629 1200 23.47 4 5
 20050630 1200 23.47 4 5
 20050701 1200 23.38 4 5
 20050702 1200 23.58 4 5
 20050703 1200 23.71 4 5
 20050704 1200 23.81 4 5
 20050705 1200 23.73 4 5
 20050706 1200 23.69 4 5
 20050707 1200 23.69 4 5
 20050708 1200 23.69 4 5
 20050709 1200 23.65 4 5
 20050710 1200 23.58 4 5
 20050711 1200 23.49 4 5
 20050712 1200 23.52 4 5
 20050713 1200 23.51 4 5
 20050714 1200 23.48 4 5
 20050715 1200 23.46 4 5
 20050716 1200 23.45 4 5
 20050717 1200 23.45 4 5
 20050718 1200 23.45 4 5
 20050719 1200 23.30 4 5
 20050720 1200 23.30 4 5
 20050721 1200 23.35 4 5
 20050722 1200 23.04 4 5
 20050723 1200 22.59 4 5
 20050724 1200 22.55 4 5
 20050725 1200 22.56 4 5
 20050726 1200 22.61 4 5
 20050727 1200 22.45 4 5
 20050728 1200 22.42 4 5
 20050729 1200 22.46 4 5
 20050730 1200 22.56 4 5
 20050731 1200 22.59 4 5
 20050801 1200 22.58 4 5
 20050802 1200 22.51 4 5
 20050803 1200 22.36 4 5
 20050804 1200 22.25 4 5
 20050805 1200 22.33 4 5
 20050806 1200 22.37 4 5
 20050807 1200 22.47 4 5
 20050808 1200 22.58 4 5
 20050809 1200 22.57 4 5
 20050810 1200 22.55 4 5
 20050811 1200 22.58 4 5
 20050812 1200 22.66 4 5
 20050813 1200 22.73 4 5
 20050814 1200 22.69 4 5
 20050815 1200 22.69 4 5
 20050816 1200 22.70 4 5
 20050817 1200 22.73 4 5
 20050818 1200 22.76 4 5
 20050819 1200 22.75 4 5
 20050820 1200 22.74 4 5
 20050821 1200 22.75 4 5
 20050822 1200 22.77 4 5
 20050823 1200 22.74 4 5
 20050824 1200 22.64 4 5
 20050825 1200 22.49 4 5
 20050826 1200 22.77 4 5
 20050827 1200 22.78 4 5
 20050828 1200 22.71 4 5
 20050829 1200 22.45 4 5
 20050830 1200 22.09 4 5
 20050831 1200 21.53 4 5
 20050901 1200 21.29 4 5
 20050902 1200 21.25 4 5
 20050903 1200 21.20 4 5
 20050904 1200 21.23 4 5
 20050905 1200 21.29 4 5
 20050906 1200 21.29 4 5
 20050907 1200 21.28 4 5
 20050908 1200 21.18 4 5
 20050909 1200 21.05 4 5
 20050910 1200 21.15 4 5
 20050911 1200 21.26 4 5
 20050912 1200 21.30 4 5
 20050913 1200 21.32 4 5
 20050914 1200 21.30 4 5
 20050915 1200 21.32 4 5
 20050916 1200 21.28 4 5
 20050917 1200 21.32 4 5
 20050918 1200 21.41 4 5
 20050919 1200 21.56 4 5
 20050920 1200 21.80 4 5
 20050921 1200 21.96 4 5
 20050922 1200 21.88 4 5
 20050923 1200 21.76 4 5
 20050924 1200 21.85 4 5
 20050925 1200 21.69 4 5
 20050926 1200 21.52 4 5
 20050927 1200 21.63 4 5
 20050928 1200 21.64 4 5
 20050929 1200 21.62 4 5
 20050930 1200 21.59 4 5
 20051001 1200 21.59 4 5
 20051002 1200 21.55 4 5
 20051003 1200 21.54 4 5
 20051004 1200 21.29 4 5
 20051005 1200 21.09 4 5
 20051006 1200 20.85 4 5
 20051007 1200 20.79 4 5
 20051008 1200 20.88 4 5
 20051009 1200 20.89 4 5
 20051010 1200 20.87 4 5
 20051011 1200 20.91 4 5
 20051012 1200 21.00 4 5
 20051013 1200 20.71 4 5
 20051014 1200 20.51 4 5
 20051015 1200 20.51 4 5
 20051016 1200 20.45 4 5
 20051017 1200 20.33 4 5
 20051018 1200 20.10 4 5
 20051019 1200 20.14 4 5
 20051020 1200 20.48 4 5
 20051021 1200 20.69 4 5
 20051022 1200 20.77 4 5
 20051023 1200 20.79 4 5
 20051024 1200 20.83 4 5
 20051025 1200 20.89 4 5
 20051026 1200 20.93 4 5
 20051027 1200 20.92 4 5
 20051028 1200 20.82 4 5
 20051029 1200 20.83 4 5
 20051030 1200 20.88 4 5
 20051031 1200 21.07 4 5
 20051101 1200 21.29 4 5
 20051102 1200 21.06 4 5
 20051103 1200 21.24 4 5
 20051104 1200 21.22 4 5
 20051105 1200 21.20 4 5
 20051106 1200 21.38 4 5
 20051107 1200 21.36 4 5
 20051108 1200 21.40 4 5
 20051109 1200 21.47 4 5
 20051110 1200 21.56 4 5
 20051111 1200 21.61 4 5
 20051112 1200 21.72 4 5
 20051113 1200 21.65 4 5
 20051114 1200 21.66 4 5
 20051115 1200 21.72 4 5
 20051116 1200 21.67 4 5
 20051117 1200 21.73 4 5
 20051118 1200 21.83 4 5
 20051119 1200 21.85 4 5
 20051120 1200 21.82 4 5
 20051121 1200 21.85 4 5
 20051122 1200 21.89 4 5
 20051123 1200 22.02 4 5
 20051124 1200 22.07 4 5
 20051125 1200 22.12 4 5
 20051126 1200 22.12 4 5
 20051127 1200 22.15 4 5
 20051128 1200 22.11 4 5
 20051129 1200 22.06 4 5
 20051130 1200 22.05 4 5
 20051201 1200 21.99 4 5
 20051202 1200 21.84 4 5
 20051203 1200 21.84 4 5
 20051204 1200 21.75 4 5
 20051205 1200 21.67 4 5
 20051206 1200 21.87 4 5
 20051207 1200 22.12 4 5
 20051208 1200 22.18 4 5
 20051209 1200 22.18 4 5
 20051210 1200 22.11 4 5
 20051211 1200 22.16 4 5
 20051212 1200 22.19 4 5
 20051213 1200 22.25 4 5
 20051214 1200 22.27 4 5
 20051215 1200 22.40 4 5
 20051216 1200 22.52 4 5
 20051217 1200 22.65 4 5
 20051218 1200 22.98 4 5
 20051219 1200 23.06 4 5
 20051220 1200 23.32 4 5
 20051221 1200 23.43 4 5
 20051222 1200 23.51 4 5
 20051223 1200 23.66 4 5
 20051224 1200 23.67 4 5
 20051225 1200 23.69 4 5
 20051226 1200 23.74 4 5
 20051227 1200 23.74 4 5
 20051228 1200 23.84 4 5
 20051229 1200 23.92 4 5
 20051230 1200 23.90 4 5
 20051231 1200 23.86 4 5
 20060101 1200 23.90 4 5
 20060102 1200 24.07 4 5
 20060103 1200 24.14 4 5
 20060104 1200 24.23 4 5
 20060105 1200 24.29 4 5
 20060106 1200 24.41 4 5
 20060107 1200 24.39 4 5
 20060108 1200 24.46 4 5
 20060109 1200 24.56 4 5
 20060110 1200 24.48 4 5
 20060111 1200 24.47 4 5
 20060112 1200 24.59 4 5
 20060113 1200 24.68 4 5
 20060114 1200 24.83 4 5
 20060115 1200 24.84 4 5
 20060116 1200 25.10 4 5
 20060117 1200 25.21 4 5
 20060118 1200 25.22 4 5
 20060119 1200 25.32 4 5
 20060120 1200 25.42 4 5
 20060121 1200 25.47 4 5
 20060122 1200 25.48 4 5
 20060123 1200 25.48 4 5
 20060124 1200 25.34 4 5
 20060125 1200 25.25 4 5
 20060126 1200 25.23 4 5
 20060127 1200 25.35 4 5
 20060128 1200 25.30 4 5
 20060129 1200 25.37 4 5
 20060130 1200 25.57 4 5
 20060131 1200 25.74 4 5
 20060201 1200 25.84 4 5
 20060202 1200 25.94 4 5
 20060203 1200 26.07 4 5
 20060204 1200 26.19 4 5
 20060205 1200 26.41 4 5
 20060206 1200 26.50 4 5
 20060207 1200 26.46 4 5
 20060208 1200 26.49 4 5
 20060209 1200 26.42 4 5
 20060210 1200 26.73 4 5
 20060211 1200 26.84 4 5
 20060212 1200 26.91 4 5
 20060213 1200 27.13 4 5
 20060214 1200 27.17 4 5
 20060215 1200 27.23 4 5
 20060216 1200 27.32 4 5
 20060217 1200 26.90 4 5
 20060218 1200 26.80 4 5
 20060219 1200 26.66 4 5
 20060220 1200 26.89 4 5
 20060221 1200 27.13 4 5
 20060222 1200 27.19 4 5
 20060223 1200 27.24 4 5
 20060224 1200 27.38 4 5
 20060225 1200 27.58 4 5
 20060226 1200 27.62 4 5
 20060227 1200 27.93 4 5
 20060228 1200 27.71 4 5
 20060301 1200 27.60 4 5
 20060302 1200 27.67 4 5
 20060303 1200 27.91 4 5
 20060304 1200 28.11 4 5
 20060305 1200 28.19 4 5
 20060306 1200 27.69 4 5
 20060307 1200 27.87 4 5
 20060308 1200 27.83 4 5
 20060309 1200 28.07 4 5
 20060310 1200 28.15 4 5
 20060311 1200 28.14 4 5
 20060312 1200 28.24 4 5
 20060313 1200 28.23 4 5
 20060314 1200 28.08 4 5
 20060315 1200 28.10 4 5
 20060316 1200 27.95 4 5
 20060317 1200 28.21 4 5
 20060318 1200 28.31 4 5
 20060319 1200 28.42 4 5
 20060320 1200 28.49 4 5
 20060321 1200 28.66 4 5
 20060322 1200 29.10 4 5
 20060323 1200 28.70 4 5
 20060324 1200 28.47 4 5
 20060325 1200 28.21 4 5
 20060326 1200 28.40 4 5
 20060327 1200 28.45 4 5
 20060328 1200 28.23 4 5
 20060329 1200 28.13 4 5
 20060330 1200 28.12 4 5
 20060331 1200 28.08 4 5
 20060401 1200 28.02 4 5
 20060402 1200 27.52 4 5
 20060403 1200 26.97 4 5
 20060404 1200 26.71 4 5
 20060405 1200 26.71 4 5
 20060406 1200 27.05 4 5
 20060407 1200 27.48 4 5
 20060408 1200 27.67 4 5
 20060409 1200 27.31 4 5
 20060410 1200 26.99 4 5
 20060411 1200 27.38 4 5
 20060412 1200 27.03 4 5
 20060413 1200 26.90 4 5
 20060414 1200 26.90 4 5
 20060415 1200 27.12 4 5
 20060416 1200 27.01 4 5
 20060417 1200 26.40 4 5
 20060418 1200 26.55 4 5
 20060419 1200 -9.99 0 0
 20060420 1200 26.13 2 1
 20060421 1200 26.11 2 1
 20060422 1200 26.15 2 1
 20060423 1200 26.04 2 1
 20060424 1200 26.12 2 1
 20060425 1200 26.10 2 1
 20060426 1200 26.09 2 1
 20060427 1200 26.16 2 1
 20060428 1200 26.21 2 1
 20060429 1200 26.10 2 1
 20060430 1200 26.39 2 1
 20060501 1200 26.58 2 1
 20060502 1200 26.42 2 1
 20060503 1200 26.00 2 1
 20060504 1200 25.81 2 1
 20060505 1200 25.81 2 1
 20060506 1200 26.05 2 1
 20060507 1200 25.98 2 1
 20060508 1200 25.84 2 1
 20060509 1200 25.69 2 1
 20060510 1200 25.91 2 1
 20060511 1200 26.18 2 1
 20060512 1200 26.22 2 1
 20060513 1200 26.18 2 1
 20060514 1200 26.18 2 1
 20060515 1200 26.08 2 1
 20060516 1200 25.83 2 1
 20060517 1200 25.83 2 1
 20060518 1200 25.80 2 1
 20060519 1200 25.80 2 1
 20060520 1200 25.89 2 1
 20060521 1200 25.88 2 1
 20060522 1200 25.91 2 1
 20060523 1200 25.81 2 1
 20060524 1200 25.77 2 1
 20060525 1200 25.67 2 1
 20060526 1200 25.40 2 1
 20060527 1200 25.64 2 1
 20060528 1200 25.55 2 1
 20060529 1200 25.49 2 1
 20060530 1200 25.07 2 1
 20060531 1200 24.87 2 1
 20060601 1200 24.87 2 1
 20060602 1200 24.91 2 1
 20060603 1200 24.93 2 1
 20060604 1200 25.11 2 1
 20060605 1200 25.12 2 1
 20060606 1200 25.17 2 1
 20060607 1200 25.49 2 1
 20060608 1200 25.44 2 1
 20060609 1200 25.41 2 1
 20060610 1200 25.21 2 1
 20060611 1200 25.12 2 1
 20060612 1200 25.06 2 1
 20060613 1200 25.33 2 1
 20060614 1200 25.42 2 1
 20060615 1200 25.40 2 1
 20060616 1200 25.24 2 1
 20060617 1200 25.07 2 1
 20060618 1200 24.80 2 1
 20060619 1200 24.29 2 1
 20060620 1200 24.14 2 1
 20060621 1200 24.38 2 1
 20060622 1200 24.43 2 1
 20060623 1200 24.24 2 1
 20060624 1200 24.03 2 1
 20060625 1200 23.90 2 1
 20060626 1200 23.93 2 1
 20060627 1200 24.15 2 1
 20060628 1200 24.07 2 1
 20060629 1200 24.00 2 1
 20060630 1200 24.01 2 1
 20060701 1200 24.08 2 1
 20060702 1200 24.10 2 1
 20060703 1200 24.09 2 1
 20060704 1200 24.19 2 1
 20060705 1200 24.11 2 1
 20060706 1200 24.08 2 1
 20060707 1200 23.94 2 1
 20060708 1200 23.89 2 1
 20060709 1200 23.88 2 1
 Time: 1200  9 Nov 2006 to 1200 10 Oct 2013 (index  2505 to  5032, 2528 times)
 Depth (M):        1 QUALITY SOURCE
 YYYYMMDD HHMM   SST Q S
 20061109 1200 24.19 1 5
 20061110 1200 24.20 1 5
 20061111 1200 24.18 1 5
 20061112 1200 24.23 1 5
 20061113 1200 24.21 1 5
 20061114 1200 24.23 1 5
 20061115 1200 24.24 1 5
 20061116 1200 24.16 1 5
 20061117 1200 24.22 1 5
 20061118 1200 24.16 1 5
 20061119 1200 24.05 1 5
 20061120 1200 24.11 1 5
 20061121 1200 24.19 1 5
 20061122 1200 24.12 1 5
 20061123 1200 24.17 1 5
 20061124 1200 24.09 1 5
 20061125 1200 24.07 1 5
 20061126 1200 24.14 1 5
 20061127 1200 24.21 1 5
 20061128 1200 24.21 1 5
 20061129 1200 24.20 1 5
 20061130 1200 24.28 1 5
 20061201 1200 24.39 1 5
 20061202 1200 24.53 1 5
 20061203 1200 24.49 1 5
 20061204 1200 24.43 1 5
 20061205 1200 24.68 1 5
 20061206 1200 24.68 1 5
 20061207 1200 24.69 1 5
 20061208 1200 24.66 1 5
 20061209 1200 24.68 1 5
 20061210 1200 24.59 1 5
 20061211 1200 24.63 1 5
 20061212 1200 24.72 1 5
 20061213 1200 24.69 1 5
 20061214 1200 24.76 1 5
 20061215 1200 24.76 1 5
 20061216 1200 24.71 1 5
 20061217 1200 24.81 1 5
 20061218 1200 24.75 1 5
 20061219 1200 24.80 1 5
 20061220 1200 24.84 1 5
 20061221 1200 24.87 1 5
 20061222 1200 24.85 1 5
 20061223 1200 24.82 1 5
 20061224 1200 24.84 1 5
 20061225 1200 24.97 1 5
 20061226 1200 25.01 1 5
 20061227 1200 24.98 1 5
 20061228 1200 24.93 1 5
 20061229 1200 25.05 1 5
 20061230 1200 25.20 1 5
 20061231 1200 25.28 1 5
 20070101 1200 25.28 1 5
 20070102 1200 25.22 1 5
 20070103 1200 25.28 1 5
 20070104 1200 25.39 1 5
 20070105 1200 25.48 1 5
 20070106 1200 25.46 1 5
 20070107 1200 25.43 1 5
 20070108 1200 25.38 1 5
 20070109 1200 25.39 1 5
 20070110 1200 25.42 1 5
 20070111 1200 25.42 1 5
 20070112 1200 25.47 1 5
 20070113 1200 25.51 1 5
 20070114 1200 25.58 1 5
 20070115 1200 25.63 1 5
 20070116 1200 25.70 1 5
 20070117 1200 25.73 1 5
 20070118 1200 25.79 1 5
 20070119 1200 25.83 1 5
 20070120 1200 25.80 1 5
 20070121 1200 25.84 1 5
 20070122 1200 25.91 1 5
 20070123 1200 25.96 1 5
 20070124 1200 26.03 1 5
 20070125 1200 26.15 1 5
 20070126 1200 26.08 1 5
 20070127 1200 26.04 1 5
 20070128 1200 26.09 1 5
 20070129 1200 26.09 1 5
 20070130 1200 26.17 1 5
 20070131 1200 26.17 1 5
 20070201 1200 26.36 1 5
 20070202 1200 26.44 1 5
 20070203 1200 26.42 1 5
 20070204 1200 26.39 1 5
 20070205 1200 26.65 1 5
 20070206 1200 26.76 1 5
 20070207 1200 26.84 1 5
 20070208 1200 26.86 1 5
 20070209 1200 27.05 1 5
 20070210 1200 27.07 1 5
 20070211 1200 27.13 1 5
 20070212 1200 27.18 1 5
 20070213 1200 27.04 1 5
 20070214 1200 26.99 1 5
 20070215 1200 27.13 1 5
 20070216 1200 27.24 1 5
 20070217 1200 27.27 1 5
 20070218 1200 27.30 1 5
 20070219 1200 27.28 1 5
 20070220 1200 27.21 1 5
 20070221 1200 27.31 1 5
 20070222 1200 27.29 1 5
 20070223 1200 27.39 1 5
 20070224 1200 27.51 1 5
 20070225 1200 27.58 1 5
 20070226 1200 27.60 1 5
 20070227 1200 27.55 1 5
 20070228 1200 27.53 1 5
 20070301 1200 27.57 1 5
 20070302 1200 27.61 1 5
 20070303 1200 27.40 1 5
 20070304 1200 26.90 1 5
 20070305 1200 26.73 1 5
 20070306 1200 26.75 1 5
 20070307 1200 27.02 1 5
 20070308 1200 26.95 1 5
 20070309 1200 26.90 1 5
 20070310 1200 27.03 1 5
 20070311 1200 27.06 1 5
 20070312 1200 27.21 1 5
 20070313 1200 27.20 1 5
 20070314 1200 27.46 1 5
 20070315 1200 27.93 1 5
 20070316 1200 27.73 1 5
 20070317 1200 27.44 1 5
 20070318 1200 27.40 1 5
 20070319 1200 27.56 1 5
 20070320 1200 27.73 1 5
 20070321 1200 27.74 1 5
 20070322 1200 27.83 1 5
 20070323 1200 27.73 1 5
 20070324 1200 27.90 1 5
 20070325 1200 27.86 1 5
 20070326 1200 27.72 1 5
 20070327 1200 27.79 1 5
 20070328 1200 27.78 1 5
 20070329 1200 27.60 1 5
 20070330 1200 27.35 1 5
 20070331 1200 27.01 1 5
 20070401 1200 27.04 1 5
 20070402 1200 26.85 1 5
 20070403 1200 26.60 1 5
 20070404 1200 25.80 1 5
 20070405 1200 25.71 1 5
 20070406 1200 25.97 1 5
 20070407 1200 25.90 1 5
 20070408 1200 26.05 1 5
 20070409 1200 26.25 1 5
 20070410 1200 26.55 1 5
 20070411 1200 26.54 1 5
 20070412 1200 26.57 1 5
 20070413 1200 26.84 1 5
 20070414 1200 26.82 1 5
 20070415 1200 26.83 1 5
 20070416 1200 26.91 1 5
 20070417 1200 27.00 1 5
 20070418 1200 27.11 1 5
 20070419 1200 26.89 1 5
 20070420 1200 26.98 1 5
 20070421 1200 27.15 1 5
 20070422 1200 27.29 1 5
 20070423 1200 27.36 1 5
 20070424 1200 27.64 1 5
 20070425 1200 27.09 1 5
 20070426 1200 27.52 1 5
 20070427 1200 27.68 1 5
 20070428 1200 27.69 1 5
 20070429 1200 27.61 1 5
 20070430 1200 27.51 1 5
 20070501 1200 27.43 1 5
 20070502 1200 27.25 1 5
 20070503 1200 27.13 1 5
 20070504 1200 27.18 1 5
 20070505 1200 27.21 1 5
 20070506 1200 26.28 1 5
 20070507 1200 25.87 1 5
 20070508 1200 25.70 1 5
 20070509 1200 25.71 1 5
 20070510 1200 25.53 1 5
 20070511 1200 25.60 1 5
 20070512 1200 25.68 1 5
 20070513 1200 25.51 1 5
 20070514 1200 24.91 1 5
 20070515 1200 24.53 1 5
 20070516 1200 24.33 1 5
 20070517 1200 24.58 1 5
 20070518 1200 24.74 1 5
 20070519 1200 24.61 1 5
 20070520 1200 24.56 1 5
 20070521 1200 24.52 1 5
 20070522 1200 24.33 1 5
 20070523 1200 23.98 1 5
 20070524 1200 23.92 1 5
 20070525 1200 23.93 1 5
 20070526 1200 23.94 1 5
 20070527 1200 23.86 1 5
 20070528 1200 23.85 1 5
 20070529 1200 23.92 1 5
 20070530 1200 23.91 1 5
 20070531 1200 23.96 1 5
 20070601 1200 23.91 1 5
 20070602 1200 23.87 1 5
 20070603 1200 23.65 1 5
 20070604 1200 23.44 1 5
 20070605 1200 23.50 1 5
 20070606 1200 23.61 1 5
 20070607 1200 23.62 1 5
 20070608 1200 23.55 1 5
 20070609 1200 23.38 1 5
 20070610 1200 23.27 1 5
 20070611 1200 23.21 1 5
 20070612 1200 23.29 1 5
 20070613 1200 23.35 1 5
 20070614 1200 23.33 1 5
 20070615 1200 23.17 1 5
 20070616 1200 23.12 1 5
 20070617 1200 23.09 1 5
 20070618 1200 23.04 1 5
 20070619 1200 23.21 1 5
 20070620 1200 22.94 1 5
 20070621 1200 22.45 1 5
 20070622 1200 22.34 1 5
 20070623 1200 22.53 1 5
 20070624 1200 22.56 1 5
 20070625 1200 22.38 1 5
 20070626 1200 22.25 1 5
 20070627 1200 22.35 1 5
 20070628 1200 22.48 1 5
 20070629 1200 22.38 1 5
 20070630 1200 22.42 1 5
 20070701 1200 22.61 1 5
 20070702 1200 22.94 1 5
 20070703 1200 22.91 1 5
 20070704 1200 22.75 1 5
 20070705 1200 22.95 1 5
 20070706 1200 23.16 1 5
 20070707 1200 23.14 1 5
 20070708 1200 22.97 1 5
 20070709 1200 22.74 1 5
 20070710 1200 22.60 1 5
 20070711 1200 22.75 1 5
 20070712 1200 22.64 1 5
 20070713 1200 22.32 1 5
 20070714 1200 22.25 1 5
 20070715 1200 22.35 1 5
 20070716 1200 22.12 1 5
 20070717 1200 21.87 1 5
 20070718 1200 21.72 1 5
 20070719 1200 21.74 1 5
 20070720 1200 21.61 1 5
 20070721 1200 21.63 1 5
 20070722 1200 21.62 1 5
 20070723 1200 21.52 1 5
 20070724 1200 21.53 1 5
 20070725 1200 21.63 1 5
 20070726 1200 21.71 1 5
 20070727 1200 21.74 1 5
 20070728 1200 22.05 1 5
 20070729 1200 22.18 1 5
 20070730 1200 22.18 1 5
 20070731 1200 22.28 1 5
 20070801 1200 22.18 1 5
 20070802 1200 22.20 1 5
 20070803 1200 22.23 1 5
 20070804 1200 22.25 1 5
 20070805 1200 22.21 1 5
 20070806 1200 22.20 1 5
 20070807 1200 22.10 1 5
 20070808 1200 21.91 1 5
 20070809 1200 21.81 1 5
 20070810 1200 21.82 1 5
 20070811 1200 21.84 1 5
 20070812 1200 21.82 1 5
 20070813 1200 21.80 1 5
 20070814 1200 21.74 1 5
 20070815 1200 21.69 1 5
 20070816 1200 21.64 1 5
 20070817 1200 21.68 1 5
 20070818 1200 21.73 1 5
 20070819 1200 21.68 1 5
 20070820 1200 21.69 1 5
 20070821 1200 21.67 1 5
 20070822 1200 21.55 1 5
 20070823 1200 20.79 1 5
 20070824 1200 20.06 1 5
 20070825 1200 20.07 1 5
 20070826 1200 19.98 1 5
 20070827 1200 19.84 1 5
 20070828 1200 19.67 1 5
 20070829 1200 19.69 1 5
 20070830 1200 19.86 1 5
 20070831 1200 19.96 1 5
 20070901 1200 20.02 1 5
 20070902 1200 20.01 1 5
 20070903 1200 20.05 1 5
 20070904 1200 20.09 1 5
 20070905 1200 20.28 1 5
 20070906 1200 20.47 1 5
 20070907 1200 20.66 1 5
 20070908 1200 20.78 1 5
 20070909 1200 20.84 1 5
 20070910 1200 20.98 1 5
 20070911 1200 20.94 1 5
 20070912 1200 20.68 1 5
 20070913 1200 20.65 1 5
 20070914 1200 20.57 1 5
 20070915 1200 20.65 1 5
 20070916 1200 20.61 1 5
 20070917 1200 20.62 1 5
 20070918 1200 20.77 1 5
 20070919 1200 20.57 1 5
 20070920 1200 20.24 1 5
 20070921 1200 20.05 1 5
 20070922 1200 20.04 1 5
 20070923 1200 20.00 1 5
 20070924 1200 19.94 1 5
 20070925 1200 19.91 1 5
 20070926 1200 19.88 1 5
 20070927 1200 19.91 1 5
 20070928 1200 19.89 1 5
 20070929 1200 19.96 1 5
 20070930 1200 19.95 1 5
 20071001 1200 19.99 1 5
 20071002 1200 20.09 1 5
 20071003 1200 20.01 1 5
 20071004 1200 19.91 1 5
 20071005 1200 20.00 1 5
 20071006 1200 19.99 1 5
 20071007 1200 19.94 1 5
 20071008 1200 20.03 1 5
 20071009 1200 20.12 1 5
 20071010 1200 20.13 1 5
 20071011 1200 20.12 1 5
 20071012 1200 20.15 1 5
 20071013 1200 20.29 1 5
 20071014 1200 20.38 1 5
 20071015 1200 20.42 1 5
 20071016 1200 20.72 1 5
 20071017 1200 20.93 1 5
 20071018 1200 20.90 1 5
 20071019 1200 20.79 1 5
 20071020 1200 20.70 1 5
 20071021 1200 20.63 1 5
 20071022 1200 20.15 1 5
 20071023 1200 20.14 1 5
 20071024 1200 20.18 1 5
 20071025 1200 20.16 1 5
 20071026 1200 20.24 1 5
 20071027 1200 20.26 1 5
 20071028 1200 20.38 1 5
 20071029 1200 20.50 1 5
 20071030 1200 20.70 1 5
 20071031 1200 20.72 1 5
 20071101 1200 20.71 1 5
 20071102 1200 20.58 1 5
 20071103 1200 20.06 1 5
 20071104 1200 20.08 1 5
 20071105 1200 20.18 1 5
 20071106 1200 20.18 1 5
 20071107 1200 20.23 1 5
 20071108 1200 20.26 1 5
 20071109 1200 20.30 1 5
 20071110 1200 20.40 1 5
 20071111 1200 20.51 1 5
 20071112 1200 20.63 1 5
 20071113 1200 20.59 1 5
 20071114 1200 20.65 1 5
 20071115 1200 20.75 1 5
 20071116 1200 20.78 1 5
 20071117 1200 20.76 1 5
 20071118 1200 20.80 1 5
 20071119 1200 20.80 1 5
 20071120 1200 20.86 1 5
 20071121 1200 20.96 1 5
 20071122 1200 21.06 1 5
 20071123 1200 21.13 1 5
 20071124 1200 21.16 1 5
 20071125 1200 21.14 1 5
 20071126 1200 21.18 1 5
 20071127 1200 21.22 1 5
 20071128 1200 21.24 1 5
 20071129 1200 21.34 1 5
 20071130 1200 21.40 1 5
 20071201 1200 21.45 1 5
 20071202 1200 21.62 1 5
 20071203 1200 21.74 1 5
 20071204 1200 21.79 1 5
 20071205 1200 21.86 1 5
 20071206 1200 21.80 1 5
 20071207 1200 21.79 1 5
 20071208 1200 21.78 1 5
 20071209 1200 21.81 1 5
 20071210 1200 21.89 1 5
 20071211 1200 21.96 1 5
 20071212 1200 22.01 1 5
 20071213 1200 21.99 1 5
 20071214 1200 21.96 1 5
 20071215 1200 21.99 1 5
 20071216 1200 21.99 1 5
 20071217 1200 22.08 1 5
 20071218 1200 22.08 1 5
 20071219 1200 22.07 1 5
 20071220 1200 22.12 1 5
 20071221 1200 22.16 1 5
 20071222 1200 22.16 1 5
 20071223 1200 22.27 1 5
 20071224 1200 22.35 1 5
 20071225 1200 22.49 1 5
 20071226 1200 22.41 1 5
 20071227 1200 22.49 1 5
 20071228 1200 22.50 1 5
 20071229 1200 22.38 1 5
 20071230 1200 22.40 1 5
 20071231 1200 22.47 1 5
 20080101 1200 22.43 1 5
 20080102 1200 22.63 1 5
 20080103 1200 22.78 1 5
 20080104 1200 22.83 1 5
 20080105 1200 22.87 1 5
 20080106 1200 23.02 1 5
 20080107 1200 23.08 1 5
 20080108 1200 23.09 1 5
 20080109 1200 23.23 1 5
 20080110 1200 23.37 1 5
 20080111 1200 23.44 1 5
 20080112 1200 23.53 1 5
 20080113 1200 23.46 1 5
 20080114 1200 23.63 1 5
 20080115 1200 23.75 1 5
 20080116 1200 23.82 1 5
 20080117 1200 23.92 1 5
 20080118 1200 24.01 1 5
 20080119 1200 24.11 1 5
 20080120 1200 24.21 1 5
 20080121 1200 24.19 1 5
 20080122 1200 24.49 1 5
 20080123 1200 24.58 1 5
 20080124 1200 24.71 1 5
 20080125 1200 24.77 1 5
 20080126 1200 24.78 1 5
 20080127 1200 24.93 1 5
 20080128 1200 25.00 1 5
 20080129 1200 24.94 1 5
 20080130 1200 25.10 1 5
 20080131 1200 25.20 1 5
 20080201 1200 25.34 1 5
 20080202 1200 25.40 1 5
 20080203 1200 25.46 1 5
 20080204 1200 25.50 1 5
 20080205 1200 25.57 1 5
 20080206 1200 25.67 1 5
 20080207 1200 25.76 1 5
 20080208 1200 25.85 1 5
 20080209 1200 25.78 1 5
 20080210 1200 25.63 1 5
 20080211 1200 25.61 1 5
 20080212 1200 25.67 1 5
 20080213 1200 25.91 1 5
 20080214 1200 25.85 1 5
 20080215 1200 25.75 1 5
 20080216 1200 25.59 1 5
 20080217 1200 25.76 1 5
 20080218 1200 26.06 1 5
 20080219 1200 26.44 1 5
 20080220 1200 26.47 1 5
 20080221 1200 26.49 1 5
 20080222 1200 26.59 1 5
 20080223 1200 26.48 1 5
 20080224 1200 26.60 1 5
 20080225 1200 26.81 1 5
 20080226 1200 26.67 1 5
 20080227 1200 26.81 1 5
 20080228 1200 27.07 1 5
 20080229 1200 27.52 1 5
 20080301 1200 27.45 1 5
 20080302 1200 27.69 1 5
 20080303 1200 27.42 1 5
 20080304 1200 27.21 1 5
 20080305 1200 27.05 1 5
 20080306 1200 26.64 1 5
 20080307 1200 26.42 1 5
 20080308 1200 26.22 1 5
 20080309 1200 26.22 1 5
 20080310 1200 26.25 1 5
 20080311 1200 26.41 1 5
 20080312 1200 26.68 1 5
 20080313 1200 26.66 1 5
 20080314 1200 26.66 1 5
 20080315 1200 26.81 1 5
 20080316 1200 26.76 1 5
 20080317 1200 26.87 1 5
 20080318 1200 27.06 1 5
 20080319 1200 27.16 1 5
 20080320 1200 27.20 1 5
 20080321 1200 27.22 1 5
 20080322 1200 27.28 1 5
 20080323 1200 27.53 1 5
 20080324 1200 27.64 1 5
 20080325 1200 27.92 1 5
 20080326 1200 27.89 1 5
 20080327 1200 27.76 1 5
 20080328 1200 27.67 1 5
 20080329 1200 27.72 1 5
 20080330 1200 27.87 1 5
 20080331 1200 27.83 1 5
 20080401 1200 27.67 1 5
 20080402 1200 27.55 1 5
 20080403 1200 27.77 1 5
 20080404 1200 27.55 1 5
 20080405 1200 27.05 1 5
 20080406 1200 26.88 1 5
 20080407 1200 26.52 1 5
 20080408 1200 26.61 1 5
 20080409 1200 26.62 1 5
 20080410 1200 26.34 1 5
 20080411 1200 26.62 1 5
 20080412 1200 27.30 1 5
 20080413 1200 27.81 1 5
 20080414 1200 27.75 1 5
 20080415 1200 27.49 1 5
 20080416 1200 27.61 1 5
 20080417 1200 27.90 1 5
 20080418 1200 27.76 1 5
 20080419 1200 27.61 1 5
 20080420 1200 27.50 1 5
 20080421 1200 27.53 1 5
 20080422 1200 27.55 1 5
 20080423 1200 27.52 1 5
 20080424 1200 27.48 1 5
 20080425 1200 27.43 1 5
 20080426 1200 27.35 1 5
 20080427 1200 27.16 1 5
 20080428 1200 27.11 1 5
 20080429 1200 27.04 1 5
 20080430 1200 26.96 1 5
 20080501 1200 26.82 1 5
 20080502 1200 26.86 1 5
 20080503 1200 26.86 1 5
 20080504 1200 26.78 1 5
 20080505 1200 26.63 1 5
 20080506 1200 26.64 1 5
 20080507 1200 26.64 1 5
 20080508 1200 26.64 1 5
 20080509 1200 26.63 1 5
 20080510 1200 26.57 1 5
 20080511 1200 26.49 1 5
 20080512 1200 26.52 1 5
 20080513 1200 26.53 1 5
 20080514 1200 26.52 1 5
 20080515 1200 26.54 1 5
 20080516 1200 26.53 1 5
 20080517 1200 26.57 1 5
 20080518 1200 26.78 1 5
 20080519 1200 26.89 1 5
 20080520 1200 26.89 1 5
 20080521 1200 26.87 1 5
 20080522 1200 26.74 1 5
 20080523 1200 26.54 1 5
 20080524 1200 26.39 1 5
 20080525 1200 26.25 1 5
 20080526 1200 26.24 1 5
 20080527 1200 26.31 1 5
 20080528 1200 26.29 1 5
 20080529 1200 26.20 1 5
 20080530 1200 26.10 1 5
 20080531 1200 26.06 1 5
 20080601 1200 26.01 1 5
 20080602 1200 25.94 1 5
 20080603 1200 25.84 1 5
 20080604 1200 25.79 1 5
 20080605 1200 25.84 1 5
 20080606 1200 25.80 1 5
 20080607 1200 25.67 1 5
 20080608 1200 25.60 1 5
 20080609 1200 25.51 1 1
 20080610 1200 25.41 1 1
 20080611 1200 25.38 1 1
 20080612 1200 25.28 1 1
 20080613 1200 25.35 1 1
 20080614 1200 25.26 1 1
 20080615 1200 -9.99 0 0
 20080616 1200 25.23 1 5
 20080617 1200 25.17 1 5
 20080618 1200 25.04 1 5
 20080619 1200 25.00 1 5
 20080620 1200 24.93 1 5
 20080621 1200 24.85 1 5
 20080622 1200 24.76 1 5
 20080623 1200 24.65 1 5
 20080624 1200 24.62 1 5
 20080625 1200 24.55 1 5
 20080626 1200 24.52 1 5
 20080627 1200 24.53 1 5
 20080628 1200 24.53 1 5
 20080629 1200 24.50 1 5
 20080630 1200 24.53 1 5
 20080701 1200 24.49 1 5
 20080702 1200 24.50 1 5
 20080703 1200 24.52 1 5
 20080704 1200 24.49 1 5
 20080705 1200 24.42 1 5
 20080706 1200 24.36 1 5
 20080707 1200 24.34 1 5
 20080708 1200 24.33 1 5
 20080709 1200 24.32 1 5
 20080710 1200 24.33 1 5
 20080711 1200 24.34 1 5
 20080712 1200 24.30 1 5
 20080713 1200 24.32 1 5
 20080714 1200 24.35 1 5
 20080715 1200 24.31 1 5
 20080716 1200 24.30 1 5
 20080717 1200 24.15 1 5
 20080718 1200 24.16 1 5
 20080719 1200 24.07 1 5
 20080720 1200 24.05 1 5
 20080721 1200 24.03 1 5
 20080722 1200 24.01 1 5
 20080723 1200 23.91 1 5
 20080724 1200 23.86 1 5
 20080725 1200 23.83 1 5
 20080726 1200 23.81 1 5
 20080727 1200 23.79 1 5
 20080728 1200 23.74 1 5
 20080729 1200 23.76 1 5
 20080730 1200 23.72 1 5
 20080731 1200 23.84 1 5
 20080801 1200 23.66 1 5
 20080802 1200 23.26 1 5
 20080803 1200 23.29 1 5
 20080804 1200 23.27 1 5
 20080805 1200 23.31 1 5
 20080806 1200 23.30 1 5
 20080807 1200 23.47 1 5
 20080808 1200 23.52 1 5
 20080809 1200 23.55 1 5
 20080810 1200 23.54 1 5
 20080811 1200 23.52 1 5
 20080812 1200 23.52 1 5
 20080813 1200 23.59 1 5
 20080814 1200 23.59 1 5
 20080815 1200 23.63 1 5
 20080816 1200 23.60 1 5
 20080817 1200 23.57 1 5
 20080818 1200 23.55 1 5
 20080819 1200 23.54 1 5
 20080820 1200 23.51 1 5
 20080821 1200 23.58 1 5
 20080822 1200 23.60 1 5
 20080823 1200 23.51 1 5
 20080824 1200 23.54 1 5
 20080825 1200 23.66 1 5
 20080826 1200 23.64 1 5
 20080827 1200 23.60 1 5
 20080828 1200 23.48 1 5
 20080829 1200 23.42 1 5
 20080830 1200 23.35 1 5
 20080831 1200 23.31 1 5
 20080901 1200 23.35 1 5
 20080902 1200 23.34 1 5
 20080903 1200 23.34 1 5
 20080904 1200 22.91 1 5
 20080905 1200 22.64 1 5
 20080906 1200 22.66 1 5
 20080907 1200 22.75 1 5
 20080908 1200 22.91 1 5
 20080909 1200 23.07 1 5
 20080910 1200 23.11 1 5
 20080911 1200 23.12 1 5
 20080912 1200 23.19 1 5
 20080913 1200 23.30 1 5
 20080914 1200 23.34 1 5
 20080915 1200 23.41 1 5
 20080916 1200 23.49 1 5
 20080917 1200 23.45 1 5
 20080918 1200 23.37 1 5
 20080919 1200 23.33 1 5
 20080920 1200 23.51 1 5
 20080921 1200 23.59 1 5
 20080922 1200 23.50 1 5
 20080923 1200 23.38 1 5
 20080924 1200 23.28 1 5
 20080925 1200 22.96 1 5
 20080926 1200 22.64 1 5
 20080927 1200 22.61 1 5
 20080928 1200 22.62 1 5
 20080929 1200 22.65 1 5
 20080930 1200 22.63 1 5
 20081001 1200 22.69 1 5
 20081002 1200 22.83 1 5
 20081003 1200 22.89 1 5
 20081004 1200 22.94 1 5
 20081005 1200 23.02 1 5
 20081006 1200 23.18 1 5
 20081007 1200 23.26 1 5
 20081008 1200 23.24 1 5
 20081009 1200 23.22 1 5
 20081010 1200 23.17 1 5
 20081011 1200 23.14 1 5
 20081012 1200 23.10 1 5
 20081013 1200 23.09 1 5
 20081014 1200 23.08 1 5
 20081015 1200 23.06 1 5
 20081016 1200 23.06 1 5
 20081017 1200 23.03 1 5
 20081018 1200 23.09 1 5
 20081019 1200 23.18 1 5
 20081020 1200 23.21 1 5
 20081021 1200 23.24 1 5
 20081022 1200 23.28 1 5
 20081023 1200 23.29 1 5
 20081024 1200 23.04 1 5
 20081025 1200 22.79 1 5
 20081026 1200 22.69 1 5
 20081027 1200 22.32 1 5
 20081028 1200 21.99 1 5
 20081029 1200 21.72 1 5
 20081030 1200 21.63 1 5
 20081031 1200 21.73 1 5
 20081101 1200 21.76 1 5
 20081102 1200 21.87 1 5
 20081103 1200 21.98 1 5
 20081104 1200 22.16 1 5
 20081105 1200 22.19 1 5
 20081106 1200 22.21 1 5
 20081107 1200 22.16 1 5
 20081108 1200 22.70 1 5
 20081109 1200 22.96 1 5
 20081110 1200 22.91 1 5
 20081111 1200 22.87 1 5
 20081112 1200 22.91 1 5
 20081113 1200 22.97 1 5
 20081114 1200 22.98 1 5
 20081115 1200 23.07 1 5
 20081116 1200 23.08 1 5
 20081117 1200 23.09 1 5
 20081118 1200 23.15 1 5
 20081119 1200 23.44 1 5
 20081120 1200 23.43 1 5
 20081121 1200 23.37 1 5
 20081122 1200 23.27 1 5
 20081123 1200 23.27 1 5
 20081124 1200 23.26 1 5
 20081125 1200 23.34 1 5
 20081126 1200 23.38 1 5
 20081127 1200 23.54 1 5
 20081128 1200 23.63 1 5
 20081129 1200 23.44 1 5
 20081130 1200 23.39 1 5
 20081201 1200 23.19 1 5
 20081202 1200 23.10 1 5
 20081203 1200 23.09 1 5
 20081204 1200 22.93 1 5
 20081205 1200 23.04 1 5
 20081206 1200 22.87 1 5
 20081207 1200 22.93 1 5
 20081208 1200 22.87 1 5
 20081209 1200 22.57 1 5
 20081210 1200 22.68 1 5
 20081211 1200 22.73 1 5
 20081212 1200 22.76 1 5
 20081213 1200 23.27 1 5
 20081214 1200 23.37 1 5
 20081215 1200 23.40 1 5
 20081216 1200 23.52 1 5
 20081217 1200 23.62 1 5
 20081218 1200 23.69 1 5
 20081219 1200 23.79 1 5
 20081220 1200 23.90 1 5
 20081221 1200 23.88 1 5
 20081222 1200 23.80 1 5
 20081223 1200 23.97 1 5
 20081224 1200 24.13 1 5
 20081225 1200 24.41 1 5
 20081226 1200 24.46 1 5
 20081227 1200 24.71 1 5
 20081228 1200 24.56 1 5
 20081229 1200 24.44 1 5
 20081230 1200 24.44 1 5
 20081231 1200 24.49 1 5
 20090101 1200 24.60 1 5
 20090102 1200 24.76 1 5
 20090103 1200 24.78 1 5
 20090104 1200 24.80 1 5
 20090105 1200 24.73 1 5
 20090106 1200 24.67 1 5
 20090107 1200 24.68 1 5
 20090108 1200 24.60 1 5
 20090109 1200 24.64 1 5
 20090110 1200 24.90 1 5
 20090111 1200 25.13 1 5
 20090112 1200 25.14 1 5
 20090113 1200 25.02 1 5
 20090114 1200 25.12 1 5
 20090115 1200 25.21 1 5
 20090116 1200 25.25 1 5
 20090117 1200 25.59 1 5
 20090118 1200 26.07 1 5
 20090119 1200 26.63 1 5
 20090120 1200 26.42 1 5
 20090121 1200 26.40 1 5
 20090122 1200 26.44 1 5
 20090123 1200 26.65 1 5
 20090124 1200 26.68 1 5
 20090125 1200 26.49 1 5
 20090126 1200 26.27 1 5
 20090127 1200 26.07 1 5
 20090128 1200 25.97 1 5
 20090129 1200 26.30 1 5
 20090130 1200 26.40 1 5
 20090131 1200 26.42 1 5
 20090201 1200 26.39 1 5
 20090202 1200 26.25 1 5
 20090203 1200 26.43 1 5
 20090204 1200 26.52 1 5
 20090205 1200 26.45 1 5
 20090206 1200 26.40 1 5
 20090207 1200 26.44 1 5
 20090208 1200 26.26 1 5
 20090209 1200 26.18 1 5
 20090210 1200 26.29 1 5
 20090211 1200 26.44 1 5
 20090212 1200 26.51 1 5
 20090213 1200 26.68 1 5
 20090214 1200 26.71 1 5
 20090215 1200 26.92 1 5
 20090216 1200 27.15 1 5
 20090217 1200 26.92 1 5
 20090218 1200 26.75 1 5
 20090219 1200 26.68 1 5
 20090220 1200 26.92 1 5
 20090221 1200 27.24 1 5
 20090222 1200 27.54 1 5
 20090223 1200 27.15 1 5
 20090224 1200 26.82 1 5
 20090225 1200 27.08 1 5
 20090226 1200 27.38 1 5
 20090227 1200 27.36 1 5
 20090228 1200 27.29 1 5
 20090301 1200 27.42 1 5
 20090302 1200 27.68 1 5
 20090303 1200 27.99 1 5
 20090304 1200 27.86 1 5
 20090305 1200 27.68 1 5
 20090306 1200 27.62 1 5
 20090307 1200 27.52 1 5
 20090308 1200 27.51 1 5
 20090309 1200 27.74 1 5
 20090310 1200 27.55 1 5
 20090311 1200 27.33 1 5
 20090312 1200 27.35 1 5
 20090313 1200 27.62 1 5
 20090314 1200 27.75 1 5
 20090315 1200 27.93 1 5
 20090316 1200 28.01 1 5
 20090317 1200 28.11 1 5
 20090318 1200 27.73 1 5
 20090319 1200 27.57 1 5
 20090320 1200 27.84 1 5
 20090321 1200 27.91 1 5
 20090322 1200 28.00 1 5
 20090323 1200 28.08 1 5
 20090324 1200 28.12 1 5
 20090325 1200 28.12 1 5
 20090326 1200 28.10 1 5
 20090327 1200 28.10 1 5
 20090328 1200 28.08 1 5
 20090329 1200 28.04 1 5
 20090330 1200 27.62 1 5
 20090331 1200 27.35 1 5
 20090401 1200 27.27 1 5
 20090402 1200 27.30 1 5
 20090403 1200 27.43 1 5
 20090404 1200 27.50 1 5
 20090405 1200 27.47 1 5
 20090406 1200 27.47 1 5
 20090407 1200 27.50 1 5
 20090408 1200 27.59 1 5
 20090409 1200 27.84 1 5
 20090410 1200 28.16 1 5
 20090411 1200 28.26 1 5
 20090412 1200 28.07 1 5
 20090413 1200 27.90 1 5
 20090414 1200 27.78 1 5
 20090415 1200 27.61 1 5
 20090416 1200 27.80 1 5
 20090417 1200 27.99 1 5
 20090418 1200 27.92 1 5
 20090419 1200 27.86 1 5
 20090420 1200 27.80 1 5
 20090421 1200 27.76 1 5
 20090422 1200 27.72 1 5
 20090423 1200 27.64 1 5
 20090424 1200 27.84 1 5
 20090425 1200 27.84 1 5
 20090426 1200 27.79 1 5
 20090427 1200 27.87 1 5
 20090428 1200 27.57 1 5
 20090429 1200 27.38 1 5
 20090430 1200 27.52 1 5
 20090501 1200 27.51 1 5
 20090502 1200 27.50 1 5
 20090503 1200 27.31 1 5
 20090504 1200 27.08 1 5
 20090505 1200 26.97 1 5
 20090506 1200 26.91 1 5
 20090507 1200 26.95 1 5
 20090508 1200 27.00 1 5
 20090509 1200 27.13 1 5
 20090510 1200 27.27 1 5
 20090511 1200 27.29 1 5
 20090512 1200 27.36 1 5
 20090513 1200 27.30 1 5
 20090514 1200 27.19 1 5
 20090515 1200 26.90 1 5
 20090516 1200 26.60 1 5
 20090517 1200 26.59 1 5
 20090518 1200 26.61 1 5
 20090519 1200 26.68 1 5
 20090520 1200 26.87 1 5
 20090521 1200 26.93 1 5
 20090522 1200 27.00 1 5
 20090523 1200 26.94 1 5
 20090524 1200 26.86 1 5
 20090525 1200 26.70 1 5
 20090526 1200 26.51 1 5
 20090527 1200 26.40 1 5
 20090528 1200 26.31 1 5
 20090529 1200 26.18 1 5
 20090530 1200 26.10 1 5
 20090531 1200 25.90 1 5
 20090601 1200 25.23 1 5
 20090602 1200 25.10 1 5
 20090603 1200 25.10 1 5
 20090604 1200 25.16 1 5
 20090605 1200 25.21 1 5
 20090606 1200 25.13 1 5
 20090607 1200 25.10 1 5
 20090608 1200 25.15 1 5
 20090609 1200 25.12 1 5
 20090610 1200 25.13 1 5
 20090611 1200 25.16 1 5
 20090612 1200 25.25 1 5
 20090613 1200 25.17 1 5
 20090614 1200 25.17 1 5
 20090615 1200 25.21 1 5
 20090616 1200 25.22 1 5
 20090617 1200 25.19 1 5
 20090618 1200 25.20 1 5
 20090619 1200 25.21 1 5
 20090620 1200 25.20 1 5
 20090621 1200 25.20 1 5
 20090622 1200 25.21 1 5
 20090623 1200 25.21 1 5
 20090624 1200 25.34 1 5
 20090625 1200 25.31 1 5
 20090626 1200 25.34 1 5
 20090627 1200 25.22 1 5
 20090628 1200 25.13 1 5
 20090629 1200 25.04 1 5
 20090630 1200 24.96 1 5
 20090701 1200 24.96 1 5
 20090702 1200 25.00 1 5
 20090703 1200 25.00 1 5
 20090704 1200 24.90 1 5
 20090705 1200 24.86 1 5
 20090706 1200 24.85 1 5
 20090707 1200 24.86 1 5
 20090708 1200 24.70 1 5
 20090709 1200 24.70 1 5
 20090710 1200 24.73 1 5
 20090711 1200 24.62 1 5
 20090712 1200 24.62 1 5
 20090713 1200 24.48 1 5
 20090714 1200 24.19 1 5
 20090715 1200 24.13 1 5
 20090716 1200 24.16 1 5
 20090717 1200 24.07 1 5
 20090718 1200 24.01 1 5
 20090719 1200 24.17 1 5
 20090720 1200 24.31 1 5
 20090721 1200 24.17 1 5
 20090722 1200 24.15 1 5
 20090723 1200 24.13 1 5
 20090724 1200 24.04 1 5
 20090725 1200 23.99 1 5
 20090726 1200 23.94 1 5
 20090727 1200 23.78 1 5
 20090728 1200 23.74 1 5
 20090729 1200 23.79 1 5
 20090730 1200 23.92 1 5
 20090731 1200 23.91 1 5
 20090801 1200 23.83 1 5
 20090802 1200 23.73 1 5
 20090803 1200 23.71 1 5
 20090804 1200 23.76 1 5
 20090805 1200 23.78 1 5
 20090806 1200 23.53 1 5
 20090807 1200 23.14 1 5
 20090808 1200 22.94 1 5
 20090809 1200 22.85 1 5
 20090810 1200 22.87 1 5
 20090811 1200 22.84 1 5
 20090812 1200 22.68 1 5
 20090813 1200 22.68 1 5
 20090814 1200 22.71 1 5
 20090815 1200 22.75 1 5
 20090816 1200 22.91 1 5
 20090817 1200 22.83 1 5
 20090818 1200 22.83 1 5
 20090819 1200 22.83 1 5
 20090820 1200 22.90 1 5
 20090821 1200 22.90 1 5
 20090822 1200 22.89 1 5
 20090823 1200 22.92 1 5
 20090824 1200 22.89 1 5
 20090825 1200 22.85 1 5
 20090826 1200 22.85 1 5
 20090827 1200 22.93 1 5
 20090828 1200 22.97 1 5
 20090829 1200 22.98 1 5
 20090830 1200 22.99 1 5
 20090831 1200 22.95 1 5
 20090901 1200 22.96 1 5
 20090902 1200 22.96 1 5
 20090903 1200 22.95 1 5
 20090904 1200 22.93 1 5
 20090905 1200 22.94 1 5
 20090906 1200 22.90 1 5
 20090907 1200 22.86 1 5
 20090908 1200 22.81 1 5
 20090909 1200 22.82 1 5
 20090910 1200 22.88 1 5
 20090911 1200 22.86 1 5
 20090912 1200 22.83 1 5
 20090913 1200 22.80 1 5
 20090914 1200 23.04 1 5
 20090915 1200 23.07 1 5
 20090916 1200 23.01 1 5
 20090917 1200 22.97 1 5
 20090918 1200 22.88 1 5
 20090919 1200 22.79 1 5
 20090920 1200 22.89 1 5
 20090921 1200 22.92 1 5
 20090922 1200 22.84 1 5
 20090923 1200 22.75 1 5
 20090924 1200 22.75 1 5
 20090925 1200 22.73 1 5
 20090926 1200 22.73 1 5
 20090927 1200 22.72 1 5
 20090928 1200 22.75 1 5
 20090929 1200 22.79 1 5
 20090930 1200 22.77 1 5
 20091001 1200 22.79 1 5
 20091002 1200 22.76 1 5
 20091003 1200 22.73 1 5
 20091004 1200 22.30 1 5
 20091005 1200 22.04 1 5
 20091006 1200 22.01 1 5
 20091007 1200 22.05 1 5
 20091008 1200 22.08 1 5
 20091009 1200 22.15 1 5
 20091010 1200 22.14 1 5
 20091011 1200 22.04 1 5
 20091012 1200 22.05 1 5
 20091013 1200 22.14 1 5
 20091014 1200 22.08 1 5
 20091015 1200 22.14 1 5
 20091016 1200 22.15 1 5
 20091017 1200 22.15 1 5
 20091018 1200 22.24 1 5
 20091019 1200 22.25 1 5
 20091020 1200 22.25 1 5
 20091021 1200 22.17 1 5
 20091022 1200 22.27 1 5
 20091023 1200 22.31 1 5
 20091024 1200 22.36 1 5
 20091025 1200 22.40 1 5
 20091026 1200 22.56 1 5
 20091027 1200 22.66 1 5
 20091028 1200 22.86 1 5
 20091029 1200 22.96 1 5
 20091030 1200 22.99 1 5
 20091031 1200 23.04 1 5
 20091101 1200 23.24 1 5
 20091102 1200 23.26 1 5
 20091103 1200 23.25 1 5
 20091104 1200 23.24 1 5
 20091105 1200 23.16 1 5
 20091106 1200 23.16 1 5
 20091107 1200 23.16 1 5
 20091108 1200 23.07 1 5
 20091109 1200 23.20 1 5
 20091110 1200 23.17 1 5
 20091111 1200 23.10 1 5
 20091112 1200 23.16 1 5
 20091113 1200 23.21 1 5
 20091114 1200 23.14 1 5
 20091115 1200 23.21 1 5
 20091116 1200 23.23 1 5
 20091117 1200 23.28 1 5
 20091118 1200 23.25 1 5
 20091119 1200 23.26 1 5
 20091120 1200 23.29 1 5
 20091121 1200 23.32 1 5
 20091122 1200 23.32 1 5
 20091123 1200 23.37 1 5
 20091124 1200 23.46 1 5
 20091125 1200 23.49 1 5
 20091126 1200 23.48 1 5
 20091127 1200 23.44 1 5
 20091128 1200 23.39 1 5
 20091129 1200 23.55 1 5
 20091130 1200 23.59 1 5
 20091201 1200 23.63 1 5
 20091202 1200 23.48 1 5
 20091203 1200 23.55 1 5
 20091204 1200 23.65 1 5
 20091205 1200 23.68 1 5
 20091206 1200 23.66 1 5
 20091207 1200 23.65 1 5
 20091208 1200 23.69 1 5
 20091209 1200 23.74 1 5
 20091210 1200 23.76 1 5
 20091211 1200 23.86 1 5
 20091212 1200 23.88 1 5
 20091213 1200 23.85 1 5
 20091214 1200 23.85 1 5
 20091215 1200 23.88 1 5
 20091216 1200 24.13 1 5
 20091217 1200 24.11 1 5
 20091218 1200 24.14 1 5
 20091219 1200 24.11 1 5
 20091220 1200 24.26 1 5
 20091221 1200 24.52 1 5
 20091222 1200 24.69 1 5
 20091223 1200 24.74 1 5
 20091224 1200 24.74 1 5
 20091225 1200 24.72 1 5
 20091226 1200 24.69 1 5
 20091227 1200 24.65 1 5
 20091228 1200 24.63 1 5
 20091229 1200 24.63 1 5
 20091230 1200 24.67 1 5
 20091231 1200 24.68 1 5
 20100101 1200 24.70 1 5
 20100102 1200 24.74 1 5
 20100103 1200 24.75 1 5
 20100104 1200 24.79 1 5
 20100105 1200 24.82 1 5
 20100106 1200 24.82 1 5
 20100107 1200 24.81 1 5
 20100108 1200 24.81 1 5
 20100109 1200 24.85 1 5
 20100110 1200 24.91 1 5
 20100111 1200 24.98 1 5
 20100112 1200 25.00 1 5
 20100113 1200 24.98 1 5
 20100114 1200 25.04 1 5
 20100115 1200 25.10 1 5
 20100116 1200 25.13 1 5
 20100117 1200 25.18 1 5
 20100118 1200 25.19 1 5
 20100119 1200 25.20 1 5
 20100120 1200 25.18 1 5
 20100121 1200 25.18 1 5
 20100122 1200 25.29 1 5
 20100123 1200 25.35 1 5
 20100124 1200 25.38 1 5
 20100125 1200 25.40 1 5
 20100126 1200 25.45 1 5
 20100127 1200 25.51 1 5
 20100128 1200 25.53 1 5
 20100129 1200 25.53 1 5
 20100130 1200 25.51 1 5
 20100131 1200 25.51 1 5
 20100201 1200 25.53 1 5
 20100202 1200 25.59 1 5
 20100203 1200 25.62 1 5
 20100204 1200 25.52 1 5
 20100205 1200 25.51 1 5
 20100206 1200 25.75 1 5
 20100207 1200 25.83 1 5
 20100208 1200 25.88 1 5
 20100209 1200 25.90 1 5
 20100210 1200 26.21 1 5
 20100211 1200 26.43 1 5
 20100212 1200 26.51 1 5
 20100213 1200 26.58 1 5
 20100214 1200 26.70 1 5
 20100215 1200 26.69 1 5
 20100216 1200 26.53 1 5
 20100217 1200 26.54 1 5
 20100218 1200 26.74 1 5
 20100219 1200 26.84 1 5
 20100220 1200 26.91 1 5
 20100221 1200 26.97 1 5
 20100222 1200 26.88 1 5
 20100223 1200 26.91 1 5
 20100224 1200 27.04 1 5
 20100225 1200 27.11 1 5
 20100226 1200 27.14 1 5
 20100227 1200 27.16 1 5
 20100228 1200 27.17 1 5
 20100301 1200 27.20 1 5
 20100302 1200 27.22 1 5
 20100303 1200 27.21 1 5
 20100304 1200 27.11 1 5
 20100305 1200 27.09 1 5
 20100306 1200 27.12 1 5
 20100307 1200 27.10 1 5
 20100308 1200 27.10 1 5
 20100309 1200 27.08 1 5
 20100310 1200 27.09 1 5
 20100311 1200 27.17 1 5
 20100312 1200 27.28 1 5
 20100313 1200 27.03 1 5
 20100314 1200 27.23 1 5
 20100315 1200 27.30 1 5
 20100316 1200 27.35 1 5
 20100317 1200 27.38 1 5
 20100318 1200 27.42 1 5
 20100319 1200 27.42 1 5
 20100320 1200 27.40 1 5
 20100321 1200 27.29 1 5
 20100322 1200 27.37 1 5
 20100323 1200 27.48 1 5
 20100324 1200 27.51 1 5
 20100325 1200 27.54 1 5
 20100326 1200 27.58 1 5
 20100327 1200 27.65 1 5
 20100328 1200 27.62 1 5
 20100329 1200 27.55 1 5
 20100330 1200 27.55 1 5
 20100331 1200 27.58 1 5
 20100401 1200 27.57 1 5
 20100402 1200 27.63 1 5
 20100403 1200 27.60 1 5
 20100404 1200 27.51 1 5
 20100405 1200 27.46 1 5
 20100406 1200 27.49 1 5
 20100407 1200 27.56 1 5
 20100408 1200 27.59 1 5
 20100409 1200 27.63 1 5
 20100410 1200 27.84 1 5
 20100411 1200 27.86 1 5
 20100412 1200 27.89 1 5
 20100413 1200 27.87 1 5
 20100414 1200 27.92 1 5
 20100415 1200 27.88 1 5
 20100416 1200 27.84 1 5
 20100417 1200 27.78 1 5
 20100418 1200 27.75 1 5
 20100419 1200 27.69 1 5
 20100420 1200 27.62 1 5
 20100421 1200 27.59 1 5
 20100422 1200 27.48 1 5
 20100423 1200 27.28 1 5
 20100424 1200 27.30 1 5
 20100425 1200 27.47 1 5
 20100426 1200 27.51 1 5
 20100427 1200 27.44 1 5
 20100428 1200 27.43 1 5
 20100429 1200 27.51 1 5
 20100430 1200 27.50 1 5
 20100501 1200 27.47 1 5
 20100502 1200 27.48 1 5
 20100503 1200 27.48 1 5
 20100504 1200 27.56 1 5
 20100505 1200 27.57 1 5
 20100506 1200 27.53 1 5
 20100507 1200 27.53 1 5
 20100508 1200 27.44 1 5
 20100509 1200 27.46 1 5
 20100510 1200 27.47 1 5
 20100511 1200 27.43 1 5
 20100512 1200 27.37 1 5
 20100513 1200 27.37 1 5
 20100514 1200 27.38 1 5
 20100515 1200 27.34 1 5
 20100516 1200 27.24 1 5
 20100517 1200 27.26 1 5
 20100518 1200 26.86 1 5
 20100519 1200 26.10 1 5
 20100520 1200 25.73 1 5
 20100521 1200 25.76 1 5
 20100522 1200 25.64 1 5
 20100523 1200 25.40 1 5
 20100524 1200 25.35 1 5
 20100525 1200 25.35 1 5
 20100526 1200 25.37 1 5
 20100527 1200 25.47 1 5
 20100528 1200 25.46 1 5
 20100529 1200 25.49 1 5
 20100530 1200 25.60 1 5
 20100531 1200 25.55 1 5
 20100601 1200 25.38 1 5
 20100602 1200 25.54 1 5
 20100603 1200 25.64 1 5
 20100604 1200 25.74 1 5
 20100605 1200 25.66 1 5
 20100606 1200 25.57 1 5
 20100607 1200 25.44 1 5
 20100608 1200 25.62 1 5
 20100609 1200 25.76 1 5
 20100610 1200 25.74 1 5
 20100611 1200 25.69 1 5
 20100612 1200 24.55 1 5
 20100613 1200 23.92 1 5
 20100614 1200 23.76 1 5
 20100615 1200 23.74 1 5
 20100616 1200 23.74 1 5
 20100617 1200 23.80 1 5
 20100618 1200 23.92 1 5
 20100619 1200 24.26 1 5
 20100620 1200 24.47 1 5
 20100621 1200 24.47 1 5
 20100622 1200 24.46 1 5
 20100623 1200 24.53 1 5
 20100624 1200 24.60 1 5
 20100625 1200 24.57 1 5
 20100626 1200 24.44 1 5
 20100627 1200 24.33 1 5
 20100628 1200 23.96 1 5
 20100629 1200 23.24 1 5
 20100630 1200 22.55 1 5
 20100701 1200 22.41 1 5
 20100702 1200 22.48 1 5
 20100703 1200 22.61 1 5
 20100704 1200 22.56 1 5
 20100705 1200 22.54 1 5
 20100706 1200 22.77 1 5
 20100707 1200 22.98 1 5
 20100708 1200 23.09 1 5
 20100709 1200 23.18 1 5
 20100710 1200 23.21 1 5
 20100711 1200 23.27 1 5
 20100712 1200 23.48 1 5
 20100713 1200 23.82 1 5
 20100714 1200 23.75 1 5
 20100715 1200 23.70 1 5
 20100716 1200 23.64 1 5
 20100717 1200 23.51 1 5
 20100718 1200 23.34 1 5
 20100719 1200 22.83 1 5
 20100720 1200 22.62 1 5
 20100721 1200 22.83 1 5
 20100722 1200 23.04 1 5
 20100723 1200 23.14 1 5
 20100724 1200 23.15 2 5
 20100725 1200 23.06 2 5
 20100726 1200 22.94 2 5
 20100727 1200 22.99 2 5
 20100728 1200 23.01 2 5
 20100729 1200 22.99 2 5
 20100730 1200 22.92 2 5
 20100731 1200 22.67 1 5
 20100801 1200 22.55 1 5
 20100802 1200 22.73 1 5
 20100803 1200 22.77 1 5
 20100804 1200 22.67 1 5
 20100805 1200 22.36 1 5
 20100806 1200 22.22 1 5
 20100807 1200 22.43 1 5
 20100808 1200 22.67 1 5
 20100809 1200 21.96 1 5
 20100810 1200 21.59 1 5
 20100811 1200 21.63 1 5
 20100812 1200 21.63 1 5
 20100813 1200 21.08 1 5
 20100814 1200 20.49 1 5
 20100815 1200 20.35 1 5
 20100816 1200 20.42 1 5
 20100817 1200 20.30 1 5
 20100818 1200 20.30 1 5
 20100819 1200 20.28 1 5
 20100820 1200 20.38 1 5
 20100821 1200 20.30 1 5
 20100822 1200 20.31 1 5
 20100823 1200 20.33 1 5
 20100824 1200 20.42 1 5
 20100825 1200 20.54 1 5
 20100826 1200 20.55 1 5
 20100827 1200 20.58 1 5
 20100828 1200 20.66 1 5
 20100829 1200 20.75 1 5
 20100830 1200 20.88 1 5
 20100831 1200 20.92 1 5
 20100901 1200 20.92 1 5
 20100902 1200 20.77 1 5
 20100903 1200 20.75 1 5
 20100904 1200 21.00 1 5
 20100905 1200 20.95 1 5
 20100906 1200 20.97 1 5
 20100907 1200 21.08 1 5
 20100908 1200 21.03 1 5
 20100909 1200 21.21 1 5
 20100910 1200 21.28 1 5
 20100911 1200 21.33 1 5
 20100912 1200 21.33 1 5
 20100913 1200 21.07 1 5
 20100914 1200 20.11 1 5
 20100915 1200 19.66 1 5
 20100916 1200 19.62 1 5
 20100917 1200 19.81 1 5
 20100918 1200 20.01 1 5
 20100919 1200 20.22 1 5
 20100920 1200 20.32 1 5
 20100921 1200 20.43 1 5
 20100922 1200 20.61 1 5
 20100923 1200 20.55 1 5
 20100924 1200 20.70 1 5
 20100925 1200 20.89 1 5
 20100926 1200 21.04 1 5
 20100927 1200 21.04 1 5
 20100928 1200 20.97 1 5
 20100929 1200 20.88 1 5
 20100930 1200 21.04 1 5
 20101001 1200 21.07 1 5
 20101002 1200 21.08 1 5
 20101003 1200 21.16 1 5
 20101004 1200 21.22 1 5
 20101005 1200 21.26 1 5
 20101006 1200 21.38 1 5
 20101007 1200 21.42 1 5
 20101008 1200 21.41 1 5
 20101009 1200 21.46 1 5
 20101010 1200 21.45 1 5
 20101011 1200 21.45 1 5
 20101012 1200 21.47 1 5
 20101013 1200 21.48 1 5
 20101014 1200 21.52 1 5
 20101015 1200 21.55 1 5
 20101016 1200 21.54 1 5
 20101017 1200 21.53 1 5
 20101018 1200 21.60 1 5
 20101019 1200 21.70 1 5
 20101020 1200 21.70 1 5
 20101021 1200 21.57 1 5
 20101022 1200 21.53 1 5
 20101023 1200 21.53 1 5
 20101024 1200 21.57 1 5
 20101025 1200 21.67 1 5
 20101026 1200 21.60 1 5
 20101027 1200 21.50 1 5
 20101028 1200 21.56 1 5
 20101029 1200 21.55 1 5
 20101030 1200 21.52 1 5
 20101031 1200 21.42 1 5
 20101101 1200 21.36 1 5
 20101102 1200 21.26 1 5
 20101103 1200 21.20 1 5
 20101104 1200 21.23 1 5
 20101105 1200 21.27 1 5
 20101106 1200 21.27 1 5
 20101107 1200 21.48 1 5
 20101108 1200 21.75 1 5
 20101109 1200 21.80 1 5
 20101110 1200 21.80 1 5
 20101111 1200 21.82 1 5
 20101112 1200 21.92 1 5
 20101113 1200 21.96 1 5
 20101114 1200 21.99 1 5
 20101115 1200 22.00 1 5
 20101116 1200 22.21 1 5
 20101117 1200 22.31 1 5
 20101118 1200 22.23 1 5
 20101119 1200 22.20 1 5
 20101120 1200 22.14 1 5
 20101121 1200 22.18 1 5
 20101122 1200 22.21 1 5
 20101123 1200 22.28 1 5
 20101124 1200 22.30 1 5
 20101125 1200 22.23 1 5
 20101126 1200 22.34 1 5
 20101127 1200 22.28 1 5
 20101128 1200 22.06 1 5
 20101129 1200 21.82 1 5
 20101130 1200 21.73 1 5
 20101201 1200 21.55 1 5
 20101202 1200 21.44 1 5
 20101203 1200 21.49 1 5
 20101204 1200 21.57 1 5
 20101205 1200 21.74 1 5
 20101206 1200 21.80 1 5
 20101207 1200 21.82 1 5
 20101208 1200 21.86 1 5
 20101209 1200 21.95 1 5
 20101210 1200 21.98 1 5
 20101211 1200 22.03 1 5
 20101212 1200 22.14 1 5
 20101213 1200 22.41 1 5
 20101214 1200 22.66 1 5
 20101215 1200 22.70 1 5
 20101216 1200 22.77 1 5
 20101217 1200 22.77 1 5
 20101218 1200 22.69 1 5
 20101219 1200 22.82 1 5
 20101220 1200 22.89 1 5
 20101221 1200 22.94 1 5
 20101222 1200 23.06 1 5
 20101223 1200 23.17 1 5
 20101224 1200 23.13 1 5
 20101225 1200 23.20 1 5
 20101226 1200 23.37 1 5
 20101227 1200 23.48 1 5
 20101228 1200 23.51 1 5
 20101229 1200 23.56 1 5
 20101230 1200 23.63 1 5
 20101231 1200 23.64 1 5
 20110101 1200 23.76 1 5
 20110102 1200 23.84 1 5
 20110103 1200 23.89 1 5
 20110104 1200 23.93 1 5
 20110105 1200 24.03 1 5
 20110106 1200 24.15 1 5
 20110107 1200 24.20 1 5
 20110108 1200 24.19 1 5
 20110109 1200 24.29 1 5
 20110110 1200 24.46 1 5
 20110111 1200 24.65 1 5
 20110112 1200 24.81 1 5
 20110113 1200 24.81 1 5
 20110114 1200 24.85 1 5
 20110115 1200 24.82 1 5
 20110116 1200 24.81 1 5
 20110117 1200 25.09 1 5
 20110118 1200 25.27 1 5
 20110119 1200 25.32 1 5
 20110120 1200 25.46 1 5
 20110121 1200 25.37 1 5
 20110122 1200 25.22 1 5
 20110123 1200 25.00 1 5
 20110124 1200 24.97 1 5
 20110125 1200 25.07 1 5
 20110126 1200 25.12 1 5
 20110127 1200 25.22 1 5
 20110128 1200 25.26 1 5
 20110129 1200 25.43 1 5
 20110130 1200 25.42 1 5
 20110131 1200 25.32 1 5
 20110201 1200 25.15 1 5
 20110202 1200 25.48 1 5
 20110203 1200 25.93 1 5
 20110204 1200 25.96 1 5
 20110205 1200 25.93 1 5
 20110206 1200 25.75 1 5
 20110207 1200 26.19 1 5
 20110208 1200 26.44 1 5
 20110209 1200 26.58 1 5
 20110210 1200 26.71 1 5
 20110211 1200 26.68 1 5
 20110212 1200 27.16 1 5
 20110213 1200 27.16 1 5
 20110214 1200 27.21 1 5
 20110215 1200 27.14 1 5
 20110216 1200 26.99 1 5
 20110217 1200 26.94 1 5
 20110218 1200 26.87 1 5
 20110219 1200 26.87 1 5
 20110220 1200 26.83 1 5
 20110221 1200 26.65 1 5
 20110222 1200 26.75 1 5
 20110223 1200 26.90 1 5
 20110224 1200 26.76 1 5
 20110225 1200 26.67 1 5
 20110226 1200 26.66 1 5
 20110227 1200 27.01 1 5
 20110228 1200 27.17 1 5
 20110301 1200 26.84 1 5
 20110302 1200 26.42 1 5
 20110303 1200 26.23 1 5
 20110304 1200 25.81 1 5
 20110305 1200 25.46 1 5
 20110306 1200 25.65 1 5
 20110307 1200 25.63 1 5
 20110308 1200 25.86 1 5
 20110309 1200 26.07 1 5
 20110310 1200 26.26 1 5
 20110311 1200 26.70 1 5
 20110312 1200 27.05 1 5
 20110313 1200 27.27 1 5
 20110314 1200 27.48 1 5
 20110315 1200 27.22 1 5
 20110316 1200 27.26 1 5
 20110317 1200 27.37 1 5
 20110318 1200 27.32 1 5
 20110319 1200 27.42 1 5
 20110320 1200 27.61 1 5
 20110321 1200 27.82 1 5
 20110322 1200 28.04 1 5
 20110323 1200 28.01 1 5
 20110324 1200 28.15 1 5
 20110325 1200 27.73 1 5
 20110326 1200 27.72 1 5
 20110327 1200 27.75 1 5
 20110328 1200 27.32 1 5
 20110329 1200 27.23 1 5
 20110330 1200 27.25 1 5
 20110331 1200 27.52 1 5
 20110401 1200 27.44 1 5
 20110402 1200 27.31 1 5
 20110403 1200 27.29 1 5
 20110404 1200 27.25 1 5
 20110405 1200 26.96 1 5
 20110406 1200 26.90 1 5
 20110407 1200 26.89 1 5
 20110408 1200 26.92 1 5
 20110409 1200 26.86 1 5
 20110410 1200 26.95 1 5
 20110411 1200 26.74 1 5
 20110412 1200 26.67 1 5
 20110413 1200 26.63 1 5
 20110414 1200 26.63 1 5
 20110415 1200 26.76 1 5
 20110416 1200 26.68 1 5
 20110417 1200 26.80 1 5
 20110418 1200 26.95 1 5
 20110419 1200 27.08 1 5
 20110420 1200 26.99 1 5
 20110421 1200 26.89 1 5
 20110422 1200 26.90 1 5
 20110423 1200 26.90 1 5
 20110424 1200 26.94 1 5
 20110425 1200 26.93 1 5
 20110426 1200 26.85 1 5
 20110427 1200 26.82 1 5
 20110428 1200 26.99 1 5
 20110429 1200 27.10 1 5
 20110430 1200 27.00 1 5
 20110501 1200 26.88 1 5
 20110502 1200 26.98 1 5
 20110503 1200 26.96 1 5
 20110504 1200 26.95 1 5
 20110505 1200 26.88 1 5
 20110506 1200 26.92 1 5
 20110507 1200 26.87 1 5
 20110508 1200 26.81 1 5
 20110509 1200 26.79 1 5
 20110510 1200 26.65 1 5
 20110511 1200 26.54 1 5
 20110512 1200 26.56 1 5
 20110513 1200 26.53 1 5
 20110514 1200 26.48 1 5
 20110515 1200 26.27 1 5
 20110516 1200 26.13 1 5
 20110517 1200 26.00 1 5
 20110518 1200 25.95 1 5
 20110519 1200 25.99 1 5
 20110520 1200 25.98 1 5
 20110521 1200 25.96 1 5
 20110522 1200 25.89 1 5
 20110523 1200 25.77 1 5
 20110524 1200 25.71 1 5
 20110525 1200 25.72 1 5
 20110526 1200 25.61 1 5
 20110527 1200 25.53 1 5
 20110528 1200 25.62 1 5
 20110529 1200 25.67 1 5
 20110530 1200 25.53 1 5
 20110531 1200 25.26 1 5
 20110601 1200 25.08 1 5
 20110602 1200 25.10 1 5
 20110603 1200 25.15 1 5
 20110604 1200 25.06 1 5
 20110605 1200 25.07 1 5
 20110606 1200 25.09 1 5
 20110607 1200 25.15 1 5
 20110608 1200 25.06 1 5
 20110609 1200 25.08 1 5
 20110610 1200 25.08 1 5
 20110611 1200 25.18 1 5
 20110612 1200 25.14 1 5
 20110613 1200 25.18 1 5
 20110614 1200 25.24 1 5
 20110615 1200 25.35 1 5
 20110616 1200 25.29 1 5
 20110617 1200 25.22 1 5
 20110618 1200 25.36 1 5
 20110619 1200 25.36 1 5
 20110620 1200 25.06 1 5
 20110621 1200 24.94 1 5
 20110622 1200 25.01 1 5
 20110623 1200 25.02 1 5
 20110624 1200 25.01 1 5
 20110625 1200 24.97 1 5
 20110626 1200 24.90 1 5
 20110627 1200 24.81 1 5
 20110628 1200 24.94 1 5
 20110629 1200 24.95 1 5
 20110630 1200 25.01 1 5
 20110701 1200 24.98 1 5
 20110702 1200 24.92 1 5
 20110703 1200 24.78 1 5
 20110704 1200 24.69 1 5
 20110705 1200 24.74 1 5
 20110706 1200 24.79 1 5
 20110707 1200 24.62 1 5
 20110708 1200 24.67 1 5
 20110709 1200 24.66 1 5
 20110710 1200 24.61 1 5
 20110711 1200 24.55 1 5
 20110712 1200 24.52 1 5
 20110713 1200 24.36 1 5
 20110714 1200 24.22 1 5
 20110715 1200 24.11 1 5
 20110716 1200 24.10 1 5
 20110717 1200 23.97 1 5
 20110718 1200 23.74 1 5
 20110719 1200 23.72 1 5
 20110720 1200 23.68 1 5
 20110721 1200 23.41 1 5
 20110722 1200 23.34 1 5
 20110723 1200 23.33 1 5
 20110724 1200 23.35 1 5
 20110725 1200 23.45 1 5
 20110726 1200 23.66 1 5
 20110727 1200 23.81 1 5
 20110728 1200 23.88 1 5
 20110729 1200 23.87 1 5
 20110730 1200 23.81 1 5
 20110731 1200 23.81 1 5
 20110801 1200 23.83 1 5
 20110802 1200 23.77 1 5
 20110803 1200 23.70 1 5
 20110804 1200 23.61 1 5
 20110805 1200 23.51 1 5
 20110806 1200 23.48 1 5
 20110807 1200 23.43 1 5
 20110808 1200 23.18 1 5
 20110809 1200 22.90 1 5
 20110810 1200 22.79 1 5
 20110811 1200 22.85 1 5
 20110812 1200 22.91 1 5
 20110813 1200 22.95 1 5
 20110814 1200 22.92 1 5
 20110815 1200 22.94 1 5
 20110816 1200 23.01 1 5
 20110817 1200 22.97 1 5
 20110818 1200 22.95 1 5
 20110819 1200 22.93 1 5
 20110820 1200 22.96 1 5
 20110821 1200 22.93 1 5
 20110822 1200 22.90 1 5
 20110823 1200 22.76 1 5
 20110824 1200 22.55 1 5
 20110825 1200 22.63 1 5
 20110826 1200 22.78 1 5
 20110827 1200 22.79 1 5
 20110828 1200 22.59 1 5
 20110829 1200 22.45 1 5
 20110830 1200 22.57 1 5
 20110831 1200 22.54 1 5
 20110901 1200 22.54 1 5
 20110902 1200 22.54 1 5
 20110903 1200 22.59 1 5
 20110904 1200 22.60 1 5
 20110905 1200 22.44 1 5
 20110906 1200 22.43 1 5
 20110907 1200 22.26 1 5
 20110908 1200 22.30 1 5
 20110909 1200 22.40 1 5
 20110910 1200 22.36 1 5
 20110911 1200 22.33 1 5
 20110912 1200 22.39 1 5
 20110913 1200 22.43 1 5
 20110914 1200 22.41 1 5
 20110915 1200 22.48 1 5
 20110916 1200 22.50 1 5
 20110917 1200 22.44 1 5
 20110918 1200 22.32 1 5
 20110919 1200 22.24 1 5
 20110920 1200 22.12 1 5
 20110921 1200 22.06 1 5
 20110922 1200 22.01 1 5
 20110923 1200 22.20 1 5
 20110924 1200 22.23 1 5
 20110925 1200 22.15 1 5
 20110926 1200 22.13 1 5
 20110927 1200 21.71 1 5
 20110928 1200 21.50 1 5
 20110929 1200 21.39 1 5
 20110930 1200 21.20 1 5
 20111001 1200 21.23 1 5
 20111002 1200 21.27 1 5
 20111003 1200 21.21 1 5
 20111004 1200 21.68 1 5
 20111005 1200 21.75 1 5
 20111006 1200 21.80 1 5
 20111007 1200 21.86 1 5
 20111008 1200 21.92 1 5
 20111009 1200 21.82 1 5
 20111010 1200 21.76 1 5
 20111011 1200 21.71 1 5
 20111012 1200 21.73 1 5
 20111013 1200 21.80 1 5
 20111014 1200 21.89 1 5
 20111015 1200 21.89 1 5
 20111016 1200 21.92 1 5
 20111017 1200 22.09 1 5
 20111018 1200 22.32 1 5
 20111019 1200 22.47 1 5
 20111020 1200 22.54 1 5
 20111021 1200 22.65 1 5
 20111022 1200 22.69 1 5
 20111023 1200 22.76 1 5
 20111024 1200 22.59 1 5
 20111025 1200 22.38 1 5
 20111026 1200 22.06 1 5
 20111027 1200 22.12 1 5
 20111028 1200 22.24 1 5
 20111029 1200 22.25 1 5
 20111030 1200 22.16 1 5
 20111031 1200 22.25 1 5
 20111101 1200 22.37 1 5
 20111102 1200 22.34 1 5
 20111103 1200 22.38 1 5
 20111104 1200 22.66 1 5
 20111105 1200 22.99 1 5
 20111106 1200 23.05 1 5
 20111107 1200 23.03 1 5
 20111108 1200 22.96 1 5
 20111109 1200 22.98 1 5
 20111110 1200 22.99 1 5
 20111111 1200 22.99 1 5
 20111112 1200 22.85 1 5
 20111113 1200 22.66 1 5
 20111114 1200 22.48 1 5
 20111115 1200 22.19 1 5
 20111116 1200 22.19 1 5
 20111117 1200 22.37 1 5
 20111118 1200 22.52 1 5
 20111119 1200 22.52 1 5
 20111120 1200 22.53 1 5
 20111121 1200 22.75 1 5
 20111122 1200 22.91 1 5
 20111123 1200 22.86 1 5
 20111124 1200 22.80 1 5
 20111125 1200 22.73 1 5
 20111126 1200 22.69 1 5
 20111127 1200 22.80 1 5
 20111128 1200 22.91 1 5
 20111129 1200 23.00 1 5
 20111130 1200 23.05 1 5
 20111201 1200 23.14 1 5
 20111202 1200 23.18 1 5
 20111203 1200 23.15 1 5
 20111204 1200 23.12 1 5
 20111205 1200 23.35 1 5
 20111206 1200 23.41 1 5
 20111207 1200 23.43 1 5
 20111208 1200 23.41 1 5
 20111209 1200 23.46 1 5
 20111210 1200 23.62 1 5
 20111211 1200 23.64 1 5
 20111212 1200 23.67 1 5
 20111213 1200 23.72 1 5
 20111214 1200 23.77 1 5
 20111215 1200 23.83 1 5
 20111216 1200 23.89 1 5
 20111217 1200 24.00 1 5
 20111218 1200 24.02 1 5
 20111219 1200 23.89 1 5
 20111220 1200 23.92 1 5
 20111221 1200 24.11 1 5
 20111222 1200 24.22 1 5
 20111223 1200 24.26 1 5
 20111224 1200 24.28 1 5
 20111225 1200 24.11 1 5
 20111226 1200 23.78 1 5
 20111227 1200 23.76 1 5
 20111228 1200 23.76 1 5
 20111229 1200 23.79 1 5
 20111230 1200 23.91 1 5
 20111231 1200 23.94 1 5
 20120101 1200 24.00 1 5
 20120102 1200 23.99 1 5
 20120103 1200 24.06 1 5
 20120104 1200 24.26 1 5
 20120105 1200 24.40 1 5
 20120106 1200 24.54 1 5
 20120107 1200 24.53 1 5
 20120108 1200 24.45 1 5
 20120109 1200 24.50 1 5
 20120110 1200 24.53 1 5
 20120111 1200 24.99 1 5
 20120112 1200 25.24 1 5
 20120113 1200 25.19 1 5
 20120114 1200 25.22 1 5
 20120115 1200 25.33 1 5
 20120116 1200 25.41 1 5
 20120117 1200 25.30 1 5
 20120118 1200 25.25 1 5
 20120119 1200 25.29 1 5
 20120120 1200 25.24 1 5
 20120121 1200 25.20 1 5
 20120122 1200 25.29 1 5
 20120123 1200 25.44 1 5
 20120124 1200 25.43 1 5
 20120125 1200 25.65 1 5
 20120126 1200 25.57 1 5
 20120127 1200 25.60 1 5
 20120128 1200 26.09 1 5
 20120129 1200 26.27 1 5
 20120130 1200 26.34 1 5
 20120131 1200 26.30 1 5
 20120201 1200 26.30 1 5
 20120202 1200 26.41 1 5
 20120203 1200 26.32 1 5
 20120204 1200 26.13 1 5
 20120205 1200 26.20 1 5
 20120206 1200 26.52 1 5
 20120207 1200 26.73 1 5
 20120208 1200 26.19 1 5
 20120209 1200 26.11 1 5
 20120210 1200 26.42 1 5
 20120211 1200 26.46 1 5
 20120212 1200 26.48 1 5
 20120213 1200 26.54 1 5
 20120214 1200 26.65 1 5
 20120215 1200 26.74 1 5
 20120216 1200 27.10 1 5
 20120217 1200 27.60 1 5
 20120218 1200 27.72 1 5
 20120219 1200 -9.99 0 0
 20120220 1200 27.56 2 5
 20120221 1200 27.50 2 5
 20120222 1200 27.45 2 5
 20120223 1200 27.31 2 5
 20120224 1200 27.29 2 5
 20120225 1200 27.68 2 5
 20120226 1200 27.95 2 5
 20120227 1200 27.67 2 5
 20120228 1200 27.78 2 5
 20120229 1200 27.63 2 5
 20120301 1200 27.23 2 5
 20120302 1200 27.01 2 5
 20120303 1200 26.93 2 5
 20120304 1200 27.00 2 5
 20120305 1200 27.32 2 5
 20120306 1200 27.59 2 5
 20120307 1200 27.63 2 5
 20120308 1200 27.71 2 5
 20120309 1200 27.64 2 5
 20120310 1200 27.44 2 5
 20120311 1200 27.66 2 5
 20120312 1200 27.93 2 5
 20120313 1200 27.97 2 5
 20120314 1200 28.08 2 5
 20120315 1200 28.22 2 5
 20120316 1200 28.37 2 5
 20120317 1200 28.61 2 5
 20120318 1200 28.47 2 5
 20120319 1200 28.42 2 5
 20120320 1200 28.40 2 5
 20120321 1200 28.32 2 5
 20120322 1200 28.23 2 5
 20120323 1200 28.13 2 5
 20120324 1200 28.14 2 5
 20120325 1200 27.79 2 5
 20120326 1200 28.13 2 5
 20120327 1200 28.21 2 5
 20120328 1200 28.26 2 5
 20120329 1200 28.44 2 5
 20120330 1200 28.49 2 5
 20120331 1200 28.21 2 5
 20120401 1200 28.12 2 5
 20120402 1200 27.77 2 5
 20120403 1200 27.30 2 5
 20120404 1200 27.16 2 5
 20120405 1200 27.04 2 5
 20120406 1200 27.23 2 5
 20120407 1200 27.29 2 5
 20120408 1200 27.18 2 5
 20120409 1200 27.67 2 5
 20120410 1200 27.87 2 5
 20120411 1200 27.82 2 5
 20120412 1200 27.65 2 5
 20120413 1200 27.29 2 5
 20120414 1200 26.58 2 5
 20120415 1200 26.21 2 5
 20120416 1200 26.10 2 5
 20120417 1200 26.91 2 5
 20120418 1200 27.04 2 5
 20120419 1200 27.04 2 5
 20120420 1200 27.16 2 5
 20120421 1200 27.14 2 5
 20120422 1200 26.99 2 5
 20120423 1200 26.95 2 5
 20120424 1200 26.92 2 5
 20120425 1200 26.86 2 5
 20120426 1200 27.27 2 5
 20120427 1200 27.13 2 5
 20120428 1200 26.95 2 5
 20120429 1200 26.98 2 5
 20120430 1200 26.98 2 5
 20120501 1200 26.97 2 5
 20120502 1200 27.00 2 5
 20120503 1200 26.96 2 5
 20120504 1200 26.94 2 5
 20120505 1200 26.91 2 5
 20120506 1200 26.84 2 5
 20120507 1200 26.81 2 5
 20120508 1200 26.73 2 5
 20120509 1200 26.74 2 5
 20120510 1200 26.62 2 5
 20120511 1200 26.47 2 5
 20120512 1200 26.28 2 5
 20120513 1200 26.16 2 5
 20120514 1200 26.12 2 5
 20120515 1200 26.11 2 5
 20120516 1200 26.21 2 5
 20120517 1200 26.21 2 5
 20120518 1200 26.21 2 5
 20120519 1200 26.34 2 5
 20120520 1200 26.36 2 5
 20120521 1200 26.34 2 5
 20120522 1200 26.36 2 5
 20120523 1200 26.32 2 5
 20120524 1200 26.22 2 5
 20120525 1200 26.11 2 5
 20120526 1200 26.10 2 5
 20120527 1200 26.05 2 5
 20120528 1200 26.00 2 5
 20120529 1200 25.88 2 5
 20120530 1200 25.90 2 5
 20120531 1200 26.03 2 5
 20120601 1200 26.14 2 5
 20120602 1200 26.12 2 5
 20120603 1200 25.98 2 5
 20120604 1200 25.89 2 5
 20120605 1200 25.81 2 5
 20120606 1200 25.90 2 5
 20120607 1200 26.01 2 5
 20120608 1200 25.95 2 5
 20120609 1200 25.85 2 5
 20120610 1200 25.87 2 5
 20120611 1200 25.85 2 5
 20120612 1200 25.90 2 5
 20120613 1200 25.90 2 5
 20120614 1200 25.89 2 5
 20120615 1200 25.96 2 5
 20120616 1200 25.92 2 5
 20120617 1200 25.89 2 5
 20120618 1200 25.86 2 5
 20120619 1200 25.78 2 5
 20120620 1200 25.30 2 5
 20120621 1200 24.90 2 5
 20120622 1200 24.87 2 5
 20120623 1200 25.10 2 5
 20120624 1200 25.17 2 5
 20120625 1200 25.21 2 5
 20120626 1200 25.27 2 5
 20120627 1200 25.24 2 5
 20120628 1200 25.36 2 5
 20120629 1200 25.28 2 5
 20120630 1200 25.02 2 5
 20120701 1200 24.97 2 5
 20120702 1200 24.89 2 5
 20120703 1200 24.94 2 5
 20120704 1200 24.96 2 5
 20120705 1200 24.94 2 5
 20120706 1200 24.89 2 5
 20120707 1200 24.89 2 5
 20120708 1200 24.86 2 5
 20120709 1200 24.88 2 5
 20120710 1200 24.92 2 5
 20120711 1200 25.03 2 5
 20120712 1200 25.00 2 5
 20120713 1200 24.94 2 5
 20120714 1200 24.98 2 5
 20120715 1200 24.94 2 5
 20120716 1200 24.86 2 5
 20120717 1200 24.75 2 5
 20120718 1200 24.69 2 5
 20120719 1200 24.81 2 5
 20120720 1200 24.81 2 5
 20120721 1200 24.81 2 5
 20120722 1200 24.78 2 5
 20120723 1200 24.75 2 5
 20120724 1200 24.86 2 5
 20120725 1200 24.83 2 5
 20120726 1200 24.64 2 5
 20120727 1200 24.62 2 5
 20120728 1200 24.60 2 5
 20120729 1200 24.38 2 5
 20120730 1200 24.38 2 5
 20120731 1200 24.38 2 5
 20120801 1200 24.43 2 5
 20120802 1200 24.31 2 5
 20120803 1200 23.96 2 5
 20120804 1200 23.63 2 5
 20120805 1200 23.56 2 5
 20120806 1200 23.51 2 5
 20120807 1200 23.52 2 5
 20120808 1200 23.48 2 5
 20120809 1200 23.34 2 5
 20120810 1200 23.20 2 5
 20120811 1200 23.37 2 5
 20120812 1200 23.37 2 5
 20120813 1200 23.17 2 5
 20120814 1200 23.04 2 5
 20120815 1200 23.19 2 5
 20120816 1200 23.30 2 5
 20120817 1200 23.24 2 5
 20120818 1200 23.11 2 5
 20120819 1200 22.79 2 5
 20120820 1200 22.38 2 5
 20120821 1200 22.60 2 5
 20120822 1200 22.36 2 5
 20120823 1200 21.99 2 5
 20120824 1200 21.91 2 5
 20120825 1200 21.99 2 5
 20120826 1200 22.09 2 5
 20120827 1200 22.11 2 5
 20120828 1200 22.08 2 5
 20120829 1200 22.01 2 5
 20120830 1200 22.06 2 5
 20120831 1200 22.12 2 5
 20120901 1200 22.29 2 5
 20120902 1200 22.25 2 5
 20120903 1200 22.15 2 5
 20120904 1200 22.09 2 5
 20120905 1200 22.19 2 5
 20120906 1200 22.16 2 5
 20120907 1200 22.10 2 5
 20120908 1200 22.14 2 5
 20120909 1200 22.17 2 5
 20120910 1200 22.22 2 5
 20120911 1200 22.26 2 5
 20120912 1200 22.29 2 5
 20120913 1200 22.33 2 5
 20120914 1200 22.38 2 5
 20120915 1200 22.41 2 5
 20120916 1200 22.50 2 5
 20120917 1200 22.53 2 5
 20120918 1200 22.45 2 5
 20120919 1200 22.43 2 5
 20120920 1200 22.57 2 5
 20120921 1200 22.67 2 5
 20120922 1200 22.62 2 5
 20120923 1200 22.55 2 5
 20120924 1200 22.61 2 5
 20120925 1200 22.66 2 5
 20120926 1200 22.73 2 5
 20120927 1200 22.75 2 5
 20120928 1200 22.70 2 5
 20120929 1200 22.70 2 5
 20120930 1200 22.70 2 5
 20121001 1200 22.74 2 5
 20121002 1200 22.72 2 5
 20121003 1200 22.74 2 5
 20121004 1200 22.70 2 5
 20121005 1200 22.62 2 5
 20121006 1200 22.44 2 5
 20121007 1200 22.41 2 5
 20121008 1200 22.47 2 5
 20121009 1200 22.50 2 5
 20121010 1200 22.49 2 5
 20121011 1200 22.44 2 5
 20121012 1200 22.44 2 5
 20121013 1200 22.41 2 5
 20121014 1200 22.41 2 5
 20121015 1200 22.35 2 5
 20121016 1200 22.26 2 5
 20121017 1200 22.17 2 5
 20121018 1200 22.20 2 5
 20121019 1200 22.40 2 5
 20121020 1200 22.55 2 5
 20121021 1200 22.56 2 5
 20121022 1200 22.56 2 5
 20121023 1200 22.63 2 5
 20121024 1200 22.61 2 5
 20121025 1200 22.64 2 5
 20121026 1200 22.72 2 5
 20121027 1200 22.72 2 5
 20121028 1200 22.79 2 5
 20121029 1200 22.77 2 5
 20121030 1200 22.81 2 5
 20121031 1200 22.81 2 5
 20121101 1200 22.84 2 5
 20121102 1200 22.88 2 5
 20121103 1200 22.94 2 5
 20121104 1200 22.98 2 5
 20121105 1200 23.02 2 5
 20121106 1200 23.05 2 5
 20121107 1200 23.10 2 5
 20121108 1200 23.13 2 5
 20121109 1200 23.16 2 5
 20121110 1200 23.19 2 5
 20121111 1200 23.23 2 5
 20121112 1200 23.20 2 5
 20121113 1200 23.08 2 5
 20121114 1200 23.15 2 5
 20121115 1200 23.29 2 5
 20121116 1200 23.36 2 5
 20121117 1200 23.33 2 5
 20121118 1200 23.30 2 5
 20121119 1200 23.34 2 5
 20121120 1200 23.41 2 5
 20121121 1200 23.44 2 5
 20121122 1200 23.38 2 5
 20121123 1200 23.40 2 5
 20121124 1200 23.35 2 5
 20121125 1200 23.13 2 5
 20121126 1200 23.13 2 5
 20121127 1200 23.10 2 5
 20121128 1200 23.10 2 5
 20121129 1200 23.08 2 5
 20121130 1200 23.06 2 5
 20121201 1200 23.17 2 5
 20121202 1200 23.31 2 5
 20121203 1200 23.33 2 5
 20121204 1200 23.29 2 5
 20121205 1200 23.32 2 5
 20121206 1200 23.50 2 5
 20121207 1200 23.34 2 5
 20121208 1200 23.11 2 5
 20121209 1200 22.94 2 5
 20121210 1200 22.84 2 5
 20121211 1200 22.85 2 5
 20121212 1200 22.95 2 5
 20121213 1200 22.97 2 5
 20121214 1200 23.05 2 5
 20121215 1200 23.05 2 5
 20121216 1200 23.07 2 5
 20121217 1200 23.07 2 5
 20121218 1200 23.24 2 5
 20121219 1200 23.37 2 5
 20121220 1200 23.50 2 5
 20121221 1200 23.52 2 5
 20121222 1200 23.59 2 5
 20121223 1200 23.41 2 5
 20121224 1200 23.36 2 5
 20121225 1200 23.36 2 5
 20121226 1200 23.45 2 5
 20121227 1200 23.51 2 5
 20121228 1200 23.54 2 5
 20121229 1200 23.52 2 5
 20121230 1200 23.66 2 5
 20121231 1200 23.70 2 5
 20130101 1200 23.77 2 5
 20130102 1200 23.84 2 5
 20130103 1200 23.89 2 5
 20130104 1200 23.97 2 5
 20130105 1200 24.09 2 5
 20130106 1200 24.23 2 5
 20130107 1200 24.32 2 5
 20130108 1200 24.43 2 5
 20130109 1200 24.52 2 5
 20130110 1200 24.65 2 5
 20130111 1200 24.75 2 5
 20130112 1200 24.83 2 5
 20130113 1200 24.85 2 5
 20130114 1200 24.87 2 5
 20130115 1200 24.86 2 5
 20130116 1200 25.02 2 5
 20130117 1200 25.12 2 5
 20130118 1200 25.10 2 5
 20130119 1200 25.13 2 5
 20130120 1200 25.10 2 5
 20130121 1200 25.14 2 5
 20130122 1200 25.10 2 5
 20130123 1200 25.00 2 5
 20130124 1200 24.97 2 5
 20130125 1200 25.03 2 5
 20130126 1200 25.25 2 5
 20130127 1200 25.34 2 5
 20130128 1200 25.35 2 5
 20130129 1200 25.45 2 5
 20130130 1200 25.56 2 5
 20130131 1200 25.74 2 5
 20130201 1200 25.85 2 5
 20130202 1200 25.91 2 5
 20130203 1200 26.01 2 5
 20130204 1200 26.04 2 5
 20130205 1200 26.12 2 5
 20130206 1200 26.17 2 5
 20130207 1200 26.15 2 5
 20130208 1200 26.28 2 5
 20130209 1200 26.55 2 5
 20130210 1200 26.55 2 5
 20130211 1200 26.53 2 5
 20130212 1200 26.60 2 5
 20130213 1200 26.66 2 5
 20130214 1200 26.41 2 5
 20130215 1200 26.22 2 5
 20130216 1200 26.20 2 5
 20130217 1200 26.44 2 5
 20130218 1200 26.62 2 5
 20130219 1200 26.72 2 5
 20130220 1200 26.84 2 5
 20130221 1200 26.89 2 5
 20130222 1200 26.86 2 5
 20130223 1200 27.11 2 5
 20130224 1200 27.05 2 5
 20130225 1200 27.10 2 5
 20130226 1200 27.17 2 5
 20130227 1200 27.11 2 5
 20130228 1200 27.06 2 5
 20130301 1200 27.04 2 5
 20130302 1200 26.99 2 5
 20130303 1200 26.95 2 5
 20130304 1200 27.16 2 5
 20130305 1200 27.48 2 5
 20130306 1200 27.96 2 5
 20130307 1200 27.89 2 5
 20130308 1200 27.64 2 5
 20130309 1200 27.89 2 5
 20130310 1200 27.89 2 5
 20130311 1200 27.75 2 5
 20130312 1200 28.05 2 5
 20130313 1200 28.35 2 5
 20130314 1200 28.06 2 5
 20130315 1200 27.83 2 5
 20130316 1200 28.40 2 5
 20130317 1200 28.23 2 5
 20130318 1200 28.27 2 5
 20130319 1200 28.34 2 5
 20130320 1200 28.01 2 5
 20130321 1200 27.08 2 5
 20130322 1200 27.10 2 5
 20130323 1200 27.27 2 5
 20130324 1200 27.35 2 5
 20130325 1200 27.17 2 5
 20130326 1200 27.03 2 5
 20130327 1200 26.77 2 5
 20130328 1200 27.52 2 5
 20130329 1200 27.99 2 5
 20130330 1200 27.84 2 5
 20130331 1200 27.70 2 5
 20130401 1200 27.76 2 5
 20130402 1200 27.89 2 5
 20130403 1200 27.95 2 5
 20130404 1200 28.00 2 5
 20130405 1200 28.02 2 5
 20130406 1200 27.98 2 5
 20130407 1200 27.87 2 5
 20130408 1200 27.81 2 5
 20130409 1200 27.80 2 5
 20130410 1200 27.68 2 5
 20130411 1200 27.57 2 5
 20130412 1200 27.54 2 5
 20130413 1200 27.17 2 5
 20130414 1200 26.27 2 5
 20130415 1200 26.38 2 5
 20130416 1200 26.45 2 5
 20130417 1200 26.80 2 5
 20130418 1200 26.84 2 5
 20130419 1200 26.93 2 5
 20130420 1200 26.90 2 5
 20130421 1200 26.80 2 5
 20130422 1200 26.66 2 5
 20130423 1200 26.48 2 5
 20130424 1200 26.17 2 5
 20130425 1200 26.07 2 5
 20130426 1200 26.10 2 5
 20130427 1200 26.15 2 5
 20130428 1200 26.09 2 5
 20130429 1200 26.18 2 5
 20130430 1200 26.22 2 5
 20130501 1200 26.31 2 5
 20130502 1200 26.43 2 5
 20130503 1200 26.37 2 5
 20130504 1200 26.40 2 5
 20130505 1200 26.09 2 5
 20130506 1200 25.83 2 5
 20130507 1200 25.86 2 5
 20130508 1200 25.94 2 5
 20130509 1200 25.92 2 5
 20130510 1200 26.07 2 5
 20130511 1200 26.30 2 5
 20130512 1200 26.02 2 5
 20130513 1200 25.23 2 5
 20130514 1200 25.18 2 5
 20130515 1200 24.97 2 5
 20130516 1200 24.92 2 5
 20130517 1200 24.86 2 5
 20130518 1200 24.90 2 5
 20130519 1200 24.97 2 5
 20130520 1200 24.98 2 5
 20130521 1200 25.02 2 5
 20130522 1200 25.04 2 5
 20130523 1200 25.04 2 5
 20130524 1200 25.03 2 5
 20130525 1200 25.07 2 5
 20130526 1200 25.14 2 5
 20130527 1200 25.19 2 5
 20130528 1200 25.14 2 5
 20130529 1200 25.33 2 5
 20130530 1200 25.35 2 5
 20130531 1200 25.36 2 5
 20130601 1200 25.39 2 5
 20130602 1200 25.44 2 5
 20130603 1200 25.41 2 5
 20130604 1200 25.56 2 5
 20130605 1200 25.53 2 5
 20130606 1200 25.41 2 5
 20130607 1200 25.16 2 5
 20130608 1200 25.19 2 5
 20130609 1200 25.10 2 5
 20130610 1200 25.14 2 5
 20130611 1200 25.13 2 5
 20130612 1200 25.04 2 5
 20130613 1200 24.85 2 5
 20130614 1200 24.78 2 5
 20130615 1200 24.65 2 5
 20130616 1200 24.29 2 5
 20130617 1200 24.29 2 5
 20130618 1200 24.17 2 5
 20130619 1200 24.13 2 5
 20130620 1200 23.39 2 5
 20130621 1200 22.91 2 5
 20130622 1200 22.64 2 5
 20130623 1200 22.52 2 5
 20130624 1200 22.41 2 5
 20130625 1200 22.43 2 5
 20130626 1200 22.37 2 5
 20130627 1200 22.49 2 5
 20130628 1200 22.45 2 5
 20130629 1200 22.66 2 5
 20130630 1200 22.71 2 5
 20130701 1200 22.52 2 5
 20130702 1200 22.37 2 5
 20130703 1200 22.84 2 5
 20130704 1200 23.07 2 5
 20130705 1200 23.18 2 5
 20130706 1200 23.29 2 5
 20130707 1200 23.32 2 5
 20130708 1200 23.36 2 5
 20130709 1200 23.20 2 5
 20130710 1200 23.02 2 5
 20130711 1200 22.92 2 5
 20130712 1200 23.23 2 5
 20130713 1200 23.42 2 5
 20130714 1200 23.06 2 5
 20130715 1200 22.96 2 5
 20130716 1200 22.98 2 5
 20130717 1200 22.97 2 5
 20130718 1200 23.15 2 5
 20130719 1200 23.28 2 5
 20130720 1200 23.25 2 5
 20130721 1200 23.19 2 5
 20130722 1200 23.19 2 5
 20130723 1200 23.16 2 5
 20130724 1200 22.78 2 5
 20130725 1200 22.67 2 5
 20130726 1200 22.55 2 5
 20130727 1200 22.41 2 5
 20130728 1200 22.09 2 5
 20130729 1200 21.78 2 5
 20130730 1200 21.62 2 5
 20130731 1200 21.60 2 5
 20130801 1200 21.53 2 5
 20130802 1200 21.49 2 5
 20130803 1200 21.43 2 5
 20130804 1200 21.51 2 5
 20130805 1200 21.40 2 5
 20130806 1200 21.18 2 5
 20130807 1200 21.19 2 5
 20130808 1200 21.21 2 5
 20130809 1200 21.33 2 5
 20130810 1200 21.45 2 5
 20130811 1200 21.53 2 5
 20130812 1200 21.59 2 5
 20130813 1200 21.57 2 5
 20130814 1200 21.50 2 5
 20130815 1200 21.38 2 5
 20130816 1200 21.29 2 5
 20130817 1200 21.12 2 5
 20130818 1200 20.97 2 5
 20130819 1200 20.98 2 5
 20130820 1200 20.96 2 5
 20130821 1200 21.10 2 5
 20130822 1200 21.31 2 5
 20130823 1200 21.52 2 5
 20130824 1200 21.58 2 5
 20130825 1200 21.64 2 5
 20130826 1200 21.71 2 5
 20130827 1200 21.65 2 5
 20130828 1200 21.69 2 5
 20130829 1200 21.67 2 5
 20130830 1200 21.61 2 5
 20130831 1200 21.64 2 5
 20130901 1200 21.66 2 5
 20130902 1200 21.67 2 5
 20130903 1200 21.66 2 5
 20130904 1200 21.66 2 5
 20130905 1200 21.66 2 5
 20130906 1200 21.67 2 5
 20130907 1200 21.80 2 5
 20130908 1200 21.95 2 5
 20130909 1200 22.05 2 5
 20130910 1200 22.00 2 5
 20130911 1200 21.97 2 5
 20130912 1200 21.91 2 5
 20130913 1200 21.88 2 5
 20130914 1200 21.84 2 5
 20130915 1200 21.84 2 5
 20130916 1200 21.90 2 5
 20130917 1200 21.89 2 5
 20130918 1200 21.97 2 5
 20130919 1200 21.95 2 5
 20130920 1200 21.98 2 5
 20130921 1200 21.97 2 5
 20130922 1200 21.86 2 5
 20130923 1200 21.85 2 5
 20130924 1200 21.88 2 5
 20130925 1200 21.93 2 5
 20130926 1200 21.95 2 5
 20130927 1200 21.91 2 5
 20130928 1200 21.71 2 5
 20130929 1200 21.67 2 5
 20130930 1200 21.69 2 5
 20131001 1200 21.72 2 5
 20131002 1200 21.80 2 5
 20131003 1200 21.72 2 5
 20131004 1200 21.72 2 5
 20131005 1200 21.75 2 5
 20131006 1200 21.80 2 5
 20131007 1200 21.81 2 5
 20131008 1200 21.78 2 5
 20131009 1200 21.77 2 5
 20131010 1200 21.75 2 5
 Time: 1200 29 Mar 2014 to 1200 18 Dec 2015 (index  5202 to  5831,  630 times)
 Depth (M):        1 QUALITY SOURCE
 YYYYMMDD HHMM   SST Q S
 20140329 1200 28.11 1 5
 20140330 1200 27.81 1 5
 20140331 1200 28.13 1 5
 20140401 1200 28.67 1 5
 20140402 1200 28.65 1 5
 20140403 1200 28.48 1 5
 20140404 1200 28.55 1 5
 20140405 1200 28.44 1 5
 20140406 1200 28.21 1 5
 20140407 1200 27.98 1 5
 20140408 1200 27.94 1 5
 20140409 1200 27.86 1 5
 20140410 1200 27.81 1 5
 20140411 1200 27.67 1 5
 20140412 1200 27.63 1 5
 20140413 1200 27.64 1 5
 20140414 1200 27.60 1 5
 20140415 1200 27.57 1 5
 20140416 1200 27.51 1 5
 20140417 1200 27.56 1 5
 20140418 1200 27.53 1 5
 20140419 1200 27.72 1 5
 20140420 1200 27.63 1 5
 20140421 1200 27.61 1 5
 20140422 1200 27.76 1 5
 20140423 1200 27.87 1 5
 20140424 1200 27.82 1 5
 20140425 1200 27.76 1 5
 20140426 1200 27.78 1 5
 20140427 1200 27.72 1 5
 20140428 1200 27.69 1 5
 20140429 1200 27.68 1 5
 20140430 1200 27.71 1 5
 20140501 1200 27.64 1 5
 20140502 1200 27.46 1 5
 20140503 1200 27.40 1 5
 20140504 1200 27.35 1 5
 20140505 1200 27.26 1 5
 20140506 1200 27.32 1 5
 20140507 1200 27.33 1 5
 20140508 1200 27.29 1 5
 20140509 1200 27.25 1 5
 20140510 1200 27.24 1 5
 20140511 1200 27.17 1 5
 20140512 1200 27.14 1 5
 20140513 1200 27.14 1 5
 20140514 1200 27.08 1 5
 20140515 1200 26.96 1 5
 20140516 1200 26.96 1 5
 20140517 1200 26.96 1 5
 20140518 1200 26.78 1 5
 20140519 1200 26.49 1 5
 20140520 1200 26.23 1 5
 20140521 1200 26.36 1 5
 20140522 1200 26.35 1 5
 20140523 1200 26.27 1 5
 20140524 1200 26.59 1 5
 20140525 1200 26.67 1 5
 20140526 1200 26.57 1 5
 20140527 1200 26.61 1 5
 20140528 1200 26.23 1 5
 20140529 1200 26.09 1 5
 20140530 1200 26.17 1 5
 20140531 1200 26.17 1 5
 20140601 1200 26.17 1 5
 20140602 1200 26.19 1 5
 20140603 1200 26.23 1 5
 20140604 1200 26.22 1 5
 20140605 1200 26.13 1 5
 20140606 1200 26.08 1 5
 20140607 1200 26.05 1 5
 20140608 1200 25.99 1 5
 20140609 1200 25.90 1 5
 20140610 1200 25.80 1 5
 20140611 1200 25.79 1 5
 20140612 1200 25.84 1 5
 20140613 1200 25.73 1 5
 20140614 1200 25.72 1 5
 20140615 1200 25.79 1 5
 20140616 1200 25.57 1 5
 20140617 1200 25.48 1 5
 20140618 1200 25.55 1 5
 20140619 1200 25.60 1 5
 20140620 1200 25.60 1 5
 20140621 1200 25.52 1 5
 20140622 1200 25.48 1 5
 20140623 1200 25.51 1 5
 20140624 1200 25.42 1 5
 20140625 1200 25.38 1 5
 20140626 1200 25.36 1 5
 20140627 1200 25.32 1 5
 20140628 1200 25.19 1 5
 20140629 1200 24.71 1 5
 20140630 1200 24.52 1 5
 20140701 1200 24.44 1 5
 20140702 1200 24.40 1 5
 20140703 1200 24.35 1 5
 20140704 1200 24.23 1 5
 20140705 1200 24.14 1 5
 20140706 1200 24.12 1 5
 20140707 1200 24.14 1 5
 20140708 1200 23.99 1 5
 20140709 1200 23.91 1 5
 20140710 1200 23.97 1 5
 20140711 1200 24.00 1 5
 20140712 1200 24.01 1 5
 20140713 1200 24.11 1 5
 20140714 1200 24.06 1 5
 20140715 1200 24.00 1 5
 20140716 1200 23.83 1 5
 20140717 1200 23.54 1 5
 20140718 1200 23.38 1 5
 20140719 1200 23.31 1 5
 20140720 1200 23.42 1 5
 20140721 1200 23.68 1 5
 20140722 1200 23.79 1 5
 20140723 1200 23.86 1 5
 20140724 1200 23.96 1 5
 20140725 1200 23.99 1 5
 20140726 1200 23.96 1 5
 20140727 1200 23.91 1 5
 20140728 1200 23.91 1 5
 20140729 1200 23.91 1 5
 20140730 1200 23.87 1 5
 20140731 1200 23.81 1 5
 20140801 1200 23.87 1 5
 20140802 1200 23.84 1 5
 20140803 1200 23.86 1 5
 20140804 1200 23.86 1 5
 20140805 1200 23.87 1 5
 20140806 1200 23.84 1 5
 20140807 1200 23.83 1 5
 20140808 1200 23.81 1 5
 20140809 1200 23.85 1 5
 20140810 1200 23.82 1 5
 20140811 1200 23.79 1 5
 20140812 1200 23.78 1 5
 20140813 1200 23.80 1 5
 20140814 1200 23.80 1 5
 20140815 1200 23.71 1 5
 20140816 1200 23.63 1 5
 20140817 1200 23.66 1 5
 20140818 1200 23.67 1 5
 20140819 1200 23.77 1 5
 20140820 1200 23.89 1 5
 20140821 1200 23.84 1 5
 20140822 1200 23.84 1 5
 20140823 1200 23.82 1 5
 20140824 1200 23.80 1 5
 20140825 1200 23.87 1 5
 20140826 1200 23.76 1 5
 20140827 1200 23.50 1 5
 20140828 1200 22.99 1 5
 20140829 1200 22.96 1 5
 20140830 1200 22.95 1 5
 20140831 1200 22.99 1 5
 20140901 1200 22.97 1 5
 20140902 1200 22.75 1 5
 20140903 1200 22.66 1 5
 20140904 1200 22.62 1 5
 20140905 1200 22.83 1 5
 20140906 1200 22.83 1 5
 20140907 1200 22.63 1 5
 20140908 1200 22.75 1 5
 20140909 1200 22.75 1 5
 20140910 1200 22.92 1 5
 20140911 1200 22.65 1 5
 20140912 1200 22.34 1 5
 20140913 1200 22.30 1 5
 20140914 1200 22.39 1 5
 20140915 1200 22.64 1 5
 20140916 1200 22.68 1 5
 20140917 1200 22.42 1 5
 20140918 1200 22.28 1 5
 20140919 1200 22.44 1 5
 20140920 1200 22.53 1 5
 20140921 1200 22.58 1 5
 20140922 1200 22.30 1 5
 20140923 1200 22.39 1 5
 20140924 1200 22.45 1 5
 20140925 1200 22.03 1 5
 20140926 1200 21.88 1 5
 20140927 1200 21.91 1 5
 20140928 1200 21.97 1 5
 20140929 1200 21.76 1 5
 20140930 1200 21.58 1 5
 20141001 1200 21.65 1 5
 20141002 1200 21.63 1 5
 20141003 1200 21.66 1 5
 20141004 1200 21.60 1 5
 20141005 1200 21.52 1 5
 20141006 1200 21.56 1 5
 20141007 1200 21.62 1 5
 20141008 1200 21.60 1 5
 20141009 1200 21.80 1 5
 20141010 1200 22.11 1 5
 20141011 1200 22.16 1 5
 20141012 1200 22.27 1 5
 20141013 1200 22.62 1 5
 20141014 1200 22.66 1 5
 20141015 1200 22.72 1 5
 20141016 1200 22.76 1 5
 20141017 1200 22.88 1 5
 20141018 1200 22.97 1 5
 20141019 1200 22.98 1 5
 20141020 1200 23.00 1 5
 20141021 1200 22.98 1 5
 20141022 1200 23.00 1 5
 20141023 1200 23.08 1 5
 20141024 1200 23.08 1 5
 20141025 1200 23.07 1 5
 20141026 1200 22.94 1 5
 20141027 1200 23.06 1 5
 20141028 1200 23.06 1 5
 20141029 1200 22.79 1 5
 20141030 1200 22.97 1 5
 20141031 1200 23.08 1 5
 20141101 1200 23.09 1 5
 20141102 1200 23.00 1 5
 20141103 1200 22.94 1 5
 20141104 1200 22.97 1 5
 20141105 1200 22.94 1 5
 20141106 1200 22.96 1 5
 20141107 1200 22.99 1 5
 20141108 1200 22.93 1 5
 20141109 1200 22.99 1 5
 20141110 1200 23.08 1 5
 20141111 1200 22.99 1 5
 20141112 1200 23.00 1 5
 20141113 1200 23.13 1 5
 20141114 1200 23.23 1 5
 20141115 1200 23.34 1 5
 20141116 1200 23.32 1 5
 20141117 1200 23.27 1 5
 20141118 1200 23.35 1 5
 20141119 1200 23.47 1 5
 20141120 1200 23.45 1 5
 20141121 1200 23.48 1 5
 20141122 1200 23.55 1 5
 20141123 1200 23.44 1 5
 20141124 1200 23.36 1 5
 20141125 1200 23.18 1 5
 20141126 1200 23.18 1 5
 20141127 1200 23.32 1 5
 20141128 1200 23.59 1 5
 20141129 1200 23.39 1 5
 20141130 1200 23.45 1 5
 20141201 1200 23.26 1 5
 20141202 1200 23.58 1 5
 20141203 1200 23.53 1 5
 20141204 1200 23.52 1 5
 20141205 1200 23.49 1 5
 20141206 1200 23.55 1 5
 20141207 1200 23.62 1 5
 20141208 1200 23.60 1 5
 20141209 1200 23.70 1 5
 20141210 1200 24.08 1 5
 20141211 1200 23.88 1 5
 20141212 1200 23.76 1 5
 20141213 1200 23.85 1 5
 20141214 1200 24.06 1 5
 20141215 1200 24.06 1 5
 20141216 1200 24.15 1 5
 20141217 1200 24.39 1 5
 20141218 1200 24.54 1 5
 20141219 1200 24.45 1 5
 20141220 1200 24.39 1 5
 20141221 1200 24.43 1 5
 20141222 1200 24.44 1 5
 20141223 1200 24.48 1 5
 20141224 1200 24.52 1 5
 20141225 1200 24.62 1 5
 20141226 1200 24.50 1 5
 20141227 1200 24.46 1 5
 20141228 1200 24.42 1 5
 20141229 1200 24.34 1 5
 20141230 1200 24.29 1 5
 20141231 1200 24.33 1 5
 20150101 1200 24.46 1 5
 20150102 1200 24.49 1 5
 20150103 1200 24.53 1 5
 20150104 1200 24.57 1 5
 20150105 1200 24.61 1 5
 20150106 1200 24.66 1 5
 20150107 1200 24.67 1 5
 20150108 1200 24.75 1 5
 20150109 1200 24.78 1 5
 20150110 1200 24.76 1 5
 20150111 1200 24.82 1 5
 20150112 1200 24.85 1 5
 20150113 1200 24.94 1 5
 20150114 1200 24.98 1 5
 20150115 1200 25.02 1 5
 20150116 1200 25.09 1 5
 20150117 1200 25.19 1 5
 20150118 1200 25.26 1 5
 20150119 1200 25.27 1 5
 20150120 1200 25.28 1 5
 20150121 1200 25.23 1 5
 20150122 1200 25.14 1 5
 20150123 1200 25.20 1 5
 20150124 1200 25.30 1 5
 20150125 1200 25.30 1 5
 20150126 1200 25.33 1 5
 20150127 1200 25.48 1 5
 20150128 1200 25.67 1 5
 20150129 1200 25.83 1 5
 20150130 1200 25.82 1 5
 20150131 1200 25.80 1 5
 20150201 1200 25.81 1 5
 20150202 1200 25.90 1 5
 20150203 1200 25.85 1 5
 20150204 1200 25.83 1 5
 20150205 1200 25.98 1 5
 20150206 1200 26.16 1 5
 20150207 1200 26.31 1 5
 20150208 1200 26.26 1 5
 20150209 1200 26.31 1 5
 20150210 1200 26.61 1 5
 20150211 1200 26.59 1 5
 20150212 1200 26.56 1 5
 20150213 1200 26.47 1 5
 20150214 1200 26.40 1 5
 20150215 1200 26.43 1 5
 20150216 1200 26.51 1 5
 20150217 1200 26.51 1 5
 20150218 1200 26.45 1 5
 20150219 1200 26.62 1 5
 20150220 1200 26.94 1 5
 20150221 1200 27.26 1 5
 20150222 1200 27.13 1 5
 20150223 1200 27.20 1 5
 20150224 1200 27.10 1 5
 20150225 1200 27.12 1 5
 20150226 1200 27.06 1 5
 20150227 1200 26.81 1 5
 20150228 1200 26.54 1 5
 20150301 1200 26.69 1 5
 20150302 1200 26.81 1 5
 20150303 1200 26.88 1 5
 20150304 1200 27.00 1 5
 20150305 1200 27.01 1 5
 20150306 1200 27.02 1 5
 20150307 1200 26.84 1 5
 20150308 1200 26.83 1 5
 20150309 1200 27.12 1 5
 20150310 1200 27.30 1 5
 20150311 1200 27.07 1 5
 20150312 1200 27.16 1 5
 20150313 1200 27.17 1 5
 20150314 1200 27.12 1 5
 20150315 1200 27.33 1 5
 20150316 1200 27.75 1 5
 20150317 1200 27.53 1 5
 20150318 1200 27.46 1 5
 20150319 1200 27.47 1 5
 20150320 1200 27.69 1 5
 20150321 1200 27.53 1 5
 20150322 1200 27.40 1 5
 20150323 1200 27.55 1 5
 20150324 1200 27.67 1 5
 20150325 1200 28.02 1 5
 20150326 1200 28.44 1 5
 20150327 1200 28.54 1 5
 20150328 1200 28.60 1 5
 20150329 1200 28.21 1 5
 20150330 1200 27.30 1 5
 20150331 1200 27.02 1 5
 20150401 1200 27.32 1 5
 20150402 1200 27.26 1 5
 20150403 1200 27.36 1 5
 20150404 1200 27.21 1 5
 20150405 1200 27.36 1 5
 20150406 1200 27.33 1 5
 20150407 1200 27.34 1 5
 20150408 1200 27.43 1 5
 20150409 1200 27.43 1 5
 20150410 1200 27.48 1 5
 20150411 1200 27.68 1 5
 20150412 1200 27.85 1 5
 20150413 1200 27.78 1 5
 20150414 1200 27.78 1 5
 20150415 1200 28.07 1 5
 20150416 1200 28.08 1 5
 20150417 1200 28.04 1 5
 20150418 1200 27.99 1 5
 20150419 1200 27.82 1 5
 20150420 1200 27.91 1 5
 20150421 1200 -9.99 0 0
 20150422 1200 -9.99 0 0
 20150423 1200 27.43 1 5
 20150424 1200 27.42 1 5
 20150425 1200 27.36 1 5
 20150426 1200 27.44 1 5
 20150427 1200 27.42 1 5
 20150428 1200 27.45 1 5
 20150429 1200 27.53 1 5
 20150430 1200 27.53 1 5
 20150501 1200 27.51 1 5
 20150502 1200 27.57 1 5
 20150503 1200 27.66 1 5
 20150504 1200 27.70 1 5
 20150505 1200 27.69 1 5
 20150506 1200 27.65 1 5
 20150507 1200 27.78 1 5
 20150508 1200 27.86 1 5
 20150509 1200 27.83 1 5
 20150510 1200 27.57 1 5
 20150511 1200 27.47 1 5
 20150512 1200 27.46 1 5
 20150513 1200 27.48 1 5
 20150514 1200 27.39 1 5
 20150515 1200 27.30 1 5
 20150516 1200 27.39 1 5
 20150517 1200 27.41 1 5
 20150518 1200 27.50 1 5
 20150519 1200 27.49 1 5
 20150520 1200 27.51 1 5
 20150521 1200 27.57 1 5
 20150522 1200 27.51 1 5
 20150523 1200 27.42 1 5
 20150524 1200 27.35 1 5
 20150525 1200 27.25 1 5
 20150526 1200 27.35 1 5
 20150527 1200 27.05 1 5
 20150528 1200 27.07 1 5
 20150529 1200 26.86 1 5
 20150530 1200 26.85 1 5
 20150531 1200 26.90 1 5
 20150601 1200 26.93 1 5
 20150602 1200 26.92 1 5
 20150603 1200 26.97 1 5
 20150604 1200 26.99 1 5
 20150605 1200 26.95 1 5
 20150606 1200 26.95 1 5
 20150607 1200 26.99 1 5
 20150608 1200 26.97 1 5
 20150609 1200 26.93 1 5
 20150610 1200 26.88 1 5
 20150611 1200 26.88 1 5
 20150612 1200 26.85 1 5
 20150613 1200 26.85 1 5
 20150614 1200 26.84 1 5
 20150615 1200 26.77 1 5
 20150616 1200 26.67 1 5
 20150617 1200 26.61 1 5
 20150618 1200 26.55 1 5
 20150619 1200 26.53 1 5
 20150620 1200 26.57 1 5
 20150621 1200 26.56 1 5
 20150622 1200 26.53 1 5
 20150623 1200 26.53 1 5
 20150624 1200 26.50 1 5
 20150625 1200 26.45 1 5
 20150626 1200 26.41 1 5
 20150627 1200 26.38 1 5
 20150628 1200 26.34 1 5
 20150629 1200 26.32 1 5
 20150630 1200 26.35 1 5
 20150701 1200 26.36 1 5
 20150702 1200 26.36 1 5
 20150703 1200 26.29 1 5
 20150704 1200 26.32 1 5
 20150705 1200 26.36 1 5
 20150706 1200 26.32 1 5
 20150707 1200 26.19 1 5
 20150708 1200 26.01 1 5
 20150709 1200 26.04 1 5
 20150710 1200 26.15 1 5
 20150711 1200 26.24 1 5
 20150712 1200 26.25 1 5
 20150713 1200 26.14 1 5
 20150714 1200 26.15 1 5
 20150715 1200 26.06 1 5
 20150716 1200 25.96 1 5
 20150717 1200 25.89 1 5
 20150718 1200 25.84 1 5
 20150719 1200 25.80 1 5
 20150720 1200 25.81 1 5
 20150721 1200 25.79 1 5
 20150722 1200 25.73 1 5
 20150723 1200 25.58 1 5
 20150724 1200 25.45 1 5
 20150725 1200 25.49 1 5
 20150726 1200 25.70 1 5
 20150727 1200 25.58 1 5
 20150728 1200 25.51 1 5
 20150729 1200 25.29 1 5
 20150730 1200 25.01 1 5
 20150731 1200 24.74 1 5
 20150801 1200 24.82 1 5
 20150802 1200 24.98 1 5
 20150803 1200 25.12 1 5
 20150804 1200 25.24 1 5
 20150805 1200 25.30 1 5
 20150806 1200 25.25 1 5
 20150807 1200 25.23 1 5
 20150808 1200 25.13 1 5
 20150809 1200 25.00 1 5
 20150810 1200 24.88 1 5
 20150811 1200 24.79 1 5
 20150812 1200 24.72 1 5
 20150813 1200 24.68 1 5
 20150814 1200 24.63 1 5
 20150815 1200 24.77 1 5
 20150816 1200 24.72 1 5
 20150817 1200 24.70 1 5
 20150818 1200 24.72 1 5
 20150819 1200 24.66 1 5
 20150820 1200 24.59 1 5
 20150821 1200 24.63 1 5
 20150822 1200 24.45 1 5
 20150823 1200 24.43 1 5
 20150824 1200 24.43 1 5
 20150825 1200 24.45 1 5
 20150826 1200 24.41 1 5
 20150827 1200 24.49 1 5
 20150828 1200 24.52 1 5
 20150829 1200 24.54 1 5
 20150830 1200 24.53 1 5
 20150831 1200 24.45 1 5
 20150901 1200 24.49 1 5
 20150902 1200 24.32 1 5
 20150903 1200 24.29 1 5
 20150904 1200 24.32 1 5
 20150905 1200 24.23 1 5
 20150906 1200 24.13 1 5
 20150907 1200 24.09 1 5
 20150908 1200 24.11 1 5
 20150909 1200 24.05 1 5
 20150910 1200 24.11 1 5
 20150911 1200 24.25 1 5
 20150912 1200 24.30 1 5
 20150913 1200 24.23 1 5
 20150914 1200 24.24 1 5
 20150915 1200 24.25 1 5
 20150916 1200 24.14 1 5
 20150917 1200 24.06 1 5
 20150918 1200 24.03 1 5
 20150919 1200 24.04 1 5
 20150920 1200 24.04 1 5
 20150921 1200 24.05 1 5
 20150922 1200 24.02 1 5
 20150923 1200 24.02 1 5
 20150924 1200 23.97 1 5
 20150925 1200 24.05 1 5
 20150926 1200 24.25 1 5
 20150927 1200 24.39 1 5
 20150928 1200 24.49 1 5
 20150929 1200 24.51 1 5
 20150930 1200 24.48 1 5
 20151001 1200 24.55 1 5
 20151002 1200 24.75 1 5
 20151003 1200 24.79 1 5
 20151004 1200 24.78 1 5
 20151005 1200 24.82 1 5
 20151006 1200 24.91 1 5
 20151007 1200 24.90 1 5
 20151008 1200 24.93 1 5
 20151009 1200 24.99 1 5
 20151010 1200 25.02 1 5
 20151011 1200 25.01 1 5
 20151012 1200 24.91 1 5
 20151013 1200 24.68 1 5
 20151014 1200 24.51 1 5
 20151015 1200 24.45 1 5
 20151016 1200 24.50 1 5
 20151017 1200 24.45 1 5
 20151018 1200 24.38 1 5
 20151019 1200 24.40 1 5
 20151020 1200 24.45 1 5
 20151021 1200 24.47 1 5
 20151022 1200 24.43 1 5
 20151023 1200 24.42 1 5
 20151024 1200 24.45 1 5
 20151025 1200 24.48 1 5
 20151026 1200 24.55 1 5
 20151027 1200 24.58 1 5
 20151028 1200 24.57 1 5
 20151029 1200 24.52 1 5
 20151030 1200 24.55 1 5
 20151031 1200 24.53 1 5
 20151101 1200 24.40 1 5
 20151102 1200 24.39 1 5
 20151103 1200 24.41 1 5
 20151104 1200 24.47 1 5
 20151105 1200 24.49 1 5
 20151106 1200 24.51 1 5
 20151107 1200 24.54 1 5
 20151108 1200 24.59 1 5
 20151109 1200 24.58 1 5
 20151110 1200 24.65 1 5
 20151111 1200 24.65 1 5
 20151112 1200 24.44 1 5
 20151113 1200 24.68 1 5
 20151114 1200 24.77 1 5
 20151115 1200 24.79 1 5
 20151116 1200 24.65 1 5
 20151117 1200 24.80 1 5
 20151118 1200 24.84 1 5
 20151119 1200 24.83 1 5
 20151120 1200 24.82 1 5
 20151121 1200 24.85 1 5
 20151122 1200 24.94 1 5
 20151123 1200 25.02 1 5
 20151124 1200 25.08 1 5
 20151125 1200 25.09 1 5
 20151126 1200 25.09 1 5
 20151127 1200 25.14 1 5
 20151128 1200 25.13 1 5
 20151129 1200 25.16 1 5
 20151130 1200 25.25 1 5
 20151201 1200 25.24 1 5
 20151202 1200 25.28 1 5
 20151203 1200 25.39 1 5
 20151204 1200 25.43 1 5
 20151205 1200 25.40 1 5
 20151206 1200 25.37 1 5
 20151207 1200 25.33 1 5
 20151208 1200 25.34 1 5
 20151209 1200 25.30 1 5
 20151210 1200 25.39 1 5
 20151211 1200 25.38 1 5
 20151212 1200 25.41 1 5
 20151213 1200 25.52 1 5
 20151214 1200 25.64 1 5
 20151215 1200 25.71 1 5
 20151216 1200 25.75 1 5
 20151217 1200 25.84 1 5
 20151218 1200 25.88 1 5
 Time: 1200 16 Mar 2016 to 1200  7 Jul 2016 (index  5920 to  6033,  114 times)
 Depth (M):        1 QUALITY SOURCE
 YYYYMMDD HHMM   SST Q S
 20160316 1200 28.52 1 5
 20160317 1200 28.60 1 5
 20160318 1200 28.61 1 5
 20160319 1200 28.53 1 5
 20160320 1200 28.49 1 5
 20160321 1200 28.43 1 5
 20160322 1200 28.54 1 5
 20160323 1200 28.66 1 5
 20160324 1200 28.78 1 5
 20160325 1200 28.91 1 5
 20160326 1200 28.83 1 5
 20160327 1200 28.72 1 5
 20160328 1200 28.68 1 5
 20160329 1200 28.78 1 5
 20160330 1200 28.82 1 5
 20160331 1200 28.95 1 5
 20160401 1200 28.74 1 5
 20160402 1200 28.61 1 5
 20160403 1200 28.78 1 5
 20160404 1200 28.66 1 5
 20160405 1200 28.59 1 5
 20160406 1200 28.62 1 5
 20160407 1200 28.64 1 5
 20160408 1200 28.66 1 5
 20160409 1200 28.62 1 5
 20160410 1200 28.53 1 5
 20160411 1200 28.52 1 5
 20160412 1200 28.51 1 5
 20160413 1200 28.45 1 5
 20160414 1200 28.18 1 5
 20160415 1200 27.96 1 5
 20160416 1200 28.15 1 5
 20160417 1200 28.14 1 5
 20160418 1200 28.15 1 5
 20160419 1200 28.12 1 5
 20160420 1200 28.23 1 5
 20160421 1200 28.36 1 5
 20160422 1200 28.41 1 5
 20160423 1200 28.19 1 5
 20160424 1200 28.33 1 5
 20160425 1200 28.41 1 5
 20160426 1200 28.31 1 5
 20160427 1200 28.40 1 5
 20160428 1200 28.36 1 5
 20160429 1200 28.33 1 5
 20160430 1200 28.30 1 5
 20160501 1200 28.26 1 5
 20160502 1200 28.26 1 5
 20160503 1200 28.17 1 5
 20160504 1200 28.12 1 5
 20160505 1200 28.13 1 5
 20160506 1200 28.07 1 5
 20160507 1200 27.96 1 5
 20160508 1200 28.00 1 5
 20160509 1200 27.95 1 5
 20160510 1200 27.94 1 5
 20160511 1200 27.96 1 5
 20160512 1200 27.92 1 5
 20160513 1200 27.84 1 5
 20160514 1200 27.54 1 5
 20160515 1200 26.64 1 5
 20160516 1200 26.27 1 5
 20160517 1200 26.18 1 5
 20160518 1200 26.05 1 5
 20160519 1200 26.40 1 5
 20160520 1200 26.41 1 5
 20160521 1200 26.44 1 5
 20160522 1200 26.12 1 5
 20160523 1200 26.19 1 5
 20160524 1200 25.97 1 5
 20160525 1200 25.79 1 5
 20160526 1200 25.77 1 5
 20160527 1200 25.80 1 5
 20160528 1200 25.70 1 5
 20160529 1200 25.60 1 5
 20160530 1200 25.46 1 5
 20160531 1200 25.37 1 5
 20160601 1200 25.24 1 5
 20160602 1200 25.16 1 5
 20160603 1200 25.06 1 5
 20160604 1200 24.97 1 5
 20160605 1200 24.88 1 5
 20160606 1200 24.94 1 5
 20160607 1200 24.86 1 5
 20160608 1200 24.86 1 5
 20160609 1200 25.02 1 5
 20160610 1200 25.07 1 5
 20160611 1200 25.13 1 5
 20160612 1200 25.12 1 5
 20160613 1200 24.98 1 5
 20160614 1200 25.27 1 5
 20160615 1200 25.53 1 5
 20160616 1200 25.74 1 5
 20160617 1200 25.85 1 5
 20160618 1200 25.87 1 5
 20160619 1200 25.78 1 5
 20160620 1200 25.72 1 5
 20160621 1200 25.84 1 5
 20160622 1200 25.88 1 5
 20160623 1200 25.76 1 5
 20160624 1200 25.56 1 5
 20160625 1200 25.33 1 5
 20160626 1200 25.26 1 5
 20160627 1200 25.07 1 5
 20160628 1200 24.94 1 5
 20160629 1200 24.75 1 5
 20160630 1200 24.06 1 5
 20160701 1200 25.04 1 5
 20160702 1200 25.27 1 5
 20160703 1200 24.69 1 5
 20160704 1200 23.58 1 5
 20160705 1200 23.41 1 5
 20160706 1200 23.42 1 5
 20160707 1200 23.49 1 5
 Time: 1200 23 Jun 2017 to 1200 19 Feb 2019 (index  6384 to  6990,  607 times)
 Depth (M):        1 QUALITY SOURCE
 YYYYMMDD HHMM   SST Q S
 20170623 1200 25.16 1 5
 20170624 1200 24.85 1 5
 20170625 1200 24.50 1 5
 20170626 1200 24.13 1 5
 20170627 1200 23.92 1 5
 20170628 1200 23.90 1 5
 20170629 1200 23.79 1 5
 20170630 1200 23.80 1 5
 20170701 1200 23.92 1 5
 20170702 1200 23.94 1 5
 20170703 1200 23.98 1 5
 20170704 1200 24.01 1 5
 20170705 1200 23.96 1 5
 20170706 1200 23.98 1 5
 20170707 1200 23.97 1 5
 20170708 1200 24.15 1 5
 20170709 1200 24.28 1 5
 20170710 1200 24.32 1 5
 20170711 1200 24.42 1 5
 20170712 1200 24.56 1 5
 20170713 1200 24.64 1 5
 20170714 1200 24.58 1 5
 20170715 1200 24.51 1 5
 20170716 1200 24.29 1 5
 20170717 1200 24.19 1 5
 20170718 1200 24.19 1 5
 20170719 1200 24.07 1 5
 20170720 1200 23.93 1 5
 20170721 1200 23.80 1 5
 20170722 1200 23.92 1 5
 20170723 1200 23.76 1 5
 20170724 1200 23.03 1 5
 20170725 1200 22.13 1 5
 20170726 1200 21.96 1 5
 20170727 1200 22.07 1 5
 20170728 1200 22.11 1 5
 20170729 1200 22.09 1 5
 20170730 1200 22.22 1 5
 20170731 1200 22.29 1 5
 20170801 1200 22.30 1 5
 20170802 1200 22.64 1 5
 20170803 1200 22.86 1 5
 20170804 1200 22.86 1 5
 20170805 1200 22.80 1 5
 20170806 1200 22.85 1 5
 20170807 1200 22.95 1 5
 20170808 1200 22.94 1 5
 20170809 1200 23.02 1 5
 20170810 1200 23.05 1 5
 20170811 1200 23.07 1 5
 20170812 1200 22.90 1 5
 20170813 1200 22.20 1 5
 20170814 1200 21.88 1 5
 20170815 1200 21.80 1 5
 20170816 1200 21.69 1 5
 20170817 1200 21.63 1 5
 20170818 1200 21.73 1 5
 20170819 1200 21.79 1 5
 20170820 1200 21.99 1 5
 20170821 1200 22.01 1 5
 20170822 1200 22.13 1 5
 20170823 1200 22.48 1 5
 20170824 1200 22.71 1 5
 20170825 1200 22.75 1 5
 20170826 1200 22.73 1 5
 20170827 1200 22.67 1 5
 20170828 1200 22.52 1 5
 20170829 1200 22.49 1 5
 20170830 1200 22.50 1 5
 20170831 1200 22.57 1 5
 20170901 1200 22.54 1 5
 20170902 1200 22.47 1 5
 20170903 1200 22.47 1 5
 20170904 1200 22.38 1 5
 20170905 1200 22.34 1 5
 20170906 1200 22.43 1 5
 20170907 1200 22.40 1 5
 20170908 1200 22.07 1 5
 20170909 1200 22.04 1 5
 20170910 1200 22.00 1 5
 20170911 1200 21.16 1 5
 20170912 1200 20.71 1 5
 20170913 1200 20.52 1 5
 20170914 1200 20.56 1 5
 20170915 1200 20.68 1 5
 20170916 1200 20.87 1 5
 20170917 1200 20.96 1 5
 20170918 1200 21.09 1 5
 20170919 1200 21.13 1 5
 20170920 1200 21.06 1 5
 20170921 1200 21.09 1 5
 20170922 1200 21.15 1 5
 20170923 1200 21.19 1 5
 20170924 1200 21.27 1 5
 20170925 1200 21.32 1 5
 20170926 1200 21.32 1 5
 20170927 1200 21.42 1 5
 20170928 1200 21.48 1 5
 20170929 1200 21.51 1 5
 20170930 1200 21.48 1 5
 20171001 1200 21.38 1 5
 20171002 1200 21.41 1 5
 20171003 1200 21.45 1 5
 20171004 1200 21.71 1 5
 20171005 1200 21.71 1 5
 20171006 1200 21.67 1 5
 20171007 1200 21.69 1 5
 20171008 1200 21.68 1 5
 20171009 1200 21.75 1 5
 20171010 1200 21.75 1 5
 20171011 1200 21.69 1 5
 20171012 1200 21.64 1 5
 20171013 1200 21.53 1 5
 20171014 1200 21.49 1 5
 20171015 1200 21.33 1 5
 20171016 1200 21.37 1 5
 20171017 1200 21.38 1 5
 20171018 1200 21.39 1 5
 20171019 1200 21.31 1 5
 20171020 1200 21.32 1 5
 20171021 1200 21.30 1 5
 20171022 1200 21.39 1 5
 20171023 1200 21.46 1 5
 20171024 1200 21.43 1 5
 20171025 1200 21.29 1 5
 20171026 1200 21.47 1 5
 20171027 1200 21.69 1 5
 20171028 1200 21.77 1 5
 20171029 1200 21.72 1 5
 20171030 1200 21.41 1 5
 20171031 1200 21.19 1 5
 20171101 1200 21.25 1 5
 20171102 1200 21.15 1 5
 20171103 1200 20.88 1 5
 20171104 1200 20.79 1 5
 20171105 1200 20.73 1 5
 20171106 1200 20.77 1 5
 20171107 1200 20.96 1 5
 20171108 1200 21.02 1 5
 20171109 1200 21.01 1 5
 20171110 1200 21.05 1 5
 20171111 1200 21.04 1 5
 20171112 1200 21.07 1 5
 20171113 1200 20.98 1 5
 20171114 1200 21.03 1 5
 20171115 1200 21.07 1 5
 20171116 1200 21.22 1 5
 20171117 1200 21.39 1 5
 20171118 1200 21.56 1 5
 20171119 1200 21.67 1 5
 20171120 1200 21.64 1 5
 20171121 1200 21.67 1 5
 20171122 1200 21.77 1 5
 20171123 1200 21.79 1 5
 20171124 1200 21.80 1 5
 20171125 1200 21.78 1 5
 20171126 1200 21.79 1 5
 20171127 1200 21.84 1 5
 20171128 1200 21.88 1 5
 20171129 1200 21.95 1 5
 20171130 1200 22.07 1 5
 20171201 1200 22.20 1 5
 20171202 1200 22.22 1 5
 20171203 1200 22.20 1 5
 20171204 1200 22.27 1 5
 20171205 1200 22.35 1 5
 20171206 1200 22.28 1 5
 20171207 1200 22.24 1 5
 20171208 1200 22.28 1 5
 20171209 1200 22.36 1 5
 20171210 1200 22.38 1 5
 20171211 1200 22.47 1 5
 20171212 1200 22.39 1 5
 20171213 1200 22.38 1 5
 20171214 1200 22.39 1 5
 20171215 1200 22.36 1 5
 20171216 1200 22.39 1 5
 20171217 1200 22.47 1 5
 20171218 1200 22.50 1 5
 20171219 1200 22.57 1 5
 20171220 1200 22.53 1 5
 20171221 1200 22.56 1 5
 20171222 1200 22.58 1 5
 20171223 1200 22.66 1 5
 20171224 1200 22.86 1 5
 20171225 1200 22.84 1 5
 20171226 1200 23.07 1 5
 20171227 1200 23.24 1 5
 20171228 1200 23.33 1 5
 20171229 1200 23.37 1 5
 20171230 1200 23.35 1 5
 20171231 1200 23.30 1 5
 20180101 1200 23.30 1 5
 20180102 1200 23.37 1 5
 20180103 1200 23.38 1 5
 20180104 1200 23.49 1 5
 20180105 1200 23.63 1 5
 20180106 1200 23.83 1 5
 20180107 1200 23.89 1 5
 20180108 1200 23.96 1 5
 20180109 1200 24.04 1 5
 20180110 1200 23.93 1 5
 20180111 1200 23.84 1 5
 20180112 1200 23.66 1 5
 20180113 1200 23.61 1 5
 20180114 1200 23.74 1 5
 20180115 1200 23.86 1 5
 20180116 1200 24.09 1 5
 20180117 1200 24.40 1 5
 20180118 1200 24.46 1 5
 20180119 1200 24.56 1 5
 20180120 1200 24.64 1 5
 20180121 1200 24.60 1 5
 20180122 1200 24.71 1 5
 20180123 1200 24.87 1 5
 20180124 1200 24.91 1 5
 20180125 1200 24.84 1 5
 20180126 1200 24.95 1 5
 20180127 1200 25.00 1 5
 20180128 1200 25.00 1 5
 20180129 1200 25.03 1 5
 20180130 1200 25.10 1 5
 20180131 1200 25.13 1 5
 20180201 1200 25.20 1 5
 20180202 1200 25.16 1 5
 20180203 1200 25.19 1 5
 20180204 1200 25.32 1 5
 20180205 1200 25.30 1 5
 20180206 1200 25.25 1 5
 20180207 1200 25.46 1 5
 20180208 1200 25.60 1 5
 20180209 1200 25.80 1 5
 20180210 1200 25.97 1 5
 20180211 1200 26.10 1 5
 20180212 1200 26.15 1 5
 20180213 1200 26.21 1 5
 20180214 1200 26.26 1 5
 20180215 1200 26.19 1 5
 20180216 1200 26.06 1 5
 20180217 1200 26.16 1 5
 20180218 1200 26.26 1 5
 20180219 1200 26.65 1 5
 20180220 1200 27.78 1 5
 20180221 1200 27.26 1 5
 20180222 1200 26.99 1 5
 20180223 1200 26.84 1 5
 20180224 1200 26.98 1 5
 20180225 1200 27.03 1 5
 20180226 1200 27.02 1 5
 20180227 1200 26.95 1 5
 20180228 1200 26.93 1 5
 20180301 1200 26.96 1 5
 20180302 1200 26.88 1 5
 20180303 1200 26.85 1 5
 20180304 1200 26.79 1 5
 20180305 1200 26.69 1 5
 20180306 1200 26.73 1 5
 20180307 1200 26.83 1 5
 20180308 1200 27.11 1 5
 20180309 1200 27.33 1 5
 20180310 1200 27.23 1 5
 20180311 1200 27.14 1 5
 20180312 1200 27.27 1 5
 20180313 1200 27.28 1 5
 20180314 1200 27.35 1 5
 20180315 1200 27.39 1 5
 20180316 1200 27.59 1 5
 20180317 1200 27.54 1 5
 20180318 1200 27.03 1 5
 20180319 1200 26.72 1 5
 20180320 1200 26.79 1 5
 20180321 1200 26.96 1 5
 20180322 1200 27.08 1 5
 20180323 1200 27.26 1 5
 20180324 1200 27.25 1 5
 20180325 1200 27.44 1 5
 20180326 1200 27.65 1 5
 20180327 1200 27.47 1 5
 20180328 1200 27.10 1 5
 20180329 1200 27.41 1 5
 20180330 1200 27.59 1 5
 20180331 1200 27.03 1 5
 20180401 1200 27.17 1 5
 20180402 1200 27.65 1 5
 20180403 1200 27.73 1 5
 20180404 1200 27.81 1 5
 20180405 1200 27.76 1 5
 20180406 1200 27.93 1 5
 20180407 1200 27.88 1 5
 20180408 1200 27.73 1 5
 20180409 1200 27.60 1 5
 20180410 1200 27.34 1 5
 20180411 1200 27.16 1 5
 20180412 1200 27.07 1 5
 20180413 1200 26.94 1 5
 20180414 1200 26.91 1 5
 20180415 1200 26.63 1 5
 20180416 1200 26.75 1 5
 20180417 1200 26.85 1 5
 20180418 1200 26.92 1 5
 20180419 1200 27.15 1 5
 20180420 1200 27.29 1 5
 20180421 1200 27.33 1 5
 20180422 1200 27.37 2 1
 20180423 1200 27.38 2 1
 20180424 1200 27.32 2 1
 20180425 1200 27.45 2 1
 20180426 1200 27.44 2 1
 20180427 1200 27.06 2 1
 20180428 1200 26.63 2 1
 20180429 1200 26.53 2 1
 20180430 1200 26.45 2 1
 20180501 1200 26.19 2 1
 20180502 1200 26.18 2 1
 20180503 1200 26.05 2 1
 20180504 1200 25.96 2 1
 20180505 1200 26.05 2 1
 20180506 1200 26.11 2 1
 20180507 1200 26.05 2 1
 20180508 1200 26.09 2 1
 20180509 1200 26.09 2 1
 20180510 1200 26.20 2 1
 20180511 1200 26.16 2 1
 20180512 1200 26.17 2 1
 20180513 1200 26.26 2 1
 20180514 1200 26.00 2 1
 20180515 1200 25.85 2 1
 20180516 1200 25.87 2 1
 20180517 1200 25.79 2 1
 20180518 1200 25.78 2 1
 20180519 1200 25.82 2 1
 20180520 1200 25.83 2 1
 20180521 1200 25.85 2 1
 20180522 1200 25.85 2 1
 20180523 1200 25.82 2 1
 20180524 1200 25.78 2 1
 20180525 1200 25.70 2 1
 20180526 1200 25.70 2 1
 20180527 1200 25.65 2 1
 20180528 1200 25.63 2 1
 20180529 1200 25.62 2 1
 20180530 1200 25.79 2 1
 20180531 1200 25.84 2 1
 20180601 1200 25.87 2 1
 20180602 1200 25.93 2 1
 20180603 1200 25.97 2 1
 20180604 1200 25.97 2 1
 20180605 1200 25.82 2 1
 20180606 1200 25.66 2 1
 20180607 1200 25.64 2 1
 20180608 1200 25.52 2 1
 20180609 1200 25.14 2 1
 20180610 1200 25.01 2 1
 20180611 1200 24.78 2 1
 20180612 1200 24.62 2 1
 20180613 1200 24.58 2 1
 20180614 1200 24.50 2 1
 20180615 1200 24.28 2 1
 20180616 1200 24.20 2 1
 20180617 1200 24.37 2 1
 20180618 1200 24.56 2 1
 20180619 1200 24.46 2 1
 20180620 1200 24.47 2 1
 20180621 1200 24.44 2 1
 20180622 1200 24.43 2 1
 20180623 1200 24.45 2 1
 20180624 1200 24.52 2 1
 20180625 1200 24.48 2 1
 20180626 1200 24.42 2 1
 20180627 1200 24.40 2 1
 20180628 1200 24.36 2 1
 20180629 1200 24.35 2 1
 20180630 1200 24.38 2 1
 20180701 1200 24.36 2 1
 20180702 1200 24.33 2 1
 20180703 1200 24.35 2 1
 20180704 1200 24.31 2 1
 20180705 1200 24.29 2 1
 20180706 1200 24.24 2 1
 20180707 1200 24.24 2 1
 20180708 1200 24.22 2 1
 20180709 1200 24.18 2 1
 20180710 1200 24.13 2 1
 20180711 1200 24.09 2 1
 20180712 1200 24.07 2 1
 20180713 1200 24.02 2 1
 20180714 1200 23.97 2 1
 20180715 1200 23.97 2 1
 20180716 1200 23.92 2 1
 20180717 1200 23.92 2 1
 20180718 1200 23.84 2 1
 20180719 1200 23.76 2 1
 20180720 1200 23.49 2 1
 20180721 1200 22.92 2 1
 20180722 1200 22.59 2 1
 20180723 1200 22.54 2 1
 20180724 1200 22.62 2 1
 20180725 1200 22.68 2 1
 20180726 1200 22.81 2 1
 20180727 1200 22.84 2 1
 20180728 1200 22.80 2 1
 20180729 1200 22.78 2 1
 20180730 1200 22.76 2 1
 20180731 1200 22.77 2 1
 20180801 1200 22.76 2 1
 20180802 1200 22.74 2 1
 20180803 1200 22.59 2 1
 20180804 1200 22.71 2 1
 20180805 1200 22.65 2 1
 20180806 1200 22.61 2 1
 20180807 1200 22.56 2 1
 20180808 1200 22.53 2 1
 20180809 1200 22.58 2 1
 20180810 1200 22.62 2 1
 20180811 1200 22.60 2 1
 20180812 1200 22.53 2 1
 20180813 1200 22.45 2 1
 20180814 1200 22.45 2 1
 20180815 1200 22.45 2 1
 20180816 1200 22.53 2 1
 20180817 1200 22.58 2 1
 20180818 1200 22.57 2 1
 20180819 1200 22.49 2 1
 20180820 1200 22.40 2 1
 20180821 1200 22.24 2 1
 20180822 1200 22.22 2 1
 20180823 1200 22.18 2 1
 20180824 1200 22.13 2 1
 20180825 1200 21.82 2 1
 20180826 1200 21.87 2 1
 20180827 1200 21.73 2 1
 20180828 1200 21.87 2 1
 20180829 1200 21.76 2 1
 20180830 1200 21.53 2 1
 20180831 1200 21.62 2 1
 20180901 1200 21.69 2 1
 20180902 1200 21.70 2 1
 20180903 1200 21.71 2 1
 20180904 1200 21.78 2 1
 20180905 1200 21.80 2 1
 20180906 1200 21.78 2 1
 20180907 1200 21.73 2 1
 20180908 1200 21.85 2 1
 20180909 1200 21.85 2 1
 20180910 1200 21.92 2 1
 20180911 1200 22.07 2 1
 20180912 1200 22.16 2 1
 20180913 1200 21.92 2 1
 20180914 1200 21.94 2 1
 20180915 1200 21.93 2 1
 20180916 1200 21.85 2 1
 20180917 1200 21.70 2 1
 20180918 1200 21.51 2 1
 20180919 1200 21.87 2 1
 20180920 1200 22.01 2 1
 20180921 1200 22.20 2 1
 20180922 1200 22.04 2 1
 20180923 1200 22.18 2 1
 20180924 1200 22.12 2 1
 20180925 1200 22.20 2 1
 20180926 1200 22.30 2 1
 20180927 1200 22.09 2 1
 20180928 1200 22.28 2 1
 20180929 1200 22.36 2 1
 20180930 1200 22.37 2 1
 20181001 1200 22.26 2 1
 20181002 1200 22.20 2 1
 20181003 1200 22.42 2 1
 20181004 1200 22.23 2 1
 20181005 1200 22.46 2 1
 20181006 1200 22.52 2 1
 20181007 1200 22.40 2 1
 20181008 1200 22.20 2 1
 20181009 1200 22.10 2 1
 20181010 1200 22.21 2 1
 20181011 1200 22.25 2 1
 20181012 1200 22.20 2 1
 20181013 1200 22.16 2 1
 20181014 1200 22.10 2 1
 20181015 1200 22.10 2 1
 20181016 1200 22.13 2 1
 20181017 1200 22.15 2 1
 20181018 1200 22.25 2 1
 20181019 1200 22.29 2 1
 20181020 1200 22.36 2 1
 20181021 1200 22.56 2 1
 20181022 1200 22.60 2 1
 20181023 1200 22.56 2 1
 20181024 1200 22.57 2 1
 20181025 1200 22.64 2 1
 20181026 1200 22.72 2 1
 20181027 1200 22.72 2 1
 20181028 1200 22.80 2 1
 20181029 1200 22.87 2 1
 20181030 1200 22.87 2 1
 20181031 1200 22.93 2 1
 20181101 1200 22.89 2 1
 20181102 1200 23.02 2 1
 20181103 1200 23.13 2 1
 20181104 1200 23.20 2 1
 20181105 1200 23.39 2 1
 20181106 1200 23.41 2 1
 20181107 1200 23.35 2 1
 20181108 1200 23.24 2 1
 20181109 1200 23.27 2 1
 20181110 1200 23.40 2 1
 20181111 1200 23.41 2 1
 20181112 1200 23.42 2 1
 20181113 1200 23.40 2 1
 20181114 1200 23.33 2 1
 20181115 1200 23.42 2 1
 20181116 1200 23.47 2 1
 20181117 1200 23.52 2 1
 20181118 1200 23.61 2 1
 20181119 1200 23.60 2 1
 20181120 1200 23.63 2 1
 20181121 1200 23.62 2 1
 20181122 1200 23.64 2 1
 20181123 1200 23.68 2 1
 20181124 1200 23.71 2 1
 20181125 1200 23.76 2 1
 20181126 1200 23.82 2 1
 20181127 1200 23.90 2 1
 20181128 1200 23.94 2 1
 20181129 1200 24.00 2 1
 20181130 1200 23.98 2 1
 20181201 1200 23.98 2 1
 20181202 1200 23.96 2 1
 20181203 1200 23.94 2 1
 20181204 1200 23.95 2 1
 20181205 1200 23.99 2 1
 20181206 1200 23.99 2 1
 20181207 1200 23.99 2 1
 20181208 1200 23.97 2 1
 20181209 1200 23.95 2 1
 20181210 1200 23.99 2 1
 20181211 1200 24.00 2 1
 20181212 1200 24.00 2 1
 20181213 1200 24.00 2 1
 20181214 1200 24.01 2 1
 20181215 1200 24.03 2 1
 20181216 1200 24.06 2 1
 20181217 1200 24.07 2 1
 20181218 1200 24.13 2 1
 20181219 1200 24.17 2 1
 20181220 1200 24.21 2 1
 20181221 1200 24.26 2 1
 20181222 1200 24.22 2 1
 20181223 1200 24.30 2 1
 20181224 1200 24.37 2 1
 20181225 1200 24.45 2 1
 20181226 1200 24.46 2 1
 20181227 1200 24.48 2 1
 20181228 1200 24.54 2 1
 20181229 1200 24.54 2 1
 20181230 1200 24.55 2 1
 20181231 1200 24.59 2 1
 20190101 1200 24.58 2 1
 20190102 1200 24.61 2 1
 20190103 1200 24.66 2 1
 20190104 1200 24.73 2 1
 20190105 1200 24.74 2 1
 20190106 1200 24.72 2 1
 20190107 1200 24.77 2 1
 20190108 1200 24.81 2 1
 20190109 1200 25.07 2 1
 20190110 1200 25.29 2 1
 20190111 1200 25.53 2 1
 20190112 1200 25.65 2 1
 20190113 1200 25.71 2 1
 20190114 1200 25.78 2 1
 20190115 1200 25.71 2 1
 20190116 1200 25.72 2 1
 20190117 1200 25.63 2 1
 20190118 1200 25.63 2 1
 20190119 1200 25.62 2 1
 20190120 1200 25.67 2 1
 20190121 1200 25.71 2 1
 20190122 1200 25.77 2 1
 20190123 1200 25.88 2 1
 20190124 1200 26.01 2 1
 20190125 1200 26.12 2 1
 20190126 1200 26.19 2 1
 20190127 1200 26.31 2 1
 20190128 1200 26.40 2 1
 20190129 1200 26.46 2 1
 20190130 1200 26.61 2 1
 20190131 1200 26.80 2 1
 20190201 1200 26.78 2 1
 20190202 1200 26.84 2 1
 20190203 1200 27.00 2 1
 20190204 1200 26.80 2 1
 20190205 1200 26.65 2 1
 20190206 1200 26.37 2 1
 20190207 1200 26.48 2 1
 20190208 1200 26.71 2 1
 20190209 1200 27.09 2 1
 20190210 1200 27.05 2 1
 20190211 1200 27.08 2 1
 20190212 1200 27.41 2 1
 20190213 1200 27.27 2 1
 20190214 1200 27.25 2 1
 20190215 1200 27.36 2 1
 20190216 1200 27.38 2 1
 20190217 1200 27.25 2 1
 20190218 1200 27.18 2 1
 20190219 1200 27.07 2 1
 Time: 1200 24 Jun 2019 to 1200  3 Aug 2019 (index  7115 to  7155,   41 times)
 Depth (M):        1 QUALITY SOURCE
 YYYYMMDD HHMM   SST Q S
 20190624 1200 24.12 2 1
 20190625 1200 24.07 2 1
 20190626 1200 24.09 2 1
 20190627 1200 24.07 2 1
 20190628 1200 24.03 2 1
 20190629 1200 24.01 2 1
 20190630 1200 24.10 2 1
 20190701 1200 24.13 2 1
 20190702 1200 24.08 2 1
 20190703 1200 23.87 2 1
 20190704 1200 23.73 2 1
 20190705 1200 23.57 2 1
 20190706 1200 23.66 2 1
 20190707 1200 23.68 2 1
 20190708 1200 23.53 2 1
 20190709 1200 23.88 2 1
 20190710 1200 24.11 2 1
 20190711 1200 23.99 2 1
 20190712 1200 23.87 2 1
 20190713 1200 23.84 2 1
 20190714 1200 23.99 2 1
 20190715 1200 24.07 2 1
 20190716 1200 23.89 2 1
 20190717 1200 23.67 2 1
 20190718 1200 23.60 2 1
 20190719 1200 -9.99 0 0
 20190720 1200 23.94 2 1
 20190721 1200 23.97 2 1
 20190722 1200 24.05 2 1
 20190723 1200 -9.99 0 0
 20190724 1200 -9.99 0 0
 20190725 1200 23.96 2 1
 20190726 1200 23.94 2 1
 20190727 1200 23.85 2 1
 20190728 1200 23.76 2 1
 20190729 1200 23.71 2 1
 20190730 1200 23.70 2 1
 20190731 1200 23.62 2 1
 20190801 1200 23.60 2 1
 20190802 1200 23.52 2 1
 20190803 1200 23.51 2 1
 Time: 1200 30 Aug 2019 to 1200  4 Sep 2019 (index  7182 to  7187,    6 times)
 Depth (M):        1 QUALITY SOURCE
 YYYYMMDD HHMM   SST Q S
 20190830 1200 22.46 2 1
 20190831 1200 -9.99 0 0
 20190901 1200 22.27 2 1
 20190902 1200 21.97 2 1
 20190903 1200 22.94 2 1
 20190904 1200 22.98 2 1
 Time: 1200 17 Sep 2019 to 1200 18 Sep 2019 (index  7200 to  7201,    2 times)
 Depth (M):        1 QUALITY SOURCE
 YYYYMMDD HHMM   SST Q S
 20190917 1200 21.21 2 1
 20190918 1200 21.41 2 1
 Time: 1200 30 Sep 2019 to 1200  6 Oct 2019 (index  7213 to  7219,    7 times)
 Depth (M):        1 QUALITY SOURCE
 YYYYMMDD HHMM   SST Q S
 20190930 1200 20.93 2 1
 20191001 1200 -9.99 0 0
 20191002 1200 -9.99 0 0
 20191003 1200 -9.99 0 0
 20191004 1200 -9.99 0 0
 20191005 1200 -9.99 0 0
 20191006 1200 20.63 2 1
 Time: 1200  5 Nov 2019 to 1200 12 Nov 2019 (index  7249 to  7256,    8 times)
 Depth (M):        1 QUALITY SOURCE
 YYYYMMDD HHMM   SST Q S
 20191105 1200 22.01 2 1
 20191106 1200 22.08 2 1
 20191107 1200 22.23 2 1
 20191108 1200 -9.99 0 0
 20191109 1200 -9.99 0 0
 20191110 1200 -9.99 0 0
 20191111 1200 -9.99 0 0
 20191112 1200 22.44 2 1
 Time: 1200  4 Jul 2020 to 1200  9 Mar 2021 (index  7491 to  7739,  249 times)
 Depth (M):        1 QUALITY SOURCE
 YYYYMMDD HHMM   SST Q S
 20200704 1200 23.61 2 1
 20200705 1200 23.42 2 1
 20200706 1200 23.38 2 1
 20200707 1200 23.21 2 1
 20200708 1200 22.74 2 1
 20200709 1200 22.41 2 1
 20200710 1200 -9.99 0 0
 20200711 1200 21.93 2 1
 20200712 1200 21.88 2 1
 20200713 1200 21.90 2 1
 20200714 1200 21.95 2 1
 20200715 1200 22.05 2 1
 20200716 1200 22.10 2 1
 20200717 1200 21.86 2 1
 20200718 1200 21.48 2 1
 20200719 1200 21.23 2 1
 20200720 1200 21.29 2 1
 20200721 1200 21.32 2 1
 20200722 1200 21.22 2 1
 20200723 1200 21.18 2 1
 20200724 1200 21.16 2 1
 20200725 1200 21.08 2 1
 20200726 1200 21.07 2 1
 20200727 1200 21.06 2 1
 20200728 1200 20.97 2 1
 20200729 1200 21.09 2 1
 20200730 1200 21.06 2 1
 20200731 1200 21.01 2 1
 20200801 1200 21.01 2 1
 20200802 1200 21.15 2 1
 20200803 1200 21.65 2 1
 20200804 1200 21.68 2 1
 20200805 1200 21.14 2 1
 20200806 1200 21.85 2 1
 20200807 1200 21.94 2 1
 20200808 1200 21.92 2 1
 20200809 1200 21.97 2 1
 20200810 1200 22.11 2 1
 20200811 1200 22.41 2 1
 20200812 1200 22.67 2 1
 20200813 1200 22.53 2 1
 20200814 1200 22.47 2 1
 20200815 1200 22.38 2 1
 20200816 1200 22.29 2 1
 20200817 1200 22.29 2 1
 20200818 1200 22.31 2 1
 20200819 1200 22.35 2 1
 20200820 1200 22.21 2 1
 20200821 1200 21.62 2 1
 20200822 1200 21.60 2 1
 20200823 1200 21.67 2 1
 20200824 1200 21.95 2 1
 20200825 1200 21.69 2 1
 20200826 1200 21.20 2 1
 20200827 1200 21.02 2 1
 20200828 1200 20.64 2 1
 20200829 1200 20.46 2 1
 20200830 1200 20.32 2 1
 20200831 1200 20.32 2 1
 20200901 1200 20.15 2 1
 20200902 1200 19.97 2 1
 20200903 1200 20.01 2 1
 20200904 1200 20.02 2 1
 20200905 1200 19.98 2 1
 20200906 1200 19.97 2 1
 20200907 1200 20.44 2 1
 20200908 1200 20.58 2 1
 20200909 1200 20.38 2 1
 20200910 1200 20.40 2 1
 20200911 1200 20.07 2 1
 20200912 1200 20.34 2 1
 20200913 1200 20.67 2 1
 20200914 1200 20.30 2 1
 20200915 1200 20.13 2 1
 20200916 1200 20.15 2 1
 20200917 1200 20.42 2 1
 20200918 1200 20.47 2 1
 20200919 1200 20.25 2 1
 20200920 1200 20.30 2 1
 20200921 1200 20.66 2 1
 20200922 1200 20.94 2 1
 20200923 1200 21.13 2 1
 20200924 1200 21.10 2 1
 20200925 1200 21.11 2 1
 20200926 1200 20.61 2 1
 20200927 1200 20.49 2 1
 20200928 1200 20.58 2 1
 20200929 1200 20.62 2 1
 20200930 1200 20.66 2 1
 20201001 1200 20.66 2 1
 20201002 1200 20.68 2 1
 20201003 1200 20.63 2 1
 20201004 1200 20.64 2 1
 20201005 1200 20.67 2 1
 20201006 1200 20.70 2 1
 20201007 1200 20.72 2 1
 20201008 1200 20.73 2 1
 20201009 1200 20.75 2 1
 20201010 1200 20.78 2 1
 20201011 1200 20.90 2 1
 20201012 1200 20.98 2 1
 20201013 1200 21.03 2 1
 20201014 1200 21.04 2 1
 20201015 1200 21.18 2 1
 20201016 1200 21.23 2 1
 20201017 1200 21.21 2 1
 20201018 1200 21.24 2 1
 20201019 1200 21.29 2 1
 20201020 1200 21.32 2 1
 20201021 1200 21.34 2 1
 20201022 1200 21.43 2 1
 20201023 1200 21.43 2 1
 20201024 1200 21.38 2 1
 20201025 1200 21.34 2 1
 20201026 1200 21.48 2 1
 20201027 1200 21.61 2 1
 20201028 1200 21.59 2 1
 20201029 1200 21.55 2 1
 20201030 1200 21.47 2 1
 20201031 1200 21.38 2 1
 20201101 1200 21.34 2 1
 20201102 1200 21.28 2 1
 20201103 1200 21.39 2 1
 20201104 1200 21.39 2 1
 20201105 1200 -9.99 0 0
 20201106 1200 21.42 2 1
 20201107 1200 21.42 2 1
 20201108 1200 21.35 2 1
 20201109 1200 21.34 2 1
 20201110 1200 21.26 2 1
 20201111 1200 21.37 2 1
 20201112 1200 21.53 2 1
 20201113 1200 21.51 2 1
 20201114 1200 21.52 2 1
 20201115 1200 21.52 2 1
 20201116 1200 21.42 2 1
 20201117 1200 21.27 2 1
 20201118 1200 21.19 2 1
 20201119 1200 21.20 2 1
 20201120 1200 21.17 2 1
 20201121 1200 21.32 2 1
 20201122 1200 21.37 2 1
 20201123 1200 21.34 2 1
 20201124 1200 21.38 2 1
 20201125 1200 21.51 2 1
 20201126 1200 21.54 2 1
 20201127 1200 21.61 2 1
 20201128 1200 21.75 2 1
 20201129 1200 21.82 2 1
 20201130 1200 22.11 2 1
 20201201 1200 22.26 2 1
 20201202 1200 22.29 2 1
 20201203 1200 22.38 2 1
 20201204 1200 22.40 2 1
 20201205 1200 22.47 2 1
 20201206 1200 22.55 2 1
 20201207 1200 22.71 2 1
 20201208 1200 22.80 2 1
 20201209 1200 22.87 2 1
 20201210 1200 22.90 2 1
 20201211 1200 22.93 2 1
 20201212 1200 23.05 2 1
 20201213 1200 23.11 2 1
 20201214 1200 23.07 2 1
 20201215 1200 22.95 2 1
 20201216 1200 23.09 2 1
 20201217 1200 23.34 2 1
 20201218 1200 23.43 2 1
 20201219 1200 23.28 2 1
 20201220 1200 23.36 2 1
 20201221 1200 23.55 2 1
 20201222 1200 23.65 2 1
 20201223 1200 23.67 2 1
 20201224 1200 23.67 2 1
 20201225 1200 23.54 2 1
 20201226 1200 23.62 2 1
 20201227 1200 23.67 2 1
 20201228 1200 23.67 2 1
 20201229 1200 23.54 2 1
 20201230 1200 23.60 2 1
 20201231 1200 23.75 2 1
 20210101 1200 23.93 2 1
 20210102 1200 24.14 2 1
 20210103 1200 24.08 2 1
 20210104 1200 24.16 2 1
 20210105 1200 24.32 2 1
 20210106 1200 24.29 2 1
 20210107 1200 24.41 2 1
 20210108 1200 24.47 2 1
 20210109 1200 24.50 2 1
 20210110 1200 24.55 2 1
 20210111 1200 24.53 2 1
 20210112 1200 24.53 2 1
 20210113 1200 24.56 2 1
 20210114 1200 24.48 2 1
 20210115 1200 24.58 2 1
 20210116 1200 25.04 2 1
 20210117 1200 25.07 2 1
 20210118 1200 24.93 2 1
 20210119 1200 24.89 2 1
 20210120 1200 24.98 2 1
 20210121 1200 24.75 2 1
 20210122 1200 24.82 2 1
 20210123 1200 24.90 2 1
 20210124 1200 24.72 2 1
 20210125 1200 24.77 2 1
 20210126 1200 24.94 2 1
 20210127 1200 25.03 2 1
 20210128 1200 25.09 2 1
 20210129 1200 25.10 2 1
 20210130 1200 25.16 2 1
 20210131 1200 25.22 2 1
 20210201 1200 25.34 2 1
 20210202 1200 25.31 2 1
 20210203 1200 25.34 2 1
 20210204 1200 25.50 2 1
 20210205 1200 25.67 2 1
 20210206 1200 25.62 2 1
 20210207 1200 25.55 2 1
 20210208 1200 25.63 2 1
 20210209 1200 25.82 2 1
 20210210 1200 26.03 2 1
 20210211 1200 26.37 2 1
 20210212 1200 26.26 2 1
 20210213 1200 26.26 2 1
 20210214 1200 26.30 2 1
 20210215 1200 26.44 2 1
 20210216 1200 26.63 2 1
 20210217 1200 26.65 2 1
 20210218 1200 26.65 2 1
 20210219 1200 26.69 2 1
 20210220 1200 26.78 2 1
 20210221 1200 26.87 2 1
 20210222 1200 26.86 2 1
 20210223 1200 26.77 2 1
 20210224 1200 26.84 2 1
 20210225 1200 26.80 2 1
 20210226 1200 26.78 2 1
 20210227 1200 26.83 2 1
 20210228 1200 26.99 2 1
 20210301 1200 27.15 2 1
 20210302 1200 27.12 2 1
 20210303 1200 27.21 2 1
 20210304 1200 27.26 2 1
 20210305 1200 27.13 2 1
 20210306 1200 26.93 2 1
 20210307 1200 27.24 2 1
 20210308 1200 28.02 2 1
 20210309 1200 27.38 2 1
 Time: 1200 16 Mar 2021 to 1200 19 Sep 2021 (index  7746 to  7933,  188 times)
 Depth (M):        1 QUALITY SOURCE
 YYYYMMDD HHMM   SST Q S
 20210316 1200 27.48 2 1
 20210317 1200 27.52 2 1
 20210318 1200 27.43 2 1
 20210319 1200 27.39 2 1
 20210320 1200 27.24 2 1
 20210321 1200 26.99 2 1
 20210322 1200 26.82 2 1
 20210323 1200 26.76 2 1
 20210324 1200 26.88 2 1
 20210325 1200 26.91 2 1
 20210326 1200 26.92 2 1
 20210327 1200 26.98 2 1
 20210328 1200 26.96 2 1
 20210329 1200 26.99 2 1
 20210330 1200 26.74 2 1
 20210331 1200 26.58 2 1
 20210401 1200 26.49 2 1
 20210402 1200 26.51 2 1
 20210403 1200 26.54 2 1
 20210404 1200 26.57 2 1
 20210405 1200 26.53 2 1
 20210406 1200 26.64 2 1
 20210407 1200 26.68 2 1
 20210408 1200 26.24 2 1
 20210409 1200 25.78 2 1
 20210410 1200 25.88 2 1
 20210411 1200 25.85 2 1
 20210412 1200 25.85 2 1
 20210413 1200 25.92 2 1
 20210414 1200 25.99 2 1
 20210415 1200 26.11 2 1
 20210416 1200 26.12 2 1
 20210417 1200 26.13 2 1
 20210418 1200 26.21 2 1
 20210419 1200 26.30 2 1
 20210420 1200 26.19 2 1
 20210421 1200 25.86 2 1
 20210422 1200 25.86 2 1
 20210423 1200 25.88 2 1
 20210424 1200 25.83 2 1
 20210425 1200 25.73 2 1
 20210426 1200 25.61 2 1
 20210427 1200 25.69 2 1
 20210428 1200 25.67 2 1
 20210429 1200 25.69 2 1
 20210430 1200 25.68 2 1
 20210501 1200 25.71 2 1
 20210502 1200 25.76 2 1
 20210503 1200 25.71 2 1
 20210504 1200 25.59 2 1
 20210505 1200 25.52 2 1
 20210506 1200 25.64 2 1
 20210507 1200 25.73 2 1
 20210508 1200 25.65 2 1
 20210509 1200 25.59 2 1
 20210510 1200 25.50 2 1
 20210511 1200 25.36 2 1
 20210512 1200 25.34 2 1
 20210513 1200 25.17 2 1
 20210514 1200 25.01 2 1
 20210515 1200 24.89 2 1
 20210516 1200 24.93 2 1
 20210517 1200 24.97 2 1
 20210518 1200 24.97 2 1
 20210519 1200 24.90 2 1
 20210520 1200 24.77 2 1
 20210521 1200 24.71 2 1
 20210522 1200 24.74 2 1
 20210523 1200 24.80 2 1
 20210524 1200 24.85 2 1
 20210525 1200 24.88 2 1
 20210526 1200 24.87 2 1
 20210527 1200 24.78 2 1
 20210528 1200 24.78 2 1
 20210529 1200 24.74 2 1
 20210530 1200 24.81 2 1
 20210531 1200 24.84 2 1
 20210601 1200 24.93 2 1
 20210602 1200 25.05 2 1
 20210603 1200 25.06 2 1
 20210604 1200 25.07 2 1
 20210605 1200 25.09 2 1
 20210606 1200 25.12 2 1
 20210607 1200 25.04 2 1
 20210608 1200 25.00 2 1
 20210609 1200 24.94 2 1
 20210610 1200 24.89 2 1
 20210611 1200 24.89 2 1
 20210612 1200 24.88 2 1
 20210613 1200 24.84 2 1
 20210614 1200 24.88 2 1
 20210615 1200 24.75 2 1
 20210616 1200 24.78 2 1
 20210617 1200 24.74 2 1
 20210618 1200 24.67 2 1
 20210619 1200 24.47 2 1
 20210620 1200 24.27 2 1
 20210621 1200 24.24 2 1
 20210622 1200 24.02 2 1
 20210623 1200 23.98 2 1
 20210624 1200 23.92 2 1
 20210625 1200 23.88 2 1
 20210626 1200 24.00 2 1
 20210627 1200 24.08 2 1
 20210628 1200 24.23 2 1
 20210629 1200 24.42 2 1
 20210630 1200 24.39 2 1
 20210701 1200 24.40 2 1
 20210702 1200 24.36 2 1
 20210703 1200 24.34 2 1
 20210704 1200 24.33 2 1
 20210705 1200 24.25 2 1
 20210706 1200 24.11 2 1
 20210707 1200 23.94 2 1
 20210708 1200 23.77 2 1
 20210709 1200 23.83 2 1
 20210710 1200 23.85 2 1
 20210711 1200 23.75 2 1
 20210712 1200 23.76 2 1
 20210713 1200 23.68 2 1
 20210714 1200 23.63 2 1
 20210715 1200 23.58 2 1
 20210716 1200 23.61 2 1
 20210717 1200 23.61 2 1
 20210718 1200 23.58 2 1
 20210719 1200 23.56 2 1
 20210720 1200 23.62 2 1
 20210721 1200 23.61 2 1
 20210722 1200 23.59 2 1
 20210723 1200 23.59 2 1
 20210724 1200 23.55 2 1
 20210725 1200 23.54 2 1
 20210726 1200 23.48 2 1
 20210727 1200 23.52 2 1
 20210728 1200 23.45 2 1
 20210729 1200 23.38 2 1
 20210730 1200 23.36 2 1
 20210731 1200 23.35 2 1
 20210801 1200 23.27 2 1
 20210802 1200 23.20 2 1
 20210803 1200 23.22 2 1
 20210804 1200 23.29 2 1
 20210805 1200 23.35 2 1
 20210806 1200 23.29 2 1
 20210807 1200 23.26 2 1
 20210808 1200 23.20 2 1
 20210809 1200 23.14 2 1
 20210810 1200 23.05 2 1
 20210811 1200 23.02 2 1
 20210812 1200 22.97 2 1
 20210813 1200 22.97 2 1
 20210814 1200 22.98 2 1
 20210815 1200 22.97 2 1
 20210816 1200 22.99 2 1
 20210817 1200 23.00 2 1
 20210818 1200 23.00 2 1
 20210819 1200 22.75 2 1
 20210820 1200 22.01 2 1
 20210821 1200 21.77 2 1
 20210822 1200 21.66 2 1
 20210823 1200 21.60 2 1
 20210824 1200 21.51 2 1
 20210825 1200 21.38 2 1
 20210826 1200 21.37 2 1
 20210827 1200 21.34 2 1
 20210828 1200 21.52 2 1
 20210829 1200 21.49 2 1
 20210830 1200 21.65 2 1
 20210831 1200 21.98 2 1
 20210901 1200 22.00 2 1
 20210902 1200 22.06 2 1
 20210903 1200 22.12 2 1
 20210904 1200 21.96 2 1
 20210905 1200 22.02 2 1
 20210906 1200 22.22 2 1
 20210907 1200 22.62 2 1
 20210908 1200 22.68 2 1
 20210909 1200 22.59 2 1
 20210910 1200 22.62 2 1
 20210911 1200 22.68 2 1
 20210912 1200 22.62 2 1
 20210913 1200 22.59 2 1
 20210914 1200 22.41 2 1
 20210915 1200 21.87 2 1
 20210916 1200 21.72 2 1
 20210917 1200 21.63 2 1
 20210918 1200 21.69 2 1
 20210919 1200 21.61 2 1
 Time: 1200 26 Mar 2023 to 1200  8 Dec 2023 (index  8486 to  8743,  258 times)
 Depth (M):        1 QUALITY SOURCE
 YYYYMMDD HHMM   SST Q S
 20230326 1200 28.05 2 1
 20230327 1200 28.00 2 1
 20230328 1200 28.31 2 1
 20230329 1200 28.39 2 1
 20230330 1200 28.36 2 1
 20230331 1200 28.31 2 1
 20230401 1200 28.40 2 1
 20230402 1200 28.40 2 1
 20230403 1200 28.52 2 1
 20230404 1200 28.49 2 1
 20230405 1200 28.34 2 1
 20230406 1200 28.35 2 1
 20230407 1200 28.45 2 1
 20230408 1200 28.54 2 1
 20230409 1200 28.55 2 1
 20230410 1200 28.77 2 1
 20230411 1200 28.82 2 1
 20230412 1200 28.88 2 1
 20230413 1200 28.69 2 1
 20230414 1200 28.67 2 1
 20230415 1200 28.39 2 1
 20230416 1200 28.26 2 1
 20230417 1200 28.12 2 1
 20230418 1200 28.08 2 1
 20230419 1200 27.78 2 1
 20230420 1200 27.36 2 1
 20230421 1200 27.73 2 1
 20230422 1200 27.72 2 1
 20230423 1200 27.66 2 1
 20230424 1200 27.78 2 1
 20230425 1200 28.03 2 1
 20230426 1200 28.19 2 1
 20230427 1200 28.18 2 1
 20230428 1200 28.15 2 1
 20230429 1200 28.06 2 1
 20230430 1200 27.92 2 1
 20230501 1200 27.76 2 1
 20230502 1200 27.49 2 1
 20230503 1200 27.28 2 1
 20230504 1200 27.24 2 1
 20230505 1200 27.25 2 1
 20230506 1200 27.30 2 1
 20230507 1200 27.29 2 1
 20230508 1200 27.32 2 1
 20230509 1200 27.36 2 1
 20230510 1200 27.40 2 1
 20230511 1200 27.35 2 1
 20230512 1200 27.30 2 1
 20230513 1200 27.24 2 1
 20230514 1200 27.21 2 1
 20230515 1200 27.10 2 1
 20230516 1200 26.99 2 1
 20230517 1200 26.90 2 1
 20230518 1200 27.06 2 1
 20230519 1200 27.09 2 1
 20230520 1200 26.99 2 1
 20230521 1200 26.93 2 1
 20230522 1200 26.97 2 1
 20230523 1200 26.99 2 1
 20230524 1200 26.92 2 1
 20230525 1200 26.94 2 1
 20230526 1200 26.89 2 1
 20230527 1200 26.92 2 1
 20230528 1200 26.92 2 1
 20230529 1200 26.90 2 1
 20230530 1200 26.87 2 1
 20230531 1200 26.86 2 1
 20230601 1200 26.82 2 1
 20230602 1200 26.52 2 1
 20230603 1200 26.40 2 1
 20230604 1200 26.37 2 1
 20230605 1200 26.39 2 1
 20230606 1200 26.44 2 1
 20230607 1200 26.52 2 1
 20230608 1200 26.57 2 1
 20230609 1200 26.56 2 1
 20230610 1200 26.53 2 1
 20230611 1200 26.58 2 1
 20230612 1200 26.42 2 1
 20230613 1200 26.34 2 1
 20230614 1200 26.25 2 1
 20230615 1200 26.21 2 1
 20230616 1200 26.21 2 1
 20230617 1200 26.19 2 1
 20230618 1200 26.12 2 1
 20230619 1200 26.09 2 1
 20230620 1200 26.07 2 1
 20230621 1200 26.05 2 1
 20230622 1200 26.03 2 1
 20230623 1200 26.05 2 1
 20230624 1200 26.00 2 1
 20230625 1200 25.99 2 1
 20230626 1200 25.95 2 1
 20230627 1200 25.96 2 1
 20230628 1200 26.14 2 1
 20230629 1200 26.14 2 1
 20230630 1200 26.10 2 1
 20230701 1200 26.10 2 1
 20230702 1200 26.04 2 1
 20230703 1200 26.00 2 1
 20230704 1200 25.98 2 1
 20230705 1200 25.96 2 1
 20230706 1200 25.95 2 1
 20230707 1200 26.03 2 1
 20230708 1200 26.01 2 1
 20230709 1200 26.01 2 1
 20230710 1200 26.01 2 1
 20230711 1200 25.99 2 1
 20230712 1200 25.99 2 1
 20230713 1200 26.05 2 1
 20230714 1200 26.06 2 1
 20230715 1200 25.97 2 1
 20230716 1200 25.94 2 1
 20230717 1200 25.86 2 1
 20230718 1200 25.87 2 1
 20230719 1200 25.81 2 1
 20230720 1200 25.79 2 1
 20230721 1200 25.76 2 1
 20230722 1200 25.74 2 1
 20230723 1200 25.71 2 1
 20230724 1200 25.72 2 1
 20230725 1200 25.74 2 1
 20230726 1200 25.76 2 1
 20230727 1200 25.74 2 1
 20230728 1200 25.69 2 1
 20230729 1200 25.67 2 1
 20230730 1200 25.69 2 1
 20230731 1200 25.57 2 1
 20230801 1200 25.43 2 1
 20230802 1200 24.99 2 1
 20230803 1200 24.97 2 1
 20230804 1200 25.07 2 1
 20230805 1200 25.40 2 1
 20230806 1200 25.53 2 1
 20230807 1200 25.59 2 1
 20230808 1200 25.61 2 1
 20230809 1200 25.33 2 1
 20230810 1200 25.06 2 1
 20230811 1200 25.00 2 1
 20230812 1200 24.99 2 1
 20230813 1200 25.15 2 1
 20230814 1200 25.25 2 1
 20230815 1200 25.35 2 1
 20230816 1200 25.49 2 1
 20230817 1200 25.58 2 1
 20230818 1200 25.57 2 1
 20230819 1200 25.53 2 1
 20230820 1200 25.51 2 1
 20230821 1200 25.48 2 1
 20230822 1200 25.44 2 1
 20230823 1200 25.42 2 1
 20230824 1200 25.43 2 1
 20230825 1200 25.43 2 1
 20230826 1200 25.46 2 1
 20230827 1200 25.42 2 1
 20230828 1200 25.34 2 1
 20230829 1200 25.28 2 1
 20230830 1200 25.38 2 1
 20230831 1200 25.51 2 1
 20230901 1200 25.60 2 1
 20230902 1200 25.69 2 1
 20230903 1200 25.76 2 1
 20230904 1200 25.77 2 1
 20230905 1200 25.69 2 1
 20230906 1200 25.52 2 1
 20230907 1200 25.05 2 1
 20230908 1200 24.92 2 1
 20230909 1200 24.95 2 1
 20230910 1200 24.95 2 1
 20230911 1200 24.87 2 1
 20230912 1200 24.88 2 1
 20230913 1200 24.85 2 1
 20230914 1200 24.93 2 1
 20230915 1200 25.02 2 1
 20230916 1200 25.11 2 1
 20230917 1200 25.11 2 1
 20230918 1200 24.76 2 1
 20230919 1200 24.54 2 1
 20230920 1200 24.66 2 1
 20230921 1200 24.80 2 1
 20230922 1200 25.00 2 1
 20230923 1200 25.07 2 1
 20230924 1200 25.07 2 1
 20230925 1200 25.12 2 1
 20230926 1200 25.15 2 1
 20230927 1200 25.10 2 1
 20230928 1200 25.08 2 1
 20230929 1200 25.12 2 1
 20230930 1200 25.13 2 1
 20231001 1200 25.13 2 1
 20231002 1200 25.13 2 1
 20231003 1200 25.16 2 1
 20231004 1200 25.15 2 1
 20231005 1200 25.15 2 1
 20231006 1200 25.13 2 1
 20231007 1200 25.22 2 1
 20231008 1200 25.29 2 1
 20231009 1200 25.23 2 1
 20231010 1200 25.24 2 1
 20231011 1200 25.27 2 1
 20231012 1200 25.23 2 1
 20231013 1200 25.36 2 1
 20231014 1200 25.33 2 1
 20231015 1200 24.92 2 1
 20231016 1200 24.95 2 1
 20231017 1200 24.91 2 1
 20231018 1200 24.83 2 1
 20231019 1200 24.88 2 1
 20231020 1200 24.90 2 1
 20231021 1200 24.88 2 1
 20231022 1200 24.86 2 1
 20231023 1200 24.81 2 1
 20231024 1200 24.78 2 1
 20231025 1200 24.84 2 1
 20231026 1200 24.86 2 1
 20231027 1200 24.85 2 1
 20231028 1200 24.83 2 1
 20231029 1200 24.86 2 1
 20231030 1200 24.93 2 1
 20231031 1200 25.03 2 1
 20231101 1200 25.32 2 1
 20231102 1200 25.39 2 1
 20231103 1200 25.40 2 1
 20231104 1200 25.37 2 1
 20231105 1200 25.42 2 1
 20231106 1200 25.38 2 1
 20231107 1200 25.34 2 1
 20231108 1200 25.32 2 1
 20231109 1200 25.34 2 1
 20231110 1200 25.42 2 1
 20231111 1200 25.42 2 1
 20231112 1200 25.37 2 1
 20231113 1200 25.36 2 1
 20231114 1200 25.22 2 1
 20231115 1200 25.14 2 1
 20231116 1200 25.10 2 1
 20231117 1200 25.06 2 1
 20231118 1200 25.09 2 1
 20231119 1200 25.09 2 1
 20231120 1200 24.84 2 1
 20231121 1200 24.89 2 1
 20231122 1200 24.95 2 1
 20231123 1200 25.08 2 1
 20231124 1200 25.16 2 1
 20231125 1200 25.30 2 1
 20231126 1200 25.37 2 1
 20231127 1200 25.40 2 1
 20231128 1200 25.28 2 1
 20231129 1200 25.30 2 1
 20231130 1200 25.35 2 1
 20231201 1200 25.35 2 1
 20231202 1200 25.35 2 1
 20231203 1200 25.51 2 1
 20231204 1200 25.60 2 1
 20231205 1200 25.65 2 1
 20231206 1200 25.69 2 1
 20231207 1200 25.72 2 1
 20231208 1200 25.74 2 1
 Time: 1200  1 Jan 2024 to 1200  7 Jan 2024 (index  8767 to  8773,    7 times)
 Depth (M):        1 QUALITY SOURCE
 YYYYMMDD HHMM   SST Q S
 20240101 1200 25.87 2 1
 20240102 1200 -9.99 0 0
 20240103 1200 -9.99 0 0
 20240104 1200 -9.99 0 0
 20240105 1200 -9.99 0 0
 20240106 1200 26.07 2 1
 20240107 1200 26.09 2 1
 Time: 1200 18 Jan 2024 to 1200 12 Feb 2024 (index  8784 to  8809,   26 times)
 Depth (M):        1 QUALITY SOURCE
 YYYYMMDD HHMM   SST Q S
 20240118 1200 26.52 2 1
 20240119 1200 -9.99 0 0
 20240120 1200 -9.99 0 0
 20240121 1200 -9.99 0 0
 20240122 1200 -9.99 0 0
 20240123 1200 26.97 2 1
 20240124 1200 -9.99 0 0
 20240125 1200 -9.99 0 0
 20240126 1200 -9.99 0 0
 20240127 1200 -9.99 0 0
 20240128 1200 27.17 2 1
 20240129 1200 27.21 2 1
 20240130 1200 -9.99 0 0
 20240131 1200 27.30 2 1
 20240201 1200 27.35 2 1
 20240202 1200 27.45 2 1
 20240203 1200 27.47 2 1
 20240204 1200 27.46 2 1
 20240205 1200 -9.99 0 0
 20240206 1200 -9.99 0 0
 20240207 1200 27.34 2 1
 20240208 1200 27.38 2 1
 20240209 1200 27.43 2 1
 20240210 1200 27.42 2 1
 20240211 1200 27.40 2 1
 20240212 1200 27.41 2 1
 Time: 1200 23 Apr 2025 to 1200 12 Jul 2025 (index  9245 to  9325,   81 times)
 Depth (M):        1 QUALITY SOURCE
 YYYYMMDD HHMM   SST Q S
 20250423 1200 27.68 2 1
 20250424 1200 27.63 2 1
 20250425 1200 27.51 2 1
 20250426 1200 27.48 2 1
 20250427 1200 27.52 2 1
 20250428 1200 27.45 2 1
 20250429 1200 27.47 2 1
 20250430 1200 27.43 2 1
 20250501 1200 27.28 2 1
 20250502 1200 27.16 2 1
 20250503 1200 27.05 2 1
 20250504 1200 26.96 2 1
 20250505 1200 26.96 2 1
 20250506 1200 26.87 2 1
 20250507 1200 26.71 2 1
 20250508 1200 26.68 2 1
 20250509 1200 26.67 2 1
 20250510 1200 26.56 2 1
 20250511 1200 26.41 2 1
 20250512 1200 26.05 2 1
 20250513 1200 25.77 2 1
 20250514 1200 25.78 2 1
 20250515 1200 25.93 2 1
 20250516 1200 26.04 2 1
 20250517 1200 25.90 2 1
 20250518 1200 25.86 2 1
 20250519 1200 25.90 2 1
 20250520 1200 25.85 2 1
 20250521 1200 25.73 2 1
 20250522 1200 25.60 2 1
 20250523 1200 25.57 2 1
 20250524 1200 25.58 2 1
 20250525 1200 25.59 2 1
 20250526 1200 25.58 2 1
 20250527 1200 25.32 2 1
 20250528 1200 24.89 2 1
 20250529 1200 24.99 2 1
 20250530 1200 25.08 2 1
 20250531 1200 25.10 2 1
 20250601 1200 25.05 2 1
 20250602 1200 25.09 2 1
 20250603 1200 25.10 2 1
 20250604 1200 25.08 2 1
 20250605 1200 25.20 2 1
 20250606 1200 25.11 2 1
 20250607 1200 25.05 2 1
 20250608 1200 24.89 2 1
 20250609 1200 24.85 2 1
 20250610 1200 24.72 2 1
 20250611 1200 24.63 2 1
 20250612 1200 24.68 2 1
 20250613 1200 24.64 2 1
 20250614 1200 24.55 2 1
 20250615 1200 24.52 2 1
 20250616 1200 24.52 2 1
 20250617 1200 24.43 2 1
 20250618 1200 24.33 2 1
 20250619 1200 24.26 2 1
 20250620 1200 24.26 2 1
 20250621 1200 24.37 2 1
 20250622 1200 24.38 2 1
 20250623 1200 24.30 2 1
 20250624 1200 24.31 2 1
 20250625 1200 24.31 2 1
 20250626 1200 24.32 2 1
 20250627 1200 24.33 2 1
 20250628 1200 24.26 2 1
 20250629 1200 24.20 2 1
 20250630 1200 24.17 2 1
 20250701 1200 24.16 2 1
 20250702 1200 24.15 2 1
 20250703 1200 24.15 2 1
 20250704 1200 24.32 2 1
 20250705 1200 24.52 2 1
 20250706 1200 24.63 2 1
 20250707 1200 24.79 2 1
 20250708 1200 24.85 2 1
 20250709 1200 24.61 2 1
 20250710 1200 24.60 2 1
 20250711 1200 24.76 2 1
 20250712 1200 24.60 2 1
