 Location:  2N  95W   1 Jan 2000 to 29 Jan 2026 ( 9526 times, 21 blocks) Gen. Date Sep  3 2026
 Units: Sea Surface Temperature (C), -9.99 = missing
 Time: 1200  1 Jan 2000 to 1200 20 Dec 2000 (index     1 to   355,  355 times)
 Depth (M):        1 QUALITY SOURCE
 YYYYMMDD HHMM   SST Q S
 20000101 1200 24.32 1 5
 20000102 1200 23.14 1 5
 20000103 1200 23.61 1 5
 20000104 1200 24.78 1 5
 20000105 1200 25.13 1 5
 20000106 1200 25.24 1 5
 20000107 1200 25.22 1 5
 20000108 1200 25.34 1 5
 20000109 1200 25.37 1 5
 20000110 1200 25.37 1 5
 20000111 1200 25.40 1 5
 20000112 1200 25.38 1 5
 20000113 1200 25.34 1 5
 20000114 1200 25.49 1 5
 20000115 1200 25.49 1 5
 20000116 1200 25.51 1 5
 20000117 1200 25.57 1 5
 20000118 1200 25.69 1 5
 20000119 1200 25.74 1 5
 20000120 1200 25.66 1 5
 20000121 1200 25.27 1 5
 20000122 1200 25.29 1 5
 20000123 1200 25.40 1 5
 20000124 1200 25.09 1 5
 20000125 1200 24.98 1 5
 20000126 1200 25.08 1 5
 20000127 1200 25.47 1 5
 20000128 1200 25.71 1 5
 20000129 1200 25.77 1 5
 20000130 1200 26.01 1 5
 20000131 1200 26.23 1 5
 20000201 1200 26.22 1 5
 20000202 1200 26.34 1 5
 20000203 1200 26.46 1 5
 20000204 1200 26.42 1 5
 20000205 1200 26.44 1 5
 20000206 1200 26.64 1 5
 20000207 1200 26.71 1 5
 20000208 1200 26.71 1 5
 20000209 1200 26.46 1 5
 20000210 1200 26.55 1 5
 20000211 1200 26.85 1 5
 20000212 1200 27.24 1 5
 20000213 1200 27.24 1 5
 20000214 1200 26.38 1 5
 20000215 1200 26.00 1 5
 20000216 1200 25.75 1 5
 20000217 1200 26.27 1 5
 20000218 1200 26.39 1 5
 20000219 1200 27.25 1 5
 20000220 1200 26.97 1 5
 20000221 1200 26.72 1 5
 20000222 1200 26.52 1 5
 20000223 1200 26.70 1 5
 20000224 1200 26.88 1 5
 20000225 1200 26.20 1 5
 20000226 1200 26.04 1 5
 20000227 1200 26.72 1 5
 20000228 1200 26.48 1 5
 20000229 1200 26.39 1 5
 20000301 1200 26.51 1 5
 20000302 1200 26.65 1 5
 20000303 1200 26.97 1 5
 20000304 1200 27.41 1 5
 20000305 1200 26.66 1 5
 20000306 1200 26.60 1 5
 20000307 1200 27.19 1 5
 20000308 1200 27.77 1 5
 20000309 1200 27.87 1 5
 20000310 1200 28.30 1 5
 20000311 1200 28.52 1 5
 20000312 1200 28.65 1 5
 20000313 1200 28.09 1 5
 20000314 1200 27.59 1 5
 20000315 1200 27.21 1 5
 20000316 1200 27.42 1 5
 20000317 1200 27.48 1 5
 20000318 1200 27.68 1 5
 20000319 1200 27.67 1 5
 20000320 1200 27.28 1 5
 20000321 1200 27.34 1 5
 20000322 1200 27.38 1 5
 20000323 1200 27.58 1 5
 20000324 1200 27.65 1 5
 20000325 1200 27.57 1 5
 20000326 1200 27.02 1 5
 20000327 1200 27.02 1 5
 20000328 1200 27.29 1 5
 20000329 1200 26.30 1 5
 20000330 1200 26.55 1 5
 20000331 1200 27.40 1 5
 20000401 1200 27.46 1 5
 20000402 1200 27.65 1 5
 20000403 1200 27.79 1 5
 20000404 1200 28.25 1 5
 20000405 1200 28.77 1 5
 20000406 1200 28.28 1 5
 20000407 1200 28.10 1 5
 20000408 1200 27.92 1 5
 20000409 1200 28.00 1 5
 20000410 1200 28.14 1 5
 20000411 1200 28.24 1 5
 20000412 1200 28.27 1 5
 20000413 1200 28.19 1 5
 20000414 1200 28.42 1 5
 20000415 1200 28.58 1 5
 20000416 1200 28.49 1 5
 20000417 1200 28.73 1 5
 20000418 1200 28.66 1 5
 20000419 1200 29.23 1 5
 20000420 1200 29.32 1 5
 20000421 1200 29.57 1 5
 20000422 1200 29.66 1 5
 20000423 1200 29.45 1 5
 20000424 1200 29.15 1 5
 20000425 1200 28.66 1 5
 20000426 1200 28.63 1 5
 20000427 1200 29.00 1 5
 20000428 1200 28.83 1 5
 20000429 1200 28.99 1 5
 20000430 1200 29.27 1 5
 20000501 1200 29.33 1 5
 20000502 1200 28.95 1 5
 20000503 1200 29.04 1 5
 20000504 1200 29.24 1 5
 20000505 1200 28.87 1 5
 20000506 1200 29.00 1 5
 20000507 1200 29.03 1 5
 20000508 1200 29.16 1 5
 20000509 1200 29.06 1 5
 20000510 1200 29.00 1 5
 20000511 1200 28.93 1 5
 20000512 1200 28.89 1 5
 20000513 1200 28.90 1 5
 20000514 1200 28.74 1 5
 20000515 1200 28.29 1 5
 20000516 1200 27.72 1 5
 20000517 1200 27.10 1 5
 20000518 1200 26.81 1 5
 20000519 1200 27.20 1 5
 20000520 1200 27.68 1 5
 20000521 1200 27.74 1 5
 20000522 1200 27.43 1 5
 20000523 1200 26.34 1 5
 20000524 1200 25.31 1 5
 20000525 1200 25.05 1 5
 20000526 1200 24.95 1 5
 20000527 1200 24.92 1 5
 20000528 1200 25.01 1 5
 20000529 1200 25.02 1 5
 20000530 1200 24.78 1 5
 20000531 1200 24.72 1 5
 20000601 1200 24.73 1 5
 20000602 1200 24.75 1 5
 20000603 1200 25.22 1 5
 20000604 1200 25.69 1 5
 20000605 1200 26.38 1 5
 20000606 1200 27.07 1 5
 20000607 1200 26.96 1 5
 20000608 1200 26.87 1 5
 20000609 1200 26.68 1 5
 20000610 1200 27.07 1 5
 20000611 1200 27.16 1 5
 20000612 1200 26.97 1 5
 20000613 1200 26.93 1 5
 20000614 1200 27.09 1 5
 20000615 1200 27.10 1 5
 20000616 1200 26.95 1 5
 20000617 1200 26.99 1 5
 20000618 1200 26.98 1 5
 20000619 1200 26.95 1 5
 20000620 1200 27.07 1 5
 20000621 1200 27.24 1 5
 20000622 1200 27.32 1 5
 20000623 1200 27.36 1 5
 20000624 1200 27.25 1 5
 20000625 1200 27.12 1 5
 20000626 1200 26.99 1 5
 20000627 1200 26.66 1 5
 20000628 1200 26.14 1 5
 20000629 1200 24.46 1 5
 20000630 1200 23.48 1 5
 20000701 1200 24.55 1 5
 20000702 1200 25.64 1 5
 20000703 1200 26.01 1 5
 20000704 1200 26.09 1 5
 20000705 1200 26.26 1 5
 20000706 1200 26.45 1 5
 20000707 1200 26.69 1 5
 20000708 1200 26.74 1 5
 20000709 1200 26.18 1 5
 20000710 1200 26.35 1 5
 20000711 1200 26.47 1 5
 20000712 1200 25.75 1 5
 20000713 1200 24.90 1 5
 20000714 1200 25.40 1 5
 20000715 1200 26.02 1 5
 20000716 1200 25.94 1 5
 20000717 1200 24.96 1 5
 20000718 1200 24.75 1 5
 20000719 1200 24.61 1 5
 20000720 1200 24.57 1 5
 20000721 1200 24.59 1 5
 20000722 1200 24.64 1 5
 20000723 1200 24.73 1 5
 20000724 1200 25.29 1 5
 20000725 1200 25.92 1 5
 20000726 1200 26.07 1 5
 20000727 1200 25.96 1 5
 20000728 1200 25.57 1 5
 20000729 1200 25.53 1 5
 20000730 1200 25.52 1 5
 20000731 1200 25.51 1 5
 20000801 1200 25.54 1 5
 20000802 1200 25.53 1 5
 20000803 1200 25.36 1 5
 20000804 1200 25.46 1 5
 20000805 1200 25.15 1 5
 20000806 1200 25.12 1 5
 20000807 1200 25.40 1 5
 20000808 1200 25.38 1 5
 20000809 1200 25.21 1 5
 20000810 1200 25.54 1 5
 20000811 1200 25.72 1 5
 20000812 1200 25.63 1 5
 20000813 1200 25.82 1 5
 20000814 1200 25.83 1 5
 20000815 1200 25.86 1 5
 20000816 1200 25.92 1 5
 20000817 1200 25.86 1 5
 20000818 1200 25.78 1 5
 20000819 1200 25.91 1 5
 20000820 1200 25.96 1 5
 20000821 1200 26.03 1 5
 20000822 1200 25.97 1 5
 20000823 1200 25.94 1 5
 20000824 1200 25.79 1 5
 20000825 1200 24.29 1 5
 20000826 1200 23.77 1 5
 20000827 1200 23.84 1 5
 20000828 1200 23.77 1 5
 20000829 1200 23.76 1 5
 20000830 1200 24.12 1 5
 20000831 1200 24.88 1 5
 20000901 1200 25.60 1 5
 20000902 1200 25.87 1 5
 20000903 1200 25.92 1 5
 20000904 1200 25.92 1 5
 20000905 1200 25.86 1 5
 20000906 1200 25.57 1 5
 20000907 1200 24.94 1 5
 20000908 1200 24.81 1 5
 20000909 1200 24.67 1 5
 20000910 1200 24.77 1 5
 20000911 1200 25.12 1 5
 20000912 1200 25.48 1 5
 20000913 1200 25.70 1 5
 20000914 1200 25.98 1 5
 20000915 1200 26.04 1 5
 20000916 1200 26.05 1 5
 20000917 1200 26.02 1 5
 20000918 1200 26.02 1 5
 20000919 1200 26.10 1 5
 20000920 1200 25.76 1 5
 20000921 1200 25.64 1 5
 20000922 1200 25.47 1 5
 20000923 1200 25.43 1 5
 20000924 1200 25.50 1 5
 20000925 1200 25.47 1 5
 20000926 1200 25.57 1 5
 20000927 1200 25.69 1 5
 20000928 1200 25.83 1 5
 20000929 1200 26.01 1 5
 20000930 1200 26.18 1 5
 20001001 1200 26.06 1 5
 20001002 1200 25.95 1 5
 20001003 1200 25.96 1 5
 20001004 1200 25.70 1 5
 20001005 1200 25.57 1 5
 20001006 1200 25.56 1 5
 20001007 1200 25.60 1 5
 20001008 1200 25.69 1 5
 20001009 1200 26.00 1 5
 20001010 1200 25.94 1 5
 20001011 1200 25.70 1 5
 20001012 1200 25.69 1 5
 20001013 1200 25.95 1 5
 20001014 1200 26.02 1 5
 20001015 1200 26.15 1 5
 20001016 1200 26.09 1 5
 20001017 1200 26.16 1 5
 20001018 1200 26.25 1 5
 20001019 1200 26.29 1 5
 20001020 1200 26.28 1 5
 20001021 1200 26.19 1 5
 20001022 1200 25.95 1 5
 20001023 1200 25.78 1 5
 20001024 1200 25.64 1 5
 20001025 1200 25.75 1 5
 20001026 1200 25.76 1 5
 20001027 1200 25.80 1 5
 20001028 1200 25.56 1 5
 20001029 1200 25.29 1 5
 20001030 1200 25.37 1 5
 20001031 1200 25.19 1 5
 20001101 1200 24.56 1 5
 20001102 1200 24.16 1 5
 20001103 1200 24.67 1 5
 20001104 1200 25.37 1 5
 20001105 1200 25.81 1 5
 20001106 1200 25.98 1 5
 20001107 1200 25.99 1 5
 20001108 1200 -9.99 0 0
 20001109 1200 26.00 2 1
 20001110 1200 26.04 2 1
 20001111 1200 25.86 2 1
 20001112 1200 25.27 2 1
 20001113 1200 25.01 2 1
 20001114 1200 25.01 2 1
 20001115 1200 24.92 2 1
 20001116 1200 25.08 2 1
 20001117 1200 25.32 2 1
 20001118 1200 25.33 2 1
 20001119 1200 24.89 2 1
 20001120 1200 -9.99 0 0
 20001121 1200 23.63 2 1
 20001122 1200 24.18 2 1
 20001123 1200 24.63 2 1
 20001124 1200 24.91 2 1
 20001125 1200 25.40 2 1
 20001126 1200 25.48 2 1
 20001127 1200 25.32 2 1
 20001128 1200 25.05 2 1
 20001129 1200 24.95 2 1
 20001130 1200 -9.99 0 0
 20001201 1200 25.06 2 1
 20001202 1200 25.36 2 1
 20001203 1200 25.78 2 1
 20001204 1200 26.06 2 1
 20001205 1200 26.10 2 1
 20001206 1200 26.23 2 1
 20001207 1200 26.17 2 1
 20001208 1200 25.95 2 1
 20001209 1200 25.67 2 1
 20001210 1200 25.26 2 1
 20001211 1200 25.09 2 1
 20001212 1200 25.21 2 1
 20001213 1200 25.36 2 1
 20001214 1200 25.59 2 1
 20001215 1200 25.81 2 1
 20001216 1200 25.86 2 1
 20001217 1200 25.87 2 1
 20001218 1200 25.92 2 1
 20001219 1200 25.93 2 1
 20001220 1200 26.00 2 1
 Time: 1200 24 Apr 2001 to 1200 11 Jun 2001 (index   480 to   528,   49 times)
 Depth (M):        1 QUALITY SOURCE
 YYYYMMDD HHMM   SST Q S
 20010424 1200 27.13 2 1
 20010425 1200 27.21 2 1
 20010426 1200 27.11 2 1
 20010427 1200 27.02 2 1
 20010428 1200 26.49 2 1
 20010429 1200 26.43 2 1
 20010430 1200 26.35 2 1
 20010501 1200 26.12 2 1
 20010502 1200 26.02 2 1
 20010503 1200 26.26 2 1
 20010504 1200 26.47 2 1
 20010505 1200 26.88 2 1
 20010506 1200 26.92 2 1
 20010507 1200 26.96 2 1
 20010508 1200 26.76 2 1
 20010509 1200 26.49 2 1
 20010510 1200 26.24 2 1
 20010511 1200 26.25 2 1
 20010512 1200 26.23 2 1
 20010513 1200 26.15 2 1
 20010514 1200 26.00 2 1
 20010515 1200 25.93 2 1
 20010516 1200 25.80 2 1
 20010517 1200 25.87 2 1
 20010518 1200 26.12 2 1
 20010519 1200 26.21 2 1
 20010520 1200 26.29 2 1
 20010521 1200 26.31 2 1
 20010522 1200 26.28 2 1
 20010523 1200 26.25 2 1
 20010524 1200 26.24 2 1
 20010525 1200 26.25 2 1
 20010526 1200 26.27 2 1
 20010527 1200 26.27 2 1
 20010528 1200 26.17 2 1
 20010529 1200 25.76 2 1
 20010530 1200 25.52 2 1
 20010531 1200 25.85 2 1
 20010601 1200 26.05 2 1
 20010602 1200 26.31 2 1
 20010603 1200 26.85 2 1
 20010604 1200 27.00 2 1
 20010605 1200 26.81 2 1
 20010606 1200 27.09 2 1
 20010607 1200 27.41 2 1
 20010608 1200 27.37 2 1
 20010609 1200 27.21 2 1
 20010610 1200 27.06 2 1
 20010611 1200 27.02 2 1
 Time: 1200  4 Oct 2001 to 1200  2 May 2002 (index   643 to   853,  211 times)
 Depth (M):        1 QUALITY SOURCE
 YYYYMMDD HHMM   SST Q S
 20011004 1200 25.62 1 5
 20011005 1200 25.48 1 5
 20011006 1200 25.35 1 5
 20011007 1200 25.27 1 5
 20011008 1200 25.46 1 5
 20011009 1200 25.60 1 5
 20011010 1200 25.61 1 5
 20011011 1200 25.68 1 5
 20011012 1200 25.93 1 5
 20011013 1200 26.16 1 5
 20011014 1200 26.29 1 5
 20011015 1200 26.26 1 5
 20011016 1200 26.07 1 5
 20011017 1200 25.57 1 5
 20011018 1200 24.71 1 5
 20011019 1200 23.92 1 5
 20011020 1200 23.64 1 5
 20011021 1200 23.97 1 5
 20011022 1200 24.34 1 5
 20011023 1200 24.66 1 5
 20011024 1200 25.37 1 5
 20011025 1200 25.99 1 5
 20011026 1200 26.19 1 5
 20011027 1200 26.23 1 1
 20011028 1200 26.21 1 5
 20011029 1200 26.22 1 5
 20011030 1200 26.11 1 5
 20011031 1200 26.12 1 5
 20011101 1200 26.24 1 5
 20011102 1200 26.22 1 5
 20011103 1200 26.24 1 5
 20011104 1200 26.22 1 5
 20011105 1200 26.09 1 5
 20011106 1200 25.73 1 5
 20011107 1200 25.08 1 5
 20011108 1200 23.72 1 5
 20011109 1200 23.94 1 5
 20011110 1200 24.37 1 5
 20011111 1200 24.44 1 5
 20011112 1200 24.48 1 5
 20011113 1200 24.60 1 5
 20011114 1200 24.70 1 5
 20011115 1200 24.75 1 5
 20011116 1200 24.76 1 5
 20011117 1200 24.99 1 5
 20011118 1200 25.15 1 5
 20011119 1200 25.20 1 1
 20011120 1200 25.31 1 5
 20011121 1200 25.37 1 5
 20011122 1200 25.44 1 5
 20011123 1200 25.44 1 5
 20011124 1200 25.28 1 5
 20011125 1200 25.21 1 5
 20011126 1200 25.26 1 5
 20011127 1200 25.38 1 5
 20011128 1200 25.46 1 5
 20011129 1200 25.39 1 5
 20011130 1200 25.22 1 5
 20011201 1200 25.19 1 5
 20011202 1200 25.11 1 5
 20011203 1200 25.09 1 5
 20011204 1200 25.02 1 5
 20011205 1200 24.77 1 5
 20011206 1200 24.51 1 5
 20011207 1200 24.61 1 5
 20011208 1200 24.62 1 5
 20011209 1200 24.88 1 1
 20011210 1200 25.02 1 5
 20011211 1200 24.99 1 5
 20011212 1200 25.06 1 5
 20011213 1200 25.25 1 5
 20011214 1200 25.42 1 5
 20011215 1200 25.47 1 5
 20011216 1200 25.49 1 5
 20011217 1200 25.28 1 5
 20011218 1200 25.17 1 5
 20011219 1200 24.94 1 5
 20011220 1200 24.90 1 5
 20011221 1200 25.08 1 5
 20011222 1200 25.08 1 5
 20011223 1200 25.01 1 5
 20011224 1200 25.15 1 5
 20011225 1200 25.19 1 5
 20011226 1200 25.37 1 1
 20011227 1200 25.61 1 5
 20011228 1200 25.75 1 5
 20011229 1200 25.93 1 5
 20011230 1200 26.03 1 5
 20011231 1200 26.14 1 5
 20020101 1200 26.19 1 5
 20020102 1200 26.11 1 5
 20020103 1200 26.20 1 5
 20020104 1200 26.25 1 5
 20020105 1200 26.22 1 5
 20020106 1200 26.23 1 5
 20020107 1200 26.23 1 5
 20020108 1200 26.26 1 5
 20020109 1200 26.28 1 5
 20020110 1200 26.29 1 5
 20020111 1200 26.37 1 5
 20020112 1200 26.41 1 5
 20020113 1200 26.36 1 5
 20020114 1200 26.32 1 5
 20020115 1200 26.36 1 5
 20020116 1200 26.41 1 5
 20020117 1200 26.47 1 5
 20020118 1200 26.55 1 5
 20020119 1200 26.58 1 5
 20020120 1200 26.60 1 5
 20020121 1200 26.58 1 5
 20020122 1200 26.51 1 5
 20020123 1200 26.53 1 5
 20020124 1200 26.57 1 5
 20020125 1200 26.59 1 5
 20020126 1200 26.59 1 5
 20020127 1200 26.61 1 5
 20020128 1200 26.62 1 5
 20020129 1200 26.65 1 5
 20020130 1200 26.67 1 5
 20020131 1200 26.74 1 5
 20020201 1200 26.96 1 5
 20020202 1200 26.85 1 5
 20020203 1200 26.78 1 5
 20020204 1200 26.70 1 5
 20020205 1200 26.64 1 5
 20020206 1200 26.70 1 5
 20020207 1200 26.87 1 5
 20020208 1200 26.89 1 5
 20020209 1200 26.81 1 5
 20020210 1200 26.77 1 5
 20020211 1200 26.92 1 5
 20020212 1200 27.31 1 5
 20020213 1200 27.29 1 5
 20020214 1200 27.20 1 5
 20020215 1200 27.23 1 5
 20020216 1200 27.37 1 5
 20020217 1200 27.40 1 5
 20020218 1200 27.37 1 5
 20020219 1200 27.60 1 5
 20020220 1200 27.57 1 5
 20020221 1200 27.44 1 5
 20020222 1200 27.41 1 5
 20020223 1200 27.33 1 5
 20020224 1200 27.22 1 5
 20020225 1200 27.55 1 5
 20020226 1200 27.77 1 5
 20020227 1200 27.81 1 5
 20020228 1200 27.70 1 5
 20020301 1200 27.91 1 5
 20020302 1200 28.19 1 5
 20020303 1200 28.38 1 5
 20020304 1200 28.25 1 5
 20020305 1200 28.17 1 5
 20020306 1200 28.10 1 5
 20020307 1200 28.06 1 5
 20020308 1200 28.28 1 5
 20020309 1200 27.92 1 5
 20020310 1200 27.76 1 5
 20020311 1200 28.10 1 5
 20020312 1200 28.60 1 5
 20020313 1200 28.47 1 5
 20020314 1200 28.58 1 5
 20020315 1200 27.92 1 5
 20020316 1200 28.06 1 5
 20020317 1200 28.05 1 5
 20020318 1200 28.44 1 5
 20020319 1200 28.48 1 5
 20020320 1200 28.35 1 5
 20020321 1200 28.83 1 5
 20020322 1200 28.81 1 5
 20020323 1200 28.67 1 5
 20020324 1200 28.83 1 5
 20020325 1200 28.80 1 5
 20020326 1200 28.77 1 5
 20020327 1200 28.86 1 5
 20020328 1200 -9.99 0 0
 20020329 1200 28.89 2 1
 20020330 1200 28.73 2 1
 20020331 1200 28.57 2 1
 20020401 1200 28.71 2 1
 20020402 1200 28.91 2 1
 20020403 1200 29.03 2 1
 20020404 1200 28.79 2 1
 20020405 1200 28.17 2 1
 20020406 1200 28.01 2 1
 20020407 1200 28.22 2 1
 20020408 1200 28.25 2 1
 20020409 1200 28.46 2 1
 20020410 1200 28.70 2 1
 20020411 1200 28.93 2 1
 20020412 1200 29.05 2 1
 20020413 1200 29.04 2 1
 20020414 1200 29.01 2 1
 20020415 1200 28.93 2 1
 20020416 1200 29.02 2 1
 20020417 1200 28.97 2 1
 20020418 1200 28.40 2 1
 20020419 1200 27.84 2 1
 20020420 1200 27.64 2 1
 20020421 1200 27.97 2 1
 20020422 1200 28.29 2 1
 20020423 1200 28.29 2 1
 20020424 1200 28.27 2 1
 20020425 1200 28.28 2 1
 20020426 1200 28.34 2 1
 20020427 1200 28.84 2 1
 20020428 1200 28.93 2 1
 20020429 1200 28.99 2 1
 20020430 1200 28.77 2 1
 20020501 1200 28.74 2 1
 20020502 1200 28.80 2 1
 Time: 1200 17 Oct 2002 to 1200 27 Jul 2003 (index  1021 to  1304,  284 times)
 Depth (M):        1 QUALITY SOURCE
 YYYYMMDD HHMM   SST Q S
 20021017 1200 26.30 1 5
 20021018 1200 26.10 1 5
 20021019 1200 25.93 1 5
 20021020 1200 25.42 1 5
 20021021 1200 25.08 1 5
 20021022 1200 25.05 1 5
 20021023 1200 25.04 1 5
 20021024 1200 25.06 1 5
 20021025 1200 25.32 1 5
 20021026 1200 25.59 1 5
 20021027 1200 25.80 1 5
 20021028 1200 25.94 1 5
 20021029 1200 25.96 1 5
 20021030 1200 25.96 1 5
 20021031 1200 26.00 1 5
 20021101 1200 26.29 1 5
 20021102 1200 26.40 1 5
 20021103 1200 26.64 1 5
 20021104 1200 26.68 1 5
 20021105 1200 26.72 1 5
 20021106 1200 26.74 1 5
 20021107 1200 26.75 1 5
 20021108 1200 26.65 1 5
 20021109 1200 26.43 1 5
 20021110 1200 26.20 1 5
 20021111 1200 25.92 1 5
 20021112 1200 25.87 1 5
 20021113 1200 26.02 1 5
 20021114 1200 26.21 1 5
 20021115 1200 26.39 1 5
 20021116 1200 26.34 1 5
 20021117 1200 25.55 1 5
 20021118 1200 25.27 1 5
 20021119 1200 25.23 1 5
 20021120 1200 25.55 1 5
 20021121 1200 25.74 1 5
 20021122 1200 25.66 1 5
 20021123 1200 25.62 1 5
 20021124 1200 25.48 1 5
 20021125 1200 25.38 1 5
 20021126 1200 25.42 1 5
 20021127 1200 25.36 1 5
 20021128 1200 25.48 1 5
 20021129 1200 25.63 1 5
 20021130 1200 25.67 1 5
 20021201 1200 25.60 1 5
 20021202 1200 25.31 1 5
 20021203 1200 25.39 1 5
 20021204 1200 25.67 1 5
 20021205 1200 25.92 1 5
 20021206 1200 26.04 1 5
 20021207 1200 26.07 1 5
 20021208 1200 26.02 1 5
 20021209 1200 26.13 1 5
 20021210 1200 26.20 1 5
 20021211 1200 26.13 1 5
 20021212 1200 26.28 1 5
 20021213 1200 26.42 1 5
 20021214 1200 26.42 1 5
 20021215 1200 26.30 1 5
 20021216 1200 26.13 1 5
 20021217 1200 26.11 1 5
 20021218 1200 26.21 1 5
 20021219 1200 26.53 1 5
 20021220 1200 26.74 1 5
 20021221 1200 26.84 1 5
 20021222 1200 26.79 1 5
 20021223 1200 26.59 1 5
 20021224 1200 26.26 1 5
 20021225 1200 26.20 1 5
 20021226 1200 26.15 1 5
 20021227 1200 26.20 1 5
 20021228 1200 26.38 1 5
 20021229 1200 26.59 1 5
 20021230 1200 26.70 1 5
 20021231 1200 26.74 1 5
 20030101 1200 26.78 1 5
 20030102 1200 26.82 1 5
 20030103 1200 27.06 1 5
 20030104 1200 27.15 1 5
 20030105 1200 27.22 1 5
 20030106 1200 27.25 1 5
 20030107 1200 27.21 1 5
 20030108 1200 27.21 1 5
 20030109 1200 27.25 1 5
 20030110 1200 27.28 1 5
 20030111 1200 27.35 1 5
 20030112 1200 27.39 1 5
 20030113 1200 27.27 1 5
 20030114 1200 27.32 1 5
 20030115 1200 27.34 1 5
 20030116 1200 27.19 1 5
 20030117 1200 27.30 1 5
 20030118 1200 27.36 1 5
 20030119 1200 27.59 1 5
 20030120 1200 27.54 1 5
 20030121 1200 27.50 1 5
 20030122 1200 27.53 1 5
 20030123 1200 27.58 1 5
 20030124 1200 27.47 1 5
 20030125 1200 27.24 1 5
 20030126 1200 27.11 1 5
 20030127 1200 27.16 1 5
 20030128 1200 27.26 1 5
 20030129 1200 27.12 1 5
 20030130 1200 27.06 1 5
 20030131 1200 27.02 1 5
 20030201 1200 27.02 1 5
 20030202 1200 27.20 1 5
 20030203 1200 27.52 1 5
 20030204 1200 27.26 1 5
 20030205 1200 27.87 1 5
 20030206 1200 28.11 1 5
 20030207 1200 27.67 1 5
 20030208 1200 27.48 1 5
 20030209 1200 27.47 1 5
 20030210 1200 27.57 1 5
 20030211 1200 27.62 1 5
 20030212 1200 27.62 1 5
 20030213 1200 27.90 1 5
 20030214 1200 27.91 1 5
 20030215 1200 27.96 1 5
 20030216 1200 28.43 1 5
 20030217 1200 29.03 1 5
 20030218 1200 29.15 1 5
 20030219 1200 29.01 1 5
 20030220 1200 28.75 1 5
 20030221 1200 27.73 1 5
 20030222 1200 26.83 1 5
 20030223 1200 26.03 1 5
 20030224 1200 25.60 1 5
 20030225 1200 25.73 1 5
 20030226 1200 26.83 1 5
 20030227 1200 27.13 1 5
 20030228 1200 27.47 1 5
 20030301 1200 28.01 1 5
 20030302 1200 28.14 1 5
 20030303 1200 28.25 1 5
 20030304 1200 28.48 1 5
 20030305 1200 29.12 1 5
 20030306 1200 29.23 1 5
 20030307 1200 29.32 1 5
 20030308 1200 29.49 1 5
 20030309 1200 29.46 1 5
 20030310 1200 29.11 1 5
 20030311 1200 28.89 1 5
 20030312 1200 28.45 1 5
 20030313 1200 28.28 1 5
 20030314 1200 28.41 1 5
 20030315 1200 28.06 1 5
 20030316 1200 28.39 1 5
 20030317 1200 28.55 1 5
 20030318 1200 28.58 1 5
 20030319 1200 28.74 1 5
 20030320 1200 28.77 1 5
 20030321 1200 28.90 1 5
 20030322 1200 29.07 1 5
 20030323 1200 29.21 1 5
 20030324 1200 29.22 1 5
 20030325 1200 29.08 1 5
 20030326 1200 29.04 1 5
 20030327 1200 27.72 1 5
 20030328 1200 26.78 1 5
 20030329 1200 27.33 1 5
 20030330 1200 27.17 1 5
 20030331 1200 26.80 1 5
 20030401 1200 27.12 1 5
 20030402 1200 26.74 1 5
 20030403 1200 26.21 1 5
 20030404 1200 26.08 1 5
 20030405 1200 26.54 1 5
 20030406 1200 26.96 1 5
 20030407 1200 27.30 1 5
 20030408 1200 28.42 1 5
 20030409 1200 28.86 1 5
 20030410 1200 28.35 1 5
 20030411 1200 28.15 1 5
 20030412 1200 28.25 1 5
 20030413 1200 27.95 1 5
 20030414 1200 28.56 1 5
 20030415 1200 28.78 1 5
 20030416 1200 29.08 1 5
 20030417 1200 29.12 1 5
 20030418 1200 28.97 1 5
 20030419 1200 27.52 1 5
 20030420 1200 26.77 1 5
 20030421 1200 26.18 1 5
 20030422 1200 25.35 1 5
 20030423 1200 26.65 1 5
 20030424 1200 27.88 1 5
 20030425 1200 27.73 1 5
 20030426 1200 27.08 1 5
 20030427 1200 27.08 1 5
 20030428 1200 26.47 1 5
 20030429 1200 26.00 1 5
 20030430 1200 25.22 1 5
 20030501 1200 24.32 1 5
 20030502 1200 23.66 1 5
 20030503 1200 24.42 1 5
 20030504 1200 26.72 1 5
 20030505 1200 26.92 1 5
 20030506 1200 26.35 1 5
 20030507 1200 25.01 1 5
 20030508 1200 24.36 1 5
 20030509 1200 24.70 1 5
 20030510 1200 24.56 1 5
 20030511 1200 24.73 1 5
 20030512 1200 24.98 1 5
 20030513 1200 25.05 1 5
 20030514 1200 25.05 1 5
 20030515 1200 24.72 1 5
 20030516 1200 24.70 1 5
 20030517 1200 24.42 1 5
 20030518 1200 24.29 1 5
 20030519 1200 24.32 1 5
 20030520 1200 25.86 1 5
 20030521 1200 26.87 1 5
 20030522 1200 26.75 1 5
 20030523 1200 26.51 1 5
 20030524 1200 26.62 1 5
 20030525 1200 26.63 1 5
 20030526 1200 26.59 1 5
 20030527 1200 26.72 1 5
 20030528 1200 26.74 1 5
 20030529 1200 26.73 1 5
 20030530 1200 26.83 1 5
 20030531 1200 26.91 1 5
 20030601 1200 27.02 1 5
 20030602 1200 26.97 1 5
 20030603 1200 26.68 1 5
 20030604 1200 26.28 1 5
 20030605 1200 24.91 1 5
 20030606 1200 22.34 1 5
 20030607 1200 21.93 1 5
 20030608 1200 21.73 1 5
 20030609 1200 21.69 1 5
 20030610 1200 21.70 1 5
 20030611 1200 21.83 1 5
 20030612 1200 23.29 1 5
 20030613 1200 24.45 1 5
 20030614 1200 24.53 1 5
 20030615 1200 23.90 1 5
 20030616 1200 23.90 1 5
 20030617 1200 24.08 1 5
 20030618 1200 24.48 1 5
 20030619 1200 24.65 1 5
 20030620 1200 24.83 1 5
 20030621 1200 24.95 1 5
 20030622 1200 24.87 1 5
 20030623 1200 24.87 1 5
 20030624 1200 24.79 1 5
 20030625 1200 25.23 1 5
 20030626 1200 26.22 1 5
 20030627 1200 26.45 1 5
 20030628 1200 25.83 1 5
 20030629 1200 25.34 1 5
 20030630 1200 24.88 1 5
 20030701 1200 24.76 1 5
 20030702 1200 24.65 1 5
 20030703 1200 24.77 1 5
 20030704 1200 24.60 1 5
 20030705 1200 24.11 1 5
 20030706 1200 25.32 1 5
 20030707 1200 25.91 1 5
 20030708 1200 25.60 1 5
 20030709 1200 24.61 1 5
 20030710 1200 23.43 1 5
 20030711 1200 23.57 1 5
 20030712 1200 23.65 1 5
 20030713 1200 23.00 1 5
 20030714 1200 22.82 1 5
 20030715 1200 22.77 1 5
 20030716 1200 23.01 1 5
 20030717 1200 24.05 1 5
 20030718 1200 24.51 1 5
 20030719 1200 24.66 1 5
 20030720 1200 24.40 1 5
 20030721 1200 24.25 1 5
 20030722 1200 24.53 1 5
 20030723 1200 24.43 1 5
 20030724 1200 24.40 1 5
 20030725 1200 24.52 1 5
 20030726 1200 24.70 1 5
 20030727 1200 25.19 1 5
 Time: 1200  2 Nov 2003 to 1200 28 Sep 2005 (index  1402 to  2098,  697 times)
 Depth (M):        1 QUALITY SOURCE
 YYYYMMDD HHMM   SST Q S
 20031102 1200 25.97 1 5
 20031103 1200 26.02 1 5
 20031104 1200 25.98 1 5
 20031105 1200 25.93 1 5
 20031106 1200 25.84 1 5
 20031107 1200 25.53 1 5
 20031108 1200 25.09 1 5
 20031109 1200 24.89 1 5
 20031110 1200 25.05 1 5
 20031111 1200 25.26 1 5
 20031112 1200 25.38 1 5
 20031113 1200 25.45 1 5
 20031114 1200 25.61 1 5
 20031115 1200 25.84 1 5
 20031116 1200 26.07 1 5
 20031117 1200 26.12 1 5
 20031118 1200 26.05 1 5
 20031119 1200 25.92 1 5
 20031120 1200 25.75 1 5
 20031121 1200 25.78 1 5
 20031122 1200 25.88 1 5
 20031123 1200 25.92 1 5
 20031124 1200 25.71 1 5
 20031125 1200 25.44 1 5
 20031126 1200 25.05 1 5
 20031127 1200 24.87 1 5
 20031128 1200 24.80 1 5
 20031129 1200 24.77 1 5
 20031130 1200 25.02 1 5
 20031201 1200 25.20 1 5
 20031202 1200 25.46 1 5
 20031203 1200 25.47 1 5
 20031204 1200 25.45 1 5
 20031205 1200 25.44 1 5
 20031206 1200 25.38 1 5
 20031207 1200 25.37 1 5
 20031208 1200 25.42 1 5
 20031209 1200 25.58 1 5
 20031210 1200 25.63 1 5
 20031211 1200 25.70 1 5
 20031212 1200 25.71 1 5
 20031213 1200 25.66 1 5
 20031214 1200 25.63 1 5
 20031215 1200 25.64 1 5
 20031216 1200 25.65 1 5
 20031217 1200 25.68 1 5
 20031218 1200 25.70 1 5
 20031219 1200 25.72 1 5
 20031220 1200 25.80 1 5
 20031221 1200 25.91 1 5
 20031222 1200 25.97 1 5
 20031223 1200 25.81 1 5
 20031224 1200 25.32 1 5
 20031225 1200 25.44 1 5
 20031226 1200 25.73 1 5
 20031227 1200 25.96 1 5
 20031228 1200 26.23 1 5
 20031229 1200 26.38 1 5
 20031230 1200 26.43 1 5
 20031231 1200 26.46 1 5
 20040101 1200 26.46 1 5
 20040102 1200 26.40 1 5
 20040103 1200 26.51 1 5
 20040104 1200 26.61 1 5
 20040105 1200 26.60 1 5
 20040106 1200 26.51 1 5
 20040107 1200 26.45 1 5
 20040108 1200 26.52 1 5
 20040109 1200 26.65 1 5
 20040110 1200 26.73 1 5
 20040111 1200 26.82 1 5
 20040112 1200 26.82 1 5
 20040113 1200 26.79 1 5
 20040114 1200 26.84 1 5
 20040115 1200 26.92 1 5
 20040116 1200 26.98 1 5
 20040117 1200 26.40 1 5
 20040118 1200 25.58 1 5
 20040119 1200 25.21 1 5
 20040120 1200 24.97 1 5
 20040121 1200 25.62 1 5
 20040122 1200 26.30 1 5
 20040123 1200 26.52 1 5
 20040124 1200 26.57 1 5
 20040125 1200 26.24 1 5
 20040126 1200 26.37 1 5
 20040127 1200 26.58 1 5
 20040128 1200 26.90 1 5
 20040129 1200 27.04 1 5
 20040130 1200 27.01 1 5
 20040131 1200 27.09 1 5
 20040201 1200 27.06 1 5
 20040202 1200 26.99 1 5
 20040203 1200 27.34 1 5
 20040204 1200 27.80 1 5
 20040205 1200 27.79 1 5
 20040206 1200 27.78 1 5
 20040207 1200 27.52 1 5
 20040208 1200 27.92 1 5
 20040209 1200 28.27 1 5
 20040210 1200 28.40 1 5
 20040211 1200 28.70 1 5
 20040212 1200 28.66 1 5
 20040213 1200 28.41 1 5
 20040214 1200 28.26 1 5
 20040215 1200 28.15 1 5
 20040216 1200 28.09 1 5
 20040217 1200 28.26 1 5
 20040218 1200 28.57 1 5
 20040219 1200 28.63 1 5
 20040220 1200 28.68 1 5
 20040221 1200 28.76 1 5
 20040222 1200 28.61 1 5
 20040223 1200 28.59 1 5
 20040224 1200 28.46 1 5
 20040225 1200 27.91 1 5
 20040226 1200 27.33 1 5
 20040227 1200 26.85 1 5
 20040228 1200 26.74 1 5
 20040229 1200 26.74 1 5
 20040301 1200 27.02 1 5
 20040302 1200 26.81 1 5
 20040303 1200 26.73 1 5
 20040304 1200 26.91 1 5
 20040305 1200 26.89 1 5
 20040306 1200 26.82 1 5
 20040307 1200 26.83 1 5
 20040308 1200 27.36 1 5
 20040309 1200 27.40 1 5
 20040310 1200 27.99 1 5
 20040311 1200 27.64 1 5
 20040312 1200 26.42 1 5
 20040313 1200 26.67 1 5
 20040314 1200 27.23 1 5
 20040315 1200 27.49 1 5
 20040316 1200 27.82 1 5
 20040317 1200 28.01 1 5
 20040318 1200 28.44 1 5
 20040319 1200 27.83 1 5
 20040320 1200 27.98 1 5
 20040321 1200 28.04 1 5
 20040322 1200 27.52 1 5
 20040323 1200 26.99 1 5
 20040324 1200 26.64 1 5
 20040325 1200 26.39 1 5
 20040326 1200 26.48 1 5
 20040327 1200 27.04 1 5
 20040328 1200 27.05 1 5
 20040329 1200 27.22 1 5
 20040330 1200 27.51 1 5
 20040331 1200 27.58 1 5
 20040401 1200 27.64 1 5
 20040402 1200 27.52 1 5
 20040403 1200 27.56 1 5
 20040404 1200 27.82 1 5
 20040405 1200 27.59 1 5
 20040406 1200 27.68 1 5
 20040407 1200 27.44 1 5
 20040408 1200 27.44 1 5
 20040409 1200 27.40 1 5
 20040410 1200 27.58 1 5
 20040411 1200 27.74 1 5
 20040412 1200 27.55 1 5
 20040413 1200 28.66 1 5
 20040414 1200 28.85 1 5
 20040415 1200 28.80 1 5
 20040416 1200 29.00 1 5
 20040417 1200 28.76 1 5
 20040418 1200 28.43 1 5
 20040419 1200 27.95 1 5
 20040420 1200 27.80 1 5
 20040421 1200 27.89 1 5
 20040422 1200 26.95 1 5
 20040423 1200 26.56 1 5
 20040424 1200 26.11 1 5
 20040425 1200 27.45 1 5
 20040426 1200 28.27 1 5
 20040427 1200 27.57 1 5
 20040428 1200 26.24 1 5
 20040429 1200 26.35 1 5
 20040430 1200 26.26 1 5
 20040501 1200 25.96 1 5
 20040502 1200 25.49 1 5
 20040503 1200 25.64 1 5
 20040504 1200 27.42 1 5
 20040505 1200 27.91 1 5
 20040506 1200 27.98 1 5
 20040507 1200 27.97 1 5
 20040508 1200 27.63 1 5
 20040509 1200 26.99 1 5
 20040510 1200 27.12 1 5
 20040511 1200 26.77 1 5
 20040512 1200 26.27 1 5
 20040513 1200 27.03 1 5
 20040514 1200 27.55 1 5
 20040515 1200 27.47 1 5
 20040516 1200 27.14 1 5
 20040517 1200 27.08 1 5
 20040518 1200 27.38 1 5
 20040519 1200 27.38 1 5
 20040520 1200 27.22 1 5
 20040521 1200 27.10 1 5
 20040522 1200 27.09 1 5
 20040523 1200 27.05 1 5
 20040524 1200 27.01 1 5
 20040525 1200 27.05 1 5
 20040526 1200 27.02 1 5
 20040527 1200 26.87 1 5
 20040528 1200 26.56 1 5
 20040529 1200 26.05 1 5
 20040530 1200 25.97 1 5
 20040531 1200 25.88 1 5
 20040601 1200 25.08 1 5
 20040602 1200 23.85 1 5
 20040603 1200 23.81 1 5
 20040604 1200 25.00 1 5
 20040605 1200 25.79 1 5
 20040606 1200 24.48 1 5
 20040607 1200 23.59 1 5
 20040608 1200 23.56 1 5
 20040609 1200 23.59 1 5
 20040610 1200 23.70 1 5
 20040611 1200 24.00 1 5
 20040612 1200 24.59 1 5
 20040613 1200 25.09 1 5
 20040614 1200 25.36 1 5
 20040615 1200 25.99 1 5
 20040616 1200 26.39 1 5
 20040617 1200 26.47 1 5
 20040618 1200 26.49 1 5
 20040619 1200 26.43 1 5
 20040620 1200 26.28 1 5
 20040621 1200 26.20 1 5
 20040622 1200 26.02 1 5
 20040623 1200 25.92 1 5
 20040624 1200 25.96 1 5
 20040625 1200 25.88 1 5
 20040626 1200 25.79 1 5
 20040627 1200 25.69 1 5
 20040628 1200 25.66 1 5
 20040629 1200 25.60 1 5
 20040630 1200 25.53 1 5
 20040701 1200 25.44 1 5
 20040702 1200 25.20 1 5
 20040703 1200 24.53 1 5
 20040704 1200 23.07 1 5
 20040705 1200 23.20 1 5
 20040706 1200 23.67 1 5
 20040707 1200 24.11 1 5
 20040708 1200 24.36 1 5
 20040709 1200 24.40 1 5
 20040710 1200 25.27 1 5
 20040711 1200 24.95 1 5
 20040712 1200 25.03 1 5
 20040713 1200 25.20 1 5
 20040714 1200 25.42 1 5
 20040715 1200 25.52 1 5
 20040716 1200 25.69 1 5
 20040717 1200 25.78 1 5
 20040718 1200 25.86 1 5
 20040719 1200 25.97 1 5
 20040720 1200 26.05 1 5
 20040721 1200 25.81 1 5
 20040722 1200 24.24 1 5
 20040723 1200 22.66 1 5
 20040724 1200 22.87 1 5
 20040725 1200 23.09 1 5
 20040726 1200 24.79 1 5
 20040727 1200 25.39 1 5
 20040728 1200 25.59 1 5
 20040729 1200 25.84 1 5
 20040730 1200 26.05 1 5
 20040731 1200 26.00 1 5
 20040801 1200 25.85 1 5
 20040802 1200 25.77 1 5
 20040803 1200 25.83 1 5
 20040804 1200 25.81 1 5
 20040805 1200 25.79 1 5
 20040806 1200 25.76 1 5
 20040807 1200 25.65 1 5
 20040808 1200 25.65 1 5
 20040809 1200 25.68 1 5
 20040810 1200 25.65 1 5
 20040811 1200 25.58 1 5
 20040812 1200 25.45 1 5
 20040813 1200 25.54 1 5
 20040814 1200 24.91 1 5
 20040815 1200 23.16 1 5
 20040816 1200 22.65 1 5
 20040817 1200 23.17 1 5
 20040818 1200 22.46 1 5
 20040819 1200 21.59 1 5
 20040820 1200 21.62 1 5
 20040821 1200 23.95 1 5
 20040822 1200 24.10 1 5
 20040823 1200 24.24 1 5
 20040824 1200 25.11 1 5
 20040825 1200 25.62 1 5
 20040826 1200 25.71 1 5
 20040827 1200 25.70 1 5
 20040828 1200 25.77 1 5
 20040829 1200 25.99 1 5
 20040830 1200 26.16 1 5
 20040831 1200 26.31 1 5
 20040901 1200 26.41 1 5
 20040902 1200 26.48 1 5
 20040903 1200 26.35 1 5
 20040904 1200 25.95 1 5
 20040905 1200 25.66 1 5
 20040906 1200 25.73 1 5
 20040907 1200 25.98 1 5
 20040908 1200 25.92 1 5
 20040909 1200 25.77 1 5
 20040910 1200 25.50 1 5
 20040911 1200 25.03 1 5
 20040912 1200 24.44 1 5
 20040913 1200 24.01 1 5
 20040914 1200 24.09 1 5
 20040915 1200 24.13 1 5
 20040916 1200 24.57 1 5
 20040917 1200 25.20 1 5
 20040918 1200 25.45 1 5
 20040919 1200 25.61 1 5
 20040920 1200 25.86 1 5
 20040921 1200 25.69 1 5
 20040922 1200 25.16 1 5
 20040923 1200 24.75 1 5
 20040924 1200 24.82 1 5
 20040925 1200 24.66 1 5
 20040926 1200 24.58 1 5
 20040927 1200 24.57 1 5
 20040928 1200 24.60 1 5
 20040929 1200 24.68 1 5
 20040930 1200 25.15 1 5
 20041001 1200 25.43 1 5
 20041002 1200 25.58 1 5
 20041003 1200 25.74 1 5
 20041004 1200 25.76 1 5
 20041005 1200 25.96 1 5
 20041006 1200 25.96 1 5
 20041007 1200 25.81 1 5
 20041008 1200 25.42 1 5
 20041009 1200 25.27 1 5
 20041010 1200 25.27 1 5
 20041011 1200 25.42 1 5
 20041012 1200 25.57 1 5
 20041013 1200 25.64 1 5
 20041014 1200 25.81 1 5
 20041015 1200 25.92 1 5
 20041016 1200 25.83 1 5
 20041017 1200 25.86 1 5
 20041018 1200 25.95 1 5
 20041019 1200 25.93 1 5
 20041020 1200 25.81 1 5
 20041021 1200 25.79 1 5
 20041022 1200 25.88 1 5
 20041023 1200 25.96 1 5
 20041024 1200 25.98 1 5
 20041025 1200 26.15 1 5
 20041026 1200 26.23 1 5
 20041027 1200 26.23 1 5
 20041028 1200 26.14 1 5
 20041029 1200 26.00 1 5
 20041030 1200 26.02 1 5
 20041031 1200 26.01 1 5
 20041101 1200 25.65 1 5
 20041102 1200 25.09 1 5
 20041103 1200 24.91 1 5
 20041104 1200 25.14 1 5
 20041105 1200 25.27 1 5
 20041106 1200 25.65 1 5
 20041107 1200 25.84 1 5
 20041108 1200 26.01 1 5
 20041109 1200 26.16 1 5
 20041110 1200 26.29 1 5
 20041111 1200 26.31 1 5
 20041112 1200 26.33 1 5
 20041113 1200 26.28 1 5
 20041114 1200 26.15 1 5
 20041115 1200 25.93 1 5
 20041116 1200 25.86 1 5
 20041117 1200 25.83 1 5
 20041118 1200 25.71 1 5
 20041119 1200 25.18 1 5
 20041120 1200 24.75 1 5
 20041121 1200 24.77 1 5
 20041122 1200 24.78 1 5
 20041123 1200 24.83 1 5
 20041124 1200 24.91 1 5
 20041125 1200 25.05 1 5
 20041126 1200 25.40 1 5
 20041127 1200 25.75 1 5
 20041128 1200 25.97 1 5
 20041129 1200 26.05 1 5
 20041130 1200 25.66 1 5
 20041201 1200 25.27 1 5
 20041202 1200 25.20 1 5
 20041203 1200 25.38 1 5
 20041204 1200 25.50 1 5
 20041205 1200 25.55 1 5
 20041206 1200 25.65 1 5
 20041207 1200 25.80 1 5
 20041208 1200 25.83 1 5
 20041209 1200 25.82 1 5
 20041210 1200 25.76 1 5
 20041211 1200 25.74 1 5
 20041212 1200 25.81 1 5
 20041213 1200 25.93 1 5
 20041214 1200 26.12 1 5
 20041215 1200 26.18 1 5
 20041216 1200 26.11 1 5
 20041217 1200 26.10 1 5
 20041218 1200 25.97 1 5
 20041219 1200 25.60 1 5
 20041220 1200 25.81 1 5
 20041221 1200 25.98 1 5
 20041222 1200 26.07 1 5
 20041223 1200 26.08 1 5
 20041224 1200 25.96 1 5
 20041225 1200 25.87 1 5
 20041226 1200 26.00 1 5
 20041227 1200 26.20 1 5
 20041228 1200 26.24 1 5
 20041229 1200 26.32 1 5
 20041230 1200 26.27 1 5
 20041231 1200 26.24 1 5
 20050101 1200 26.25 1 5
 20050102 1200 26.25 1 5
 20050103 1200 26.40 1 5
 20050104 1200 26.49 1 5
 20050105 1200 26.54 1 5
 20050106 1200 26.35 1 5
 20050107 1200 26.04 1 5
 20050108 1200 25.88 1 5
 20050109 1200 26.04 1 5
 20050110 1200 26.30 1 5
 20050111 1200 26.22 1 5
 20050112 1200 26.14 1 5
 20050113 1200 26.43 1 5
 20050114 1200 26.66 1 5
 20050115 1200 26.67 1 5
 20050116 1200 26.70 1 5
 20050117 1200 26.48 1 5
 20050118 1200 26.52 1 5
 20050119 1200 26.61 1 5
 20050120 1200 26.57 1 5
 20050121 1200 26.90 1 5
 20050122 1200 26.75 1 5
 20050123 1200 27.01 1 5
 20050124 1200 27.21 1 5
 20050125 1200 27.20 1 5
 20050126 1200 27.16 1 5
 20050127 1200 27.07 1 5
 20050128 1200 26.94 1 5
 20050129 1200 26.59 1 5
 20050130 1200 26.68 1 5
 20050131 1200 26.92 1 5
 20050201 1200 27.00 1 5
 20050202 1200 27.10 1 5
 20050203 1200 27.08 1 5
 20050204 1200 26.78 1 5
 20050205 1200 26.45 1 5
 20050206 1200 26.58 1 5
 20050207 1200 26.95 1 5
 20050208 1200 26.92 1 5
 20050209 1200 26.96 1 5
 20050210 1200 27.06 1 5
 20050211 1200 27.32 1 5
 20050212 1200 27.33 1 5
 20050213 1200 27.42 1 5
 20050214 1200 27.54 1 5
 20050215 1200 27.59 1 5
 20050216 1200 27.77 1 5
 20050217 1200 27.30 1 5
 20050218 1200 26.69 1 5
 20050219 1200 26.44 1 5
 20050220 1200 25.96 1 5
 20050221 1200 25.43 1 5
 20050222 1200 25.44 1 5
 20050223 1200 26.02 1 5
 20050224 1200 26.20 1 5
 20050225 1200 26.25 1 5
 20050226 1200 26.71 1 5
 20050227 1200 27.21 1 5
 20050228 1200 27.97 1 5
 20050301 1200 28.04 1 5
 20050302 1200 27.29 1 5
 20050303 1200 26.52 1 5
 20050304 1200 26.56 1 5
 20050305 1200 26.77 1 5
 20050306 1200 27.32 1 5
 20050307 1200 27.28 1 5
 20050308 1200 27.22 1 5
 20050309 1200 27.49 1 5
 20050310 1200 27.73 1 5
 20050311 1200 27.92 1 5
 20050312 1200 28.06 1 5
 20050313 1200 28.20 1 5
 20050314 1200 28.31 1 5
 20050315 1200 28.46 1 5
 20050316 1200 28.27 1 5
 20050317 1200 27.99 1 5
 20050318 1200 27.92 1 5
 20050319 1200 27.01 1 5
 20050320 1200 26.41 1 5
 20050321 1200 26.31 1 5
 20050322 1200 26.25 1 5
 20050323 1200 26.49 1 5
 20050324 1200 26.90 1 5
 20050325 1200 27.15 1 5
 20050326 1200 27.28 1 5
 20050327 1200 27.81 1 5
 20050328 1200 28.16 1 5
 20050329 1200 28.52 1 5
 20050330 1200 28.30 1 5
 20050331 1200 28.57 1 5
 20050401 1200 28.49 1 5
 20050402 1200 28.63 1 5
 20050403 1200 28.61 1 5
 20050404 1200 28.64 1 5
 20050405 1200 28.61 1 5
 20050406 1200 28.50 1 5
 20050407 1200 28.13 1 5
 20050408 1200 28.36 1 5
 20050409 1200 28.63 1 5
 20050410 1200 28.69 1 5
 20050411 1200 28.94 1 5
 20050412 1200 28.92 1 5
 20050413 1200 28.86 1 5
 20050414 1200 28.87 1 5
 20050415 1200 28.69 1 5
 20050416 1200 28.22 1 5
 20050417 1200 28.01 1 5
 20050418 1200 27.95 1 5
 20050419 1200 28.18 1 5
 20050420 1200 28.90 1 5
 20050421 1200 28.89 1 5
 20050422 1200 28.95 1 5
 20050423 1200 29.15 1 5
 20050424 1200 29.30 1 5
 20050425 1200 29.02 1 5
 20050426 1200 28.96 1 5
 20050427 1200 28.59 1 5
 20050428 1200 28.55 1 5
 20050429 1200 28.90 1 5
 20050430 1200 28.83 1 5
 20050501 1200 28.53 1 5
 20050502 1200 28.10 1 5
 20050503 1200 27.85 1 5
 20050504 1200 27.90 1 5
 20050505 1200 -9.99 0 0
 20050506 1200 28.67 2 1
 20050507 1200 28.45 2 1
 20050508 1200 27.90 2 1
 20050509 1200 27.37 2 1
 20050510 1200 27.24 2 1
 20050511 1200 26.87 2 1
 20050512 1200 26.48 2 1
 20050513 1200 26.25 2 1
 20050514 1200 26.66 2 1
 20050515 1200 26.89 2 1
 20050516 1200 26.96 2 1
 20050517 1200 27.52 2 1
 20050518 1200 27.32 2 1
 20050519 1200 27.19 2 1
 20050520 1200 27.28 2 1
 20050521 1200 27.82 2 1
 20050522 1200 28.46 2 1
 20050523 1200 28.56 2 1
 20050524 1200 28.55 2 1
 20050525 1200 28.48 2 1
 20050526 1200 28.44 2 1
 20050527 1200 28.23 2 1
 20050528 1200 27.57 2 1
 20050529 1200 26.68 2 1
 20050530 1200 25.19 2 1
 20050531 1200 24.08 2 1
 20050601 1200 24.25 2 1
 20050602 1200 24.32 2 1
 20050603 1200 24.39 2 1
 20050604 1200 24.32 2 1
 20050605 1200 24.07 2 1
 20050606 1200 24.68 2 1
 20050607 1200 25.62 2 1
 20050608 1200 25.40 2 1
 20050609 1200 25.61 2 1
 20050610 1200 25.53 2 1
 20050611 1200 25.65 2 1
 20050612 1200 26.27 2 1
 20050613 1200 26.47 2 1
 20050614 1200 26.65 2 1
 20050615 1200 26.84 2 1
 20050616 1200 26.78 2 1
 20050617 1200 26.94 2 1
 20050618 1200 26.80 2 1
 20050619 1200 26.61 2 1
 20050620 1200 26.70 2 1
 20050621 1200 26.84 2 1
 20050622 1200 26.90 2 1
 20050623 1200 26.90 2 1
 20050624 1200 26.83 2 1
 20050625 1200 26.86 2 1
 20050626 1200 26.88 2 1
 20050627 1200 26.82 2 1
 20050628 1200 26.81 2 1
 20050629 1200 26.70 2 1
 20050630 1200 26.56 2 1
 20050701 1200 26.54 2 1
 20050702 1200 26.53 2 1
 20050703 1200 26.49 2 1
 20050704 1200 26.45 2 1
 20050705 1200 26.13 2 1
 20050706 1200 25.89 2 1
 20050707 1200 25.93 2 1
 20050708 1200 26.11 2 1
 20050709 1200 26.35 2 1
 20050710 1200 26.36 2 1
 20050711 1200 26.33 2 1
 20050712 1200 26.41 2 1
 20050713 1200 26.50 2 1
 20050714 1200 26.72 2 1
 20050715 1200 26.74 2 1
 20050716 1200 26.75 2 1
 20050717 1200 26.81 2 1
 20050718 1200 26.76 2 1
 20050719 1200 26.46 2 1
 20050720 1200 25.98 2 1
 20050721 1200 25.49 2 1
 20050722 1200 25.10 2 1
 20050723 1200 25.00 2 1
 20050724 1200 24.58 2 1
 20050725 1200 24.25 2 1
 20050726 1200 25.33 2 1
 20050727 1200 25.95 2 1
 20050728 1200 25.91 2 1
 20050729 1200 25.97 2 1
 20050730 1200 25.85 2 1
 20050731 1200 25.81 2 1
 20050801 1200 26.08 2 1
 20050802 1200 26.39 2 1
 20050803 1200 26.50 2 1
 20050804 1200 26.58 2 1
 20050805 1200 26.45 2 1
 20050806 1200 26.19 2 1
 20050807 1200 25.79 2 1
 20050808 1200 25.30 2 1
 20050809 1200 24.96 2 1
 20050810 1200 25.48 2 1
 20050811 1200 25.90 2 1
 20050812 1200 26.25 2 1
 20050813 1200 26.34 2 1
 20050814 1200 26.19 2 1
 20050815 1200 26.05 2 1
 20050816 1200 26.15 2 1
 20050817 1200 26.44 2 1
 20050818 1200 26.52 2 1
 20050819 1200 26.55 2 1
 20050820 1200 26.60 2 1
 20050821 1200 26.57 2 1
 20050822 1200 26.59 2 1
 20050823 1200 26.60 2 1
 20050824 1200 26.63 2 1
 20050825 1200 26.68 2 1
 20050826 1200 26.60 2 1
 20050827 1200 26.53 2 1
 20050828 1200 26.45 2 1
 20050829 1200 26.32 2 1
 20050830 1200 26.23 2 1
 20050831 1200 26.18 2 1
 20050901 1200 25.99 2 1
 20050902 1200 25.75 2 1
 20050903 1200 25.54 2 1
 20050904 1200 25.46 2 1
 20050905 1200 25.14 2 1
 20050906 1200 25.47 2 1
 20050907 1200 25.75 2 1
 20050908 1200 25.92 2 1
 20050909 1200 26.01 2 1
 20050910 1200 26.02 2 1
 20050911 1200 26.01 2 1
 20050912 1200 25.82 2 1
 20050913 1200 24.92 2 1
 20050914 1200 23.87 2 1
 20050915 1200 23.82 2 1
 20050916 1200 23.58 2 1
 20050917 1200 24.26 2 1
 20050918 1200 24.82 2 1
 20050919 1200 25.60 2 1
 20050920 1200 26.21 2 1
 20050921 1200 26.38 2 1
 20050922 1200 26.52 2 1
 20050923 1200 26.56 2 1
 20050924 1200 26.43 2 1
 20050925 1200 26.11 2 1
 20050926 1200 25.66 2 1
 20050927 1200 25.09 2 1
 20050928 1200 25.11 2 1
 Time: 1200  5 Nov 2005 to 1200 21 Jan 2008 (index  2136 to  2943,  808 times)
 Depth (M):        1 QUALITY SOURCE
 YYYYMMDD HHMM   SST Q S
 20051105 1200 24.88 1 5
 20051106 1200 24.71 1 5
 20051107 1200 24.18 1 5
 20051108 1200 24.47 1 5
 20051109 1200 24.85 1 5
 20051110 1200 25.05 1 5
 20051111 1200 25.22 1 5
 20051112 1200 25.26 1 5
 20051113 1200 25.33 1 5
 20051114 1200 25.35 1 5
 20051115 1200 25.41 1 5
 20051116 1200 25.43 1 5
 20051117 1200 25.42 1 5
 20051118 1200 25.38 1 5
 20051119 1200 25.45 1 5
 20051120 1200 25.47 1 5
 20051121 1200 25.49 1 5
 20051122 1200 25.42 1 5
 20051123 1200 25.23 1 5
 20051124 1200 25.18 1 5
 20051125 1200 25.25 1 5
 20051126 1200 25.29 1 5
 20051127 1200 25.43 1 5
 20051128 1200 25.50 1 5
 20051129 1200 25.47 1 5
 20051130 1200 25.34 1 5
 20051201 1200 25.14 1 5
 20051202 1200 24.62 1 5
 20051203 1200 24.02 1 5
 20051204 1200 24.16 1 5
 20051205 1200 24.38 1 5
 20051206 1200 24.59 1 5
 20051207 1200 24.83 1 5
 20051208 1200 24.80 1 5
 20051209 1200 24.12 1 5
 20051210 1200 23.88 1 5
 20051211 1200 24.34 1 5
 20051212 1200 24.91 1 5
 20051213 1200 25.09 1 5
 20051214 1200 25.10 1 5
 20051215 1200 25.06 1 5
 20051216 1200 25.05 1 5
 20051217 1200 25.10 1 5
 20051218 1200 25.21 1 5
 20051219 1200 25.38 1 5
 20051220 1200 25.56 1 5
 20051221 1200 25.57 1 5
 20051222 1200 25.59 1 5
 20051223 1200 25.56 1 5
 20051224 1200 25.55 1 5
 20051225 1200 25.52 1 5
 20051226 1200 25.67 1 5
 20051227 1200 25.71 1 5
 20051228 1200 25.66 1 5
 20051229 1200 25.63 1 5
 20051230 1200 25.63 1 5
 20051231 1200 25.67 1 5
 20060101 1200 25.72 1 5
 20060102 1200 25.74 1 5
 20060103 1200 25.79 1 5
 20060104 1200 25.93 1 5
 20060105 1200 26.03 1 5
 20060106 1200 26.05 1 5
 20060107 1200 26.01 1 5
 20060108 1200 26.03 1 5
 20060109 1200 26.14 1 5
 20060110 1200 26.25 1 5
 20060111 1200 26.26 1 5
 20060112 1200 25.40 1 5
 20060113 1200 24.91 1 5
 20060114 1200 25.73 1 5
 20060115 1200 26.08 1 5
 20060116 1200 26.10 1 5
 20060117 1200 25.76 1 5
 20060118 1200 25.72 1 5
 20060119 1200 26.29 1 5
 20060120 1200 26.52 1 5
 20060121 1200 26.60 1 5
 20060122 1200 26.63 1 5
 20060123 1200 26.58 1 5
 20060124 1200 26.54 1 5
 20060125 1200 26.43 1 5
 20060126 1200 26.44 1 5
 20060127 1200 26.51 1 5
 20060128 1200 26.62 1 5
 20060129 1200 26.69 1 5
 20060130 1200 26.83 1 5
 20060131 1200 26.87 1 5
 20060201 1200 26.85 1 5
 20060202 1200 26.73 1 5
 20060203 1200 26.72 1 5
 20060204 1200 26.76 1 5
 20060205 1200 26.77 1 5
 20060206 1200 26.91 1 5
 20060207 1200 26.86 1 5
 20060208 1200 27.03 1 5
 20060209 1200 27.12 1 5
 20060210 1200 26.93 1 5
 20060211 1200 27.01 1 5
 20060212 1200 27.32 1 5
 20060213 1200 27.78 1 5
 20060214 1200 27.50 1 5
 20060215 1200 27.55 1 5
 20060216 1200 27.48 1 5
 20060217 1200 27.34 1 5
 20060218 1200 27.45 1 5
 20060219 1200 27.50 1 5
 20060220 1200 27.58 1 5
 20060221 1200 27.98 1 5
 20060222 1200 27.43 1 5
 20060223 1200 26.58 1 5
 20060224 1200 26.74 1 5
 20060225 1200 27.21 1 5
 20060226 1200 26.96 1 5
 20060227 1200 27.10 1 5
 20060228 1200 27.46 1 5
 20060301 1200 27.69 1 5
 20060302 1200 28.02 1 5
 20060303 1200 28.36 1 5
 20060304 1200 28.49 1 5
 20060305 1200 28.20 1 5
 20060306 1200 28.26 1 5
 20060307 1200 27.89 1 5
 20060308 1200 27.98 1 5
 20060309 1200 27.86 1 5
 20060310 1200 26.58 1 5
 20060311 1200 25.67 1 5
 20060312 1200 24.78 1 5
 20060313 1200 25.36 1 5
 20060314 1200 25.63 1 5
 20060315 1200 26.21 1 5
 20060316 1200 26.82 1 5
 20060317 1200 26.91 1 5
 20060318 1200 27.02 1 5
 20060319 1200 27.09 1 5
 20060320 1200 27.06 1 5
 20060321 1200 27.35 1 5
 20060322 1200 26.62 1 5
 20060323 1200 25.76 1 5
 20060324 1200 25.68 1 5
 20060325 1200 25.92 1 5
 20060326 1200 26.82 1 5
 20060327 1200 27.23 1 5
 20060328 1200 27.82 1 5
 20060329 1200 28.15 1 5
 20060330 1200 27.88 1 5
 20060331 1200 27.66 1 5
 20060401 1200 27.26 1 5
 20060402 1200 26.79 1 5
 20060403 1200 27.14 1 5
 20060404 1200 27.65 1 5
 20060405 1200 27.77 1 5
 20060406 1200 27.11 1 5
 20060407 1200 27.22 1 5
 20060408 1200 27.58 1 5
 20060409 1200 28.28 1 5
 20060410 1200 28.25 1 5
 20060411 1200 27.97 1 5
 20060412 1200 27.86 1 5
 20060413 1200 27.72 1 5
 20060414 1200 27.95 1 5
 20060415 1200 28.31 1 5
 20060416 1200 28.33 1 5
 20060417 1200 27.92 1 5
 20060418 1200 27.24 1 5
 20060419 1200 26.49 1 5
 20060420 1200 26.51 1 5
 20060421 1200 26.19 1 5
 20060422 1200 26.24 1 5
 20060423 1200 26.49 1 5
 20060424 1200 26.83 1 5
 20060425 1200 26.98 1 5
 20060426 1200 27.04 1 5
 20060427 1200 27.76 1 5
 20060428 1200 28.42 1 5
 20060429 1200 28.40 1 5
 20060430 1200 28.42 1 5
 20060501 1200 28.68 1 5
 20060502 1200 28.81 1 5
 20060503 1200 28.64 1 5
 20060504 1200 28.60 1 5
 20060505 1200 28.35 1 5
 20060506 1200 27.71 1 5
 20060507 1200 27.38 1 5
 20060508 1200 27.20 1 5
 20060509 1200 27.29 1 5
 20060510 1200 27.85 1 5
 20060511 1200 27.53 1 5
 20060512 1200 27.40 1 5
 20060513 1200 27.15 1 5
 20060514 1200 26.99 1 5
 20060515 1200 27.11 1 5
 20060516 1200 27.16 1 5
 20060517 1200 27.03 1 5
 20060518 1200 26.88 1 5
 20060519 1200 26.79 1 5
 20060520 1200 26.67 1 5
 20060521 1200 26.58 1 5
 20060522 1200 26.59 1 5
 20060523 1200 26.15 1 5
 20060524 1200 25.96 1 5
 20060525 1200 26.00 1 5
 20060526 1200 26.15 1 5
 20060527 1200 26.16 1 5
 20060528 1200 26.15 1 5
 20060529 1200 26.02 1 5
 20060530 1200 25.42 1 5
 20060531 1200 25.49 1 5
 20060601 1200 25.37 1 5
 20060602 1200 25.46 1 5
 20060603 1200 25.69 1 5
 20060604 1200 26.02 1 5
 20060605 1200 26.14 1 5
 20060606 1200 26.28 1 5
 20060607 1200 26.80 1 5
 20060608 1200 27.04 1 5
 20060609 1200 26.91 1 5
 20060610 1200 26.74 1 5
 20060611 1200 26.78 1 5
 20060612 1200 26.88 1 5
 20060613 1200 26.82 1 5
 20060614 1200 26.69 1 5
 20060615 1200 26.76 1 5
 20060616 1200 26.83 1 5
 20060617 1200 26.83 1 5
 20060618 1200 26.81 1 5
 20060619 1200 26.82 1 5
 20060620 1200 26.79 1 5
 20060621 1200 26.80 1 5
 20060622 1200 26.81 1 5
 20060623 1200 26.80 1 5
 20060624 1200 26.88 1 5
 20060625 1200 26.68 1 5
 20060626 1200 26.42 1 5
 20060627 1200 26.24 1 5
 20060628 1200 25.71 1 5
 20060629 1200 25.42 1 5
 20060630 1200 25.42 1 5
 20060701 1200 25.68 1 5
 20060702 1200 25.65 1 5
 20060703 1200 25.45 1 5
 20060704 1200 25.33 1 5
 20060705 1200 25.51 1 5
 20060706 1200 25.51 1 5
 20060707 1200 25.38 1 5
 20060708 1200 24.75 1 5
 20060709 1200 23.82 1 5
 20060710 1200 23.28 1 5
 20060711 1200 23.90 1 5
 20060712 1200 24.70 1 5
 20060713 1200 24.94 1 5
 20060714 1200 25.45 1 5
 20060715 1200 25.97 1 5
 20060716 1200 26.12 1 5
 20060717 1200 26.01 1 5
 20060718 1200 25.83 1 5
 20060719 1200 25.86 1 5
 20060720 1200 26.04 1 5
 20060721 1200 26.04 1 5
 20060722 1200 25.87 1 5
 20060723 1200 25.76 1 5
 20060724 1200 26.33 1 5
 20060725 1200 26.44 1 5
 20060726 1200 26.29 1 5
 20060727 1200 25.93 1 5
 20060728 1200 26.09 1 5
 20060729 1200 26.07 1 5
 20060730 1200 25.78 1 5
 20060731 1200 25.48 1 5
 20060801 1200 25.25 1 5
 20060802 1200 25.44 1 5
 20060803 1200 26.04 1 5
 20060804 1200 26.37 1 5
 20060805 1200 26.62 1 5
 20060806 1200 26.50 1 5
 20060807 1200 25.25 1 5
 20060808 1200 25.09 1 5
 20060809 1200 25.00 1 5
 20060810 1200 25.07 1 5
 20060811 1200 25.21 1 5
 20060812 1200 26.05 1 5
 20060813 1200 26.44 1 5
 20060814 1200 26.54 1 5
 20060815 1200 26.64 1 5
 20060816 1200 26.62 1 5
 20060817 1200 26.50 1 5
 20060818 1200 26.30 1 5
 20060819 1200 26.19 1 5
 20060820 1200 26.25 1 5
 20060821 1200 26.48 1 5
 20060822 1200 26.55 1 5
 20060823 1200 26.54 1 5
 20060824 1200 26.38 1 5
 20060825 1200 26.20 1 5
 20060826 1200 26.13 1 5
 20060827 1200 26.09 1 5
 20060828 1200 26.05 1 5
 20060829 1200 25.94 1 5
 20060830 1200 25.64 1 5
 20060831 1200 25.77 1 5
 20060901 1200 25.89 1 5
 20060902 1200 25.92 1 5
 20060903 1200 26.02 1 5
 20060904 1200 26.07 1 5
 20060905 1200 26.17 1 5
 20060906 1200 26.24 1 5
 20060907 1200 26.35 1 5
 20060908 1200 26.43 1 5
 20060909 1200 26.44 1 5
 20060910 1200 26.40 1 5
 20060911 1200 26.69 1 5
 20060912 1200 26.84 1 5
 20060913 1200 26.90 1 5
 20060914 1200 26.88 1 5
 20060915 1200 26.75 1 5
 20060916 1200 26.54 1 5
 20060917 1200 26.44 1 5
 20060918 1200 26.21 1 5
 20060919 1200 26.22 1 5
 20060920 1200 26.13 1 5
 20060921 1200 26.10 1 5
 20060922 1200 26.07 1 5
 20060923 1200 26.05 1 5
 20060924 1200 26.06 1 5
 20060925 1200 26.21 1 5
 20060926 1200 26.51 1 5
 20060927 1200 26.61 1 5
 20060928 1200 26.71 1 5
 20060929 1200 26.59 1 5
 20060930 1200 26.50 1 5
 20061001 1200 26.56 1 5
 20061002 1200 26.66 1 5
 20061003 1200 26.99 1 5
 20061004 1200 27.05 1 5
 20061005 1200 27.15 1 5
 20061006 1200 27.21 1 5
 20061007 1200 27.19 1 5
 20061008 1200 27.16 1 5
 20061009 1200 27.18 1 5
 20061010 1200 27.24 1 5
 20061011 1200 27.28 1 5
 20061012 1200 27.30 1 5
 20061013 1200 27.28 1 5
 20061014 1200 27.27 1 5
 20061015 1200 27.23 1 5
 20061016 1200 27.05 1 5
 20061017 1200 26.96 1 5
 20061018 1200 26.96 1 5
 20061019 1200 26.86 1 5
 20061020 1200 26.77 1 5
 20061021 1200 26.67 1 5
 20061022 1200 26.41 1 5
 20061023 1200 26.49 1 5
 20061024 1200 26.67 1 5
 20061025 1200 26.96 1 5
 20061026 1200 27.12 1 5
 20061027 1200 27.22 1 5
 20061028 1200 27.26 1 5
 20061029 1200 27.18 1 5
 20061030 1200 27.18 1 5
 20061031 1200 27.13 1 5
 20061101 1200 27.10 1 5
 20061102 1200 27.08 1 5
 20061103 1200 27.03 1 5
 20061104 1200 27.01 1 5
 20061105 1200 26.93 1 5
 20061106 1200 26.82 1 5
 20061107 1200 26.73 1 5
 20061108 1200 26.74 1 5
 20061109 1200 26.77 1 5
 20061110 1200 26.85 1 5
 20061111 1200 26.87 1 5
 20061112 1200 26.86 1 5
 20061113 1200 26.52 1 5
 20061114 1200 26.54 1 5
 20061115 1200 26.47 1 5
 20061116 1200 26.43 1 5
 20061117 1200 26.28 1 5
 20061118 1200 26.20 1 5
 20061119 1200 26.14 1 5
 20061120 1200 26.14 1 5
 20061121 1200 26.28 1 5
 20061122 1200 26.40 1 5
 20061123 1200 26.48 1 5
 20061124 1200 26.48 1 5
 20061125 1200 26.46 1 5
 20061126 1200 26.30 1 5
 20061127 1200 26.05 1 5
 20061128 1200 25.89 1 5
 20061129 1200 26.06 1 5
 20061130 1200 26.21 1 5
 20061201 1200 26.29 1 5
 20061202 1200 26.30 1 5
 20061203 1200 26.25 1 5
 20061204 1200 26.22 1 5
 20061205 1200 26.18 1 5
 20061206 1200 26.15 1 5
 20061207 1200 26.16 1 5
 20061208 1200 26.17 1 5
 20061209 1200 26.04 1 5
 20061210 1200 26.03 1 5
 20061211 1200 26.13 1 5
 20061212 1200 26.16 1 5
 20061213 1200 26.22 1 5
 20061214 1200 26.25 1 5
 20061215 1200 26.26 1 5
 20061216 1200 26.26 1 5
 20061217 1200 26.28 1 5
 20061218 1200 26.31 1 5
 20061219 1200 26.39 1 5
 20061220 1200 26.41 1 5
 20061221 1200 26.35 1 5
 20061222 1200 26.39 1 5
 20061223 1200 26.45 1 5
 20061224 1200 26.54 1 5
 20061225 1200 26.63 1 5
 20061226 1200 26.72 1 5
 20061227 1200 26.71 1 5
 20061228 1200 26.68 1 5
 20061229 1200 26.70 1 5
 20061230 1200 26.65 1 5
 20061231 1200 26.65 1 5
 20070101 1200 26.76 1 5
 20070102 1200 26.68 1 5
 20070103 1200 26.52 1 5
 20070104 1200 26.48 1 5
 20070105 1200 26.35 1 5
 20070106 1200 26.20 1 5
 20070107 1200 26.02 1 5
 20070108 1200 26.30 1 5
 20070109 1200 26.79 1 5
 20070110 1200 26.94 1 5
 20070111 1200 27.20 1 5
 20070112 1200 27.11 1 5
 20070113 1200 27.20 1 5
 20070114 1200 27.18 1 5
 20070115 1200 27.31 1 5
 20070116 1200 27.43 1 5
 20070117 1200 27.41 1 5
 20070118 1200 27.38 1 5
 20070119 1200 27.51 1 5
 20070120 1200 27.58 1 5
 20070121 1200 27.48 1 5
 20070122 1200 27.29 1 5
 20070123 1200 26.93 1 5
 20070124 1200 26.92 1 5
 20070125 1200 27.00 1 5
 20070126 1200 27.11 1 5
 20070127 1200 27.27 1 5
 20070128 1200 27.28 1 5
 20070129 1200 27.42 1 5
 20070130 1200 27.81 1 5
 20070131 1200 28.09 1 5
 20070201 1200 28.08 1 5
 20070202 1200 28.16 1 5
 20070203 1200 28.17 1 5
 20070204 1200 27.97 1 5
 20070205 1200 28.00 1 5
 20070206 1200 28.21 1 5
 20070207 1200 28.06 1 5
 20070208 1200 27.85 1 5
 20070209 1200 28.13 1 5
 20070210 1200 28.14 1 5
 20070211 1200 27.83 1 5
 20070212 1200 27.93 1 5
 20070213 1200 27.56 1 5
 20070214 1200 27.09 1 5
 20070215 1200 26.98 1 5
 20070216 1200 26.86 1 5
 20070217 1200 27.51 1 5
 20070218 1200 27.91 1 5
 20070219 1200 28.44 1 5
 20070220 1200 28.45 1 5
 20070221 1200 28.15 1 5
 20070222 1200 28.03 1 5
 20070223 1200 27.09 1 5
 20070224 1200 26.31 1 5
 20070225 1200 25.66 1 5
 20070226 1200 25.40 1 5
 20070227 1200 25.47 1 5
 20070228 1200 25.76 1 5
 20070301 1200 26.20 1 5
 20070302 1200 27.50 1 5
 20070303 1200 27.39 1 5
 20070304 1200 27.51 1 5
 20070305 1200 28.05 1 5
 20070306 1200 28.39 1 5
 20070307 1200 28.54 1 5
 20070308 1200 28.45 1 5
 20070309 1200 28.60 1 5
 20070310 1200 28.67 1 5
 20070311 1200 28.25 1 5
 20070312 1200 28.19 1 5
 20070313 1200 28.40 1 5
 20070314 1200 28.77 1 5
 20070315 1200 29.10 1 5
 20070316 1200 28.73 1 5
 20070317 1200 27.35 1 5
 20070318 1200 26.77 1 5
 20070319 1200 27.56 1 5
 20070320 1200 28.04 1 5
 20070321 1200 27.45 1 5
 20070322 1200 25.74 1 5
 20070323 1200 25.20 1 5
 20070324 1200 25.82 1 5
 20070325 1200 27.20 1 5
 20070326 1200 25.78 1 5
 20070327 1200 25.65 1 5
 20070328 1200 25.93 1 5
 20070329 1200 25.44 1 5
 20070330 1200 25.03 1 5
 20070331 1200 24.64 1 5
 20070401 1200 24.23 1 5
 20070402 1200 24.64 1 5
 20070403 1200 25.12 1 5
 20070404 1200 25.03 1 5
 20070405 1200 24.72 1 5
 20070406 1200 24.73 1 5
 20070407 1200 24.63 1 5
 20070408 1200 27.62 1 5
 20070409 1200 28.57 1 5
 20070410 1200 28.85 1 5
 20070411 1200 28.60 1 5
 20070412 1200 28.41 1 5
 20070413 1200 28.22 1 5
 20070414 1200 28.38 1 5
 20070415 1200 28.26 1 5
 20070416 1200 28.59 1 5
 20070417 1200 28.74 1 5
 20070418 1200 28.90 1 5
 20070419 1200 28.81 1 5
 20070420 1200 28.74 1 5
 20070421 1200 28.57 1 5
 20070422 1200 28.80 1 5
 20070423 1200 28.91 1 5
 20070424 1200 28.76 1 5
 20070425 1200 28.76 1 5
 20070426 1200 28.57 1 5
 20070427 1200 28.15 1 5
 20070428 1200 27.42 1 5
 20070429 1200 25.84 1 5
 20070430 1200 26.49 1 5
 20070501 1200 27.56 1 5
 20070502 1200 27.88 1 5
 20070503 1200 27.64 1 5
 20070504 1200 27.79 1 5
 20070505 1200 27.59 1 5
 20070506 1200 26.81 1 5
 20070507 1200 26.49 1 5
 20070508 1200 26.07 1 5
 20070509 1200 25.28 1 5
 20070510 1200 25.74 1 5
 20070511 1200 25.99 1 5
 20070512 1200 25.72 1 5
 20070513 1200 25.68 1 5
 20070514 1200 25.78 1 5
 20070515 1200 26.03 1 5
 20070516 1200 25.62 1 5
 20070517 1200 25.85 1 5
 20070518 1200 26.05 1 5
 20070519 1200 26.77 1 5
 20070520 1200 27.63 1 5
 20070521 1200 27.76 1 5
 20070522 1200 27.65 1 5
 20070523 1200 27.50 1 5
 20070524 1200 27.31 1 5
 20070525 1200 27.10 1 5
 20070526 1200 27.10 1 5
 20070527 1200 27.02 1 5
 20070528 1200 26.92 1 5
 20070529 1200 26.79 1 5
 20070530 1200 26.85 1 5
 20070531 1200 26.65 1 5
 20070601 1200 26.40 1 5
 20070602 1200 25.96 1 5
 20070603 1200 25.26 1 5
 20070604 1200 24.58 1 5
 20070605 1200 25.39 1 5
 20070606 1200 23.14 1 5
 20070607 1200 22.81 1 5
 20070608 1200 22.43 1 5
 20070609 1200 22.08 1 5
 20070610 1200 22.43 1 5
 20070611 1200 23.01 1 5
 20070612 1200 23.70 1 5
 20070613 1200 24.06 1 5
 20070614 1200 24.51 1 5
 20070615 1200 25.03 1 5
 20070616 1200 25.71 1 5
 20070617 1200 25.68 1 5
 20070618 1200 25.42 1 5
 20070619 1200 25.68 1 5
 20070620 1200 25.90 1 5
 20070621 1200 25.72 1 5
 20070622 1200 25.31 1 5
 20070623 1200 24.75 1 5
 20070624 1200 24.11 1 5
 20070625 1200 24.21 1 5
 20070626 1200 24.71 1 5
 20070627 1200 25.06 1 5
 20070628 1200 25.13 1 5
 20070629 1200 24.94 1 5
 20070630 1200 24.97 1 5
 20070701 1200 25.15 1 5
 20070702 1200 25.30 1 5
 20070703 1200 25.48 1 5
 20070704 1200 25.63 1 5
 20070705 1200 25.63 1 5
 20070706 1200 24.98 1 5
 20070707 1200 24.03 1 5
 20070708 1200 22.47 1 5
 20070709 1200 21.20 1 5
 20070710 1200 21.14 1 5
 20070711 1200 21.01 1 5
 20070712 1200 20.85 1 5
 20070713 1200 20.88 1 5
 20070714 1200 21.22 1 5
 20070715 1200 21.76 1 5
 20070716 1200 22.34 1 5
 20070717 1200 22.34 1 5
 20070718 1200 22.10 1 5
 20070719 1200 22.26 1 5
 20070720 1200 23.64 1 5
 20070721 1200 24.77 1 5
 20070722 1200 24.80 1 5
 20070723 1200 24.97 1 5
 20070724 1200 25.08 1 5
 20070725 1200 24.80 1 5
 20070726 1200 24.57 1 5
 20070727 1200 24.64 1 5
 20070728 1200 24.94 1 5
 20070729 1200 24.95 1 5
 20070730 1200 24.82 1 5
 20070731 1200 24.76 1 5
 20070801 1200 24.82 1 5
 20070802 1200 24.81 1 5
 20070803 1200 24.84 1 5
 20070804 1200 24.89 1 5
 20070805 1200 24.98 1 5
 20070806 1200 24.93 1 5
 20070807 1200 24.66 1 5
 20070808 1200 24.02 1 5
 20070809 1200 23.28 1 5
 20070810 1200 22.45 1 5
 20070811 1200 22.78 1 5
 20070812 1200 24.18 1 5
 20070813 1200 24.68 1 5
 20070814 1200 24.91 1 5
 20070815 1200 25.15 1 5
 20070816 1200 25.30 1 5
 20070817 1200 25.30 1 5
 20070818 1200 25.28 1 5
 20070819 1200 25.24 1 5
 20070820 1200 25.23 1 5
 20070821 1200 25.26 1 5
 20070822 1200 25.40 1 5
 20070823 1200 25.40 1 5
 20070824 1200 25.31 1 5
 20070825 1200 25.16 1 5
 20070826 1200 24.74 1 5
 20070827 1200 23.52 1 5
 20070828 1200 22.92 1 5
 20070829 1200 23.47 1 5
 20070830 1200 24.59 1 5
 20070831 1200 25.03 1 5
 20070901 1200 25.45 1 5
 20070902 1200 25.69 1 5
 20070903 1200 25.74 1 5
 20070904 1200 25.63 1 5
 20070905 1200 25.28 1 5
 20070906 1200 24.75 1 5
 20070907 1200 24.08 1 5
 20070908 1200 22.60 1 5
 20070909 1200 22.08 1 5
 20070910 1200 22.75 1 5
 20070911 1200 23.34 1 5
 20070912 1200 23.87 1 5
 20070913 1200 24.24 1 5
 20070914 1200 24.55 1 5
 20070915 1200 24.65 1 5
 20070916 1200 24.57 1 5
 20070917 1200 24.66 1 5
 20070918 1200 24.77 1 5
 20070919 1200 24.58 1 5
 20070920 1200 24.61 1 5
 20070921 1200 24.73 1 5
 20070922 1200 24.77 1 5
 20070923 1200 24.83 1 5
 20070924 1200 24.77 1 5
 20070925 1200 24.77 1 5
 20070926 1200 24.87 1 5
 20070927 1200 24.88 1 5
 20070928 1200 24.88 1 5
 20070929 1200 24.86 1 5
 20070930 1200 24.79 1 5
 20071001 1200 24.92 1 5
 20071002 1200 24.95 1 5
 20071003 1200 24.98 1 5
 20071004 1200 25.13 1 5
 20071005 1200 25.26 1 5
 20071006 1200 25.33 1 5
 20071007 1200 25.32 1 5
 20071008 1200 25.26 1 5
 20071009 1200 25.34 1 5
 20071010 1200 25.52 1 5
 20071011 1200 25.65 1 5
 20071012 1200 25.66 1 5
 20071013 1200 25.54 1 5
 20071014 1200 25.61 1 5
 20071015 1200 25.63 1 5
 20071016 1200 25.44 1 5
 20071017 1200 25.12 1 5
 20071018 1200 24.79 1 5
 20071019 1200 24.70 1 5
 20071020 1200 24.82 1 5
 20071021 1200 24.94 1 5
 20071022 1200 25.03 1 5
 20071023 1200 25.10 1 5
 20071024 1200 25.15 1 5
 20071025 1200 25.18 1 5
 20071026 1200 25.26 1 5
 20071027 1200 25.58 1 5
 20071028 1200 25.63 1 5
 20071029 1200 25.52 1 5
 20071030 1200 25.36 1 5
 20071031 1200 25.12 1 5
 20071101 1200 25.18 1 5
 20071102 1200 25.13 1 5
 20071103 1200 24.99 1 5
 20071104 1200 24.89 1 5
 20071105 1200 24.82 1 5
 20071106 1200 24.58 1 5
 20071107 1200 24.21 1 5
 20071108 1200 23.85 1 5
 20071109 1200 23.30 1 5
 20071110 1200 23.19 1 5
 20071111 1200 24.17 1 5
 20071112 1200 25.13 1 5
 20071113 1200 25.30 1 5
 20071114 1200 25.30 1 5
 20071115 1200 25.30 1 5
 20071116 1200 25.25 1 5
 20071117 1200 -9.99 0 0
 20071118 1200 24.79 1 1
 20071119 1200 24.80 1 1
 20071120 1200 24.85 1 1
 20071121 1200 24.87 1 1
 20071122 1200 24.90 1 1
 20071123 1200 24.92 1 1
 20071124 1200 24.98 1 1
 20071125 1200 24.90 1 1
 20071126 1200 24.66 1 1
 20071127 1200 24.23 1 1
 20071128 1200 23.61 1 1
 20071129 1200 24.14 1 1
 20071130 1200 24.40 1 1
 20071201 1200 24.21 1 1
 20071202 1200 24.05 1 1
 20071203 1200 24.53 1 1
 20071204 1200 24.67 1 1
 20071205 1200 24.64 1 1
 20071206 1200 24.68 1 1
 20071207 1200 24.24 1 1
 20071208 1200 23.88 1 1
 20071209 1200 24.05 1 1
 20071210 1200 24.45 1 1
 20071211 1200 24.53 1 1
 20071212 1200 24.47 1 1
 20071213 1200 24.46 1 1
 20071214 1200 24.36 1 1
 20071215 1200 24.49 1 1
 20071216 1200 24.91 1 1
 20071217 1200 24.90 1 1
 20071218 1200 24.92 1 1
 20071219 1200 24.81 1 1
 20071220 1200 24.65 1 1
 20071221 1200 24.39 1 1
 20071222 1200 24.25 1 1
 20071223 1200 24.25 1 1
 20071224 1200 24.62 1 1
 20071225 1200 24.76 1 1
 20071226 1200 24.72 1 1
 20071227 1200 24.92 1 1
 20071228 1200 24.93 1 1
 20071229 1200 24.93 1 1
 20071230 1200 24.95 1 1
 20071231 1200 24.92 1 1
 20080101 1200 24.97 1 1
 20080102 1200 25.04 1 1
 20080103 1200 -9.99 0 0
 20080104 1200 -9.99 0 0
 20080105 1200 25.12 1 1
 20080106 1200 25.21 1 1
 20080107 1200 25.32 1 1
 20080108 1200 25.32 1 1
 20080109 1200 25.29 1 1
 20080110 1200 25.26 1 1
 20080111 1200 25.27 1 1
 20080112 1200 25.33 1 1
 20080113 1200 25.35 1 1
 20080114 1200 25.31 1 1
 20080115 1200 25.34 1 1
 20080116 1200 25.37 1 1
 20080117 1200 25.54 1 1
 20080118 1200 25.65 1 1
 20080119 1200 25.63 1 1
 20080120 1200 25.73 1 1
 20080121 1200 25.75 1 1
 Time: 1200 14 Jun 2008 to 1200 11 Jun 2009 (index  3088 to  3450,  363 times)
 Depth (M):        1 QUALITY SOURCE
 YYYYMMDD HHMM   SST Q S
 20080614 1200 25.84 1 1
 20080615 1200 25.51 1 1
 20080616 1200 24.76 1 1
 20080617 1200 24.46 1 1
 20080618 1200 24.43 1 1
 20080619 1200 24.28 1 1
 20080620 1200 25.80 1 1
 20080621 1200 26.04 1 1
 20080622 1200 25.82 1 1
 20080623 1200 25.59 1 1
 20080624 1200 25.62 1 1
 20080625 1200 25.99 1 1
 20080626 1200 26.08 1 1
 20080627 1200 26.01 1 1
 20080628 1200 26.15 1 1
 20080629 1200 26.40 1 1
 20080630 1200 26.24 1 1
 20080701 1200 26.90 1 1
 20080702 1200 27.07 1 1
 20080703 1200 27.09 1 1
 20080704 1200 27.08 1 1
 20080705 1200 26.99 1 1
 20080706 1200 26.91 1 1
 20080707 1200 26.81 1 1
 20080708 1200 26.74 1 1
 20080709 1200 26.74 1 1
 20080710 1200 26.68 1 1
 20080711 1200 26.66 1 1
 20080712 1200 26.60 1 1
 20080713 1200 26.80 1 1
 20080714 1200 26.97 1 1
 20080715 1200 27.01 1 1
 20080716 1200 26.86 1 1
 20080717 1200 26.56 1 1
 20080718 1200 26.46 1 1
 20080719 1200 26.15 1 1
 20080720 1200 25.65 1 1
 20080721 1200 24.97 1 1
 20080722 1200 25.10 1 1
 20080723 1200 25.44 1 1
 20080724 1200 26.01 1 1
 20080725 1200 26.01 1 1
 20080726 1200 26.13 1 1
 20080727 1200 26.56 1 1
 20080728 1200 26.52 1 1
 20080729 1200 26.41 1 1
 20080730 1200 26.42 1 1
 20080731 1200 26.50 1 1
 20080801 1200 26.53 1 1
 20080802 1200 26.45 1 1
 20080803 1200 26.40 1 1
 20080804 1200 26.40 1 1
 20080805 1200 26.41 1 1
 20080806 1200 26.35 1 1
 20080807 1200 26.33 1 1
 20080808 1200 26.28 1 1
 20080809 1200 26.33 1 1
 20080810 1200 26.48 1 1
 20080811 1200 26.40 1 1
 20080812 1200 26.43 1 1
 20080813 1200 26.56 1 1
 20080814 1200 26.49 1 1
 20080815 1200 26.42 1 1
 20080816 1200 26.18 1 1
 20080817 1200 26.01 1 1
 20080818 1200 25.84 1 1
 20080819 1200 25.54 1 1
 20080820 1200 25.52 1 1
 20080821 1200 25.81 1 1
 20080822 1200 26.09 1 1
 20080823 1200 26.16 1 1
 20080824 1200 26.14 1 1
 20080825 1200 26.27 1 1
 20080826 1200 26.32 1 1
 20080827 1200 26.34 1 1
 20080828 1200 26.31 1 1
 20080829 1200 26.27 1 1
 20080830 1200 26.28 1 1
 20080831 1200 26.24 1 1
 20080901 1200 26.19 1 1
 20080902 1200 26.27 1 1
 20080903 1200 26.31 1 1
 20080904 1200 26.37 1 1
 20080905 1200 26.36 1 1
 20080906 1200 26.23 1 1
 20080907 1200 26.15 1 1
 20080908 1200 26.07 1 1
 20080909 1200 26.04 1 1
 20080910 1200 26.10 1 1
 20080911 1200 26.29 1 1
 20080912 1200 26.41 1 1
 20080913 1200 26.16 1 1
 20080914 1200 25.92 1 1
 20080915 1200 25.98 1 1
 20080916 1200 26.05 1 1
 20080917 1200 26.15 1 1
 20080918 1200 25.72 1 1
 20080919 1200 25.12 1 1
 20080920 1200 24.90 1 1
 20080921 1200 25.26 1 1
 20080922 1200 26.02 1 1
 20080923 1200 26.39 1 1
 20080924 1200 26.57 1 1
 20080925 1200 26.69 1 1
 20080926 1200 26.71 1 1
 20080927 1200 26.55 1 1
 20080928 1200 26.40 1 1
 20080929 1200 26.21 1 1
 20080930 1200 26.04 1 1
 20081001 1200 26.08 1 1
 20081002 1200 26.14 1 1
 20081003 1200 26.22 1 1
 20081004 1200 26.25 1 1
 20081005 1200 26.32 1 1
 20081006 1200 26.29 1 1
 20081007 1200 26.27 1 1
 20081008 1200 26.24 1 1
 20081009 1200 26.19 1 1
 20081010 1200 25.74 1 1
 20081011 1200 25.40 1 1
 20081012 1200 25.25 1 1
 20081013 1200 25.32 1 1
 20081014 1200 25.37 1 1
 20081015 1200 25.57 1 1
 20081016 1200 25.68 1 1
 20081017 1200 25.57 1 1
 20081018 1200 25.70 1 1
 20081019 1200 25.79 1 1
 20081020 1200 25.69 1 1
 20081021 1200 25.68 1 1
 20081022 1200 25.93 1 1
 20081023 1200 25.93 1 1
 20081024 1200 25.95 1 1
 20081025 1200 25.71 1 1
 20081026 1200 25.48 1 1
 20081027 1200 25.47 1 1
 20081028 1200 25.48 1 1
 20081029 1200 25.62 1 1
 20081030 1200 25.94 1 1
 20081031 1200 26.19 1 1
 20081101 1200 26.25 1 1
 20081102 1200 26.33 1 1
 20081103 1200 26.36 1 1
 20081104 1200 26.33 1 1
 20081105 1200 26.35 1 1
 20081106 1200 26.34 1 1
 20081107 1200 26.15 1 1
 20081108 1200 25.84 1 1
 20081109 1200 25.46 1 1
 20081110 1200 25.26 1 1
 20081111 1200 25.52 1 1
 20081112 1200 25.63 1 1
 20081113 1200 25.84 1 1
 20081114 1200 26.08 1 1
 20081115 1200 26.04 1 1
 20081116 1200 26.07 1 1
 20081117 1200 26.14 1 1
 20081118 1200 26.02 1 1
 20081119 1200 25.91 1 1
 20081120 1200 25.90 1 1
 20081121 1200 25.57 1 1
 20081122 1200 25.29 1 1
 20081123 1200 25.18 1 1
 20081124 1200 25.17 1 1
 20081125 1200 25.33 1 1
 20081126 1200 25.48 1 1
 20081127 1200 25.63 1 1
 20081128 1200 25.51 1 1
 20081129 1200 25.55 1 1
 20081130 1200 25.60 1 1
 20081201 1200 25.63 1 1
 20081202 1200 25.73 1 1
 20081203 1200 25.74 1 1
 20081204 1200 25.75 1 1
 20081205 1200 25.70 1 1
 20081206 1200 25.70 1 1
 20081207 1200 25.56 1 1
 20081208 1200 25.24 1 1
 20081209 1200 25.37 1 1
 20081210 1200 25.33 1 1
 20081211 1200 25.11 1 1
 20081212 1200 25.55 1 1
 20081213 1200 25.48 1 1
 20081214 1200 25.48 1 1
 20081215 1200 25.62 1 1
 20081216 1200 25.69 1 1
 20081217 1200 25.74 1 1
 20081218 1200 25.80 1 1
 20081219 1200 25.87 1 1
 20081220 1200 25.91 1 1
 20081221 1200 25.89 1 1
 20081222 1200 25.76 1 1
 20081223 1200 25.36 1 1
 20081224 1200 25.24 1 1
 20081225 1200 25.55 1 1
 20081226 1200 25.80 1 1
 20081227 1200 25.98 1 1
 20081228 1200 25.97 1 1
 20081229 1200 25.89 1 1
 20081230 1200 25.86 1 1
 20081231 1200 25.87 1 1
 20090101 1200 25.88 1 1
 20090102 1200 25.68 1 1
 20090103 1200 25.75 1 1
 20090104 1200 25.91 1 1
 20090105 1200 25.97 1 1
 20090106 1200 -9.99 0 0
 20090107 1200 -9.99 0 0
 20090108 1200 25.86 2 1
 20090109 1200 25.89 2 1
 20090110 1200 25.96 2 1
 20090111 1200 26.18 2 1
 20090112 1200 26.33 2 1
 20090113 1200 26.24 2 1
 20090114 1200 26.15 2 1
 20090115 1200 26.22 2 1
 20090116 1200 26.33 2 1
 20090117 1200 26.61 2 1
 20090118 1200 26.65 2 1
 20090119 1200 26.60 2 1
 20090120 1200 26.64 2 1
 20090121 1200 26.89 2 1
 20090122 1200 26.83 2 1
 20090123 1200 27.12 2 1
 20090124 1200 27.15 2 1
 20090125 1200 27.08 2 1
 20090126 1200 27.27 2 1
 20090127 1200 27.22 2 1
 20090128 1200 26.94 2 1
 20090129 1200 26.37 2 1
 20090130 1200 25.80 2 1
 20090131 1200 26.09 2 1
 20090201 1200 26.30 2 1
 20090202 1200 26.06 2 1
 20090203 1200 25.91 2 1
 20090204 1200 25.98 2 1
 20090205 1200 26.68 2 1
 20090206 1200 26.78 2 1
 20090207 1200 27.03 2 1
 20090208 1200 27.05 2 1
 20090209 1200 27.03 2 1
 20090210 1200 27.30 2 1
 20090211 1200 27.32 2 1
 20090212 1200 26.81 2 1
 20090213 1200 26.82 2 1
 20090214 1200 26.96 2 1
 20090215 1200 26.99 2 1
 20090216 1200 27.02 2 1
 20090217 1200 27.10 2 1
 20090218 1200 27.05 2 1
 20090219 1200 27.08 2 1
 20090220 1200 27.20 2 1
 20090221 1200 27.78 2 1
 20090222 1200 28.08 2 1
 20090223 1200 27.18 2 1
 20090224 1200 27.10 2 1
 20090225 1200 27.25 2 1
 20090226 1200 27.68 2 1
 20090227 1200 27.08 2 1
 20090228 1200 26.73 2 1
 20090301 1200 26.97 2 1
 20090302 1200 26.40 2 1
 20090303 1200 26.76 2 1
 20090304 1200 26.81 2 1
 20090305 1200 26.46 2 1
 20090306 1200 25.85 2 1
 20090307 1200 25.67 2 1
 20090308 1200 25.74 2 1
 20090309 1200 26.18 2 1
 20090310 1200 26.06 2 1
 20090311 1200 26.20 2 1
 20090312 1200 25.92 2 1
 20090313 1200 26.20 2 1
 20090314 1200 26.75 2 1
 20090315 1200 25.96 2 1
 20090316 1200 25.85 2 1
 20090317 1200 26.16 2 1
 20090318 1200 26.29 2 1
 20090319 1200 26.81 2 1
 20090320 1200 26.76 2 1
 20090321 1200 27.75 2 1
 20090322 1200 27.38 2 1
 20090323 1200 27.37 2 1
 20090324 1200 27.58 2 1
 20090325 1200 27.91 2 1
 20090326 1200 28.05 2 1
 20090327 1200 28.19 2 1
 20090328 1200 28.07 2 1
 20090329 1200 28.05 2 1
 20090330 1200 28.26 2 1
 20090331 1200 28.20 2 1
 20090401 1200 28.28 2 1
 20090402 1200 29.00 2 1
 20090403 1200 29.42 2 1
 20090404 1200 29.18 2 1
 20090405 1200 28.48 2 1
 20090406 1200 27.87 2 1
 20090407 1200 27.50 2 1
 20090408 1200 27.47 2 1
 20090409 1200 27.32 2 1
 20090410 1200 26.95 2 1
 20090411 1200 26.89 2 1
 20090412 1200 27.28 2 1
 20090413 1200 27.20 2 1
 20090414 1200 27.04 2 1
 20090415 1200 27.15 2 1
 20090416 1200 27.22 2 1
 20090417 1200 27.07 2 1
 20090418 1200 27.18 2 1
 20090419 1200 27.21 2 1
 20090420 1200 27.31 2 1
 20090421 1200 27.28 2 1
 20090422 1200 27.14 2 1
 20090423 1200 26.74 2 1
 20090424 1200 26.90 2 1
 20090425 1200 27.55 2 1
 20090426 1200 27.39 2 1
 20090427 1200 26.93 2 1
 20090428 1200 28.08 2 1
 20090429 1200 27.84 2 1
 20090430 1200 27.79 2 1
 20090501 1200 -9.99 0 0
 20090502 1200 27.71 2 1
 20090503 1200 27.80 2 1
 20090504 1200 27.96 2 1
 20090505 1200 27.99 2 1
 20090506 1200 28.03 2 1
 20090507 1200 28.05 2 1
 20090508 1200 28.08 2 1
 20090509 1200 28.04 2 1
 20090510 1200 28.04 2 1
 20090511 1200 28.00 2 1
 20090512 1200 27.97 2 1
 20090513 1200 27.93 2 1
 20090514 1200 27.87 2 1
 20090515 1200 27.84 2 1
 20090516 1200 27.81 2 1
 20090517 1200 27.76 2 1
 20090518 1200 27.75 2 1
 20090519 1200 -9.99 0 0
 20090520 1200 27.57 2 1
 20090521 1200 27.63 2 1
 20090522 1200 27.60 2 1
 20090523 1200 27.56 2 1
 20090524 1200 -9.99 0 0
 20090525 1200 26.71 2 1
 20090526 1200 26.29 2 1
 20090527 1200 -9.99 0 0
 20090528 1200 25.77 2 1
 20090529 1200 25.62 2 1
 20090530 1200 25.48 2 1
 20090531 1200 25.45 2 1
 20090601 1200 26.49 2 1
 20090602 1200 27.42 2 1
 20090603 1200 27.31 2 1
 20090604 1200 27.25 2 1
 20090605 1200 27.25 2 1
 20090606 1200 27.37 2 1
 20090607 1200 27.67 2 1
 20090608 1200 27.87 2 1
 20090609 1200 27.82 2 1
 20090610 1200 27.81 2 1
 20090611 1200 27.91 2 1
 Time: 1200  1 Oct 2009 to 1200 13 Aug 2010 (index  3562 to  3878,  317 times)
 Depth (M):        1 QUALITY SOURCE
 YYYYMMDD HHMM   SST Q S
 20091001 1200 26.08 1 5
 20091002 1200 26.16 1 5
 20091003 1200 26.29 1 5
 20091004 1200 26.31 1 5
 20091005 1200 26.39 1 5
 20091006 1200 26.48 1 5
 20091007 1200 26.51 1 5
 20091008 1200 26.54 1 5
 20091009 1200 26.57 1 5
 20091010 1200 26.46 1 5
 20091011 1200 26.32 1 5
 20091012 1200 26.33 1 5
 20091013 1200 26.47 1 5
 20091014 1200 26.44 1 5
 20091015 1200 26.46 1 5
 20091016 1200 26.55 1 5
 20091017 1200 26.69 1 5
 20091018 1200 26.72 1 5
 20091019 1200 26.71 1 5
 20091020 1200 26.61 1 5
 20091021 1200 26.37 1 5
 20091022 1200 26.32 1 5
 20091023 1200 26.45 1 5
 20091024 1200 26.54 1 5
 20091025 1200 26.56 1 5
 20091026 1200 26.75 1 5
 20091027 1200 26.85 1 5
 20091028 1200 26.80 1 5
 20091029 1200 26.75 1 5
 20091030 1200 26.72 1 5
 20091031 1200 26.71 1 5
 20091101 1200 26.55 1 5
 20091102 1200 26.72 1 5
 20091103 1200 26.70 1 5
 20091104 1200 26.60 1 5
 20091105 1200 26.51 1 5
 20091106 1200 26.41 1 5
 20091107 1200 26.36 1 5
 20091108 1200 26.28 1 5
 20091109 1200 26.29 1 5
 20091110 1200 26.41 1 5
 20091111 1200 26.34 1 5
 20091112 1200 26.00 1 5
 20091113 1200 25.92 1 5
 20091114 1200 25.88 1 5
 20091115 1200 25.71 1 5
 20091116 1200 25.86 1 5
 20091117 1200 26.03 1 5
 20091118 1200 26.18 1 5
 20091119 1200 26.14 1 5
 20091120 1200 26.12 1 5
 20091121 1200 26.13 1 5
 20091122 1200 25.97 1 5
 20091123 1200 25.71 1 5
 20091124 1200 25.68 1 5
 20091125 1200 25.87 1 5
 20091126 1200 26.03 1 5
 20091127 1200 26.04 1 5
 20091128 1200 26.13 1 5
 20091129 1200 26.19 1 5
 20091130 1200 26.24 1 5
 20091201 1200 26.28 1 5
 20091202 1200 26.31 1 5
 20091203 1200 26.34 1 5
 20091204 1200 26.39 1 5
 20091205 1200 26.26 1 5
 20091206 1200 25.81 1 5
 20091207 1200 25.67 1 5
 20091208 1200 25.76 1 5
 20091209 1200 25.98 1 5
 20091210 1200 26.10 1 5
 20091211 1200 26.08 1 5
 20091212 1200 25.66 1 5
 20091213 1200 25.48 1 5
 20091214 1200 25.35 1 5
 20091215 1200 25.18 1 5
 20091216 1200 25.23 1 5
 20091217 1200 25.17 1 5
 20091218 1200 25.11 1 5
 20091219 1200 25.14 1 5
 20091220 1200 25.16 1 5
 20091221 1200 25.24 1 5
 20091222 1200 25.33 1 5
 20091223 1200 25.58 1 5
 20091224 1200 26.19 1 5
 20091225 1200 26.67 1 5
 20091226 1200 26.85 1 5
 20091227 1200 26.92 1 5
 20091228 1200 26.96 1 5
 20091229 1200 26.86 1 5
 20091230 1200 26.78 1 5
 20091231 1200 26.80 1 5
 20100101 1200 26.80 1 5
 20100102 1200 26.82 1 5
 20100103 1200 26.85 1 5
 20100104 1200 26.87 1 5
 20100105 1200 26.86 1 5
 20100106 1200 26.84 1 5
 20100107 1200 26.89 1 5
 20100108 1200 27.18 1 5
 20100109 1200 27.37 1 5
 20100110 1200 27.33 1 5
 20100111 1200 27.09 1 5
 20100112 1200 27.35 1 5
 20100113 1200 27.35 1 5
 20100114 1200 27.27 1 5
 20100115 1200 27.04 1 5
 20100116 1200 27.13 1 5
 20100117 1200 27.14 1 5
 20100118 1200 26.88 1 5
 20100119 1200 26.59 1 5
 20100120 1200 26.39 1 5
 20100121 1200 26.06 1 5
 20100122 1200 25.66 1 5
 20100123 1200 25.32 1 5
 20100124 1200 26.09 1 5
 20100125 1200 26.49 1 5
 20100126 1200 26.97 1 5
 20100127 1200 27.22 1 5
 20100128 1200 26.96 1 5
 20100129 1200 27.08 1 5
 20100130 1200 27.32 1 5
 20100131 1200 27.39 1 5
 20100201 1200 27.40 1 5
 20100202 1200 27.46 1 5
 20100203 1200 27.49 1 5
 20100204 1200 27.69 1 5
 20100205 1200 27.71 1 5
 20100206 1200 27.86 1 5
 20100207 1200 27.90 1 5
 20100208 1200 27.90 1 5
 20100209 1200 28.09 1 5
 20100210 1200 28.16 1 5
 20100211 1200 28.22 1 5
 20100212 1200 28.33 1 5
 20100213 1200 28.25 1 5
 20100214 1200 28.20 1 5
 20100215 1200 28.15 1 5
 20100216 1200 28.06 1 5
 20100217 1200 28.00 1 5
 20100218 1200 28.23 1 5
 20100219 1200 28.41 1 5
 20100220 1200 28.32 1 5
 20100221 1200 28.63 1 5
 20100222 1200 28.52 1 5
 20100223 1200 28.42 1 5
 20100224 1200 28.34 1 5
 20100225 1200 28.50 1 5
 20100226 1200 28.63 1 5
 20100227 1200 28.64 1 5
 20100228 1200 28.24 1 5
 20100301 1200 28.01 1 5
 20100302 1200 28.00 1 5
 20100303 1200 28.22 1 5
 20100304 1200 28.06 1 5
 20100305 1200 28.02 1 5
 20100306 1200 27.99 1 5
 20100307 1200 27.96 1 5
 20100308 1200 27.99 1 5
 20100309 1200 28.31 1 5
 20100310 1200 28.41 1 5
 20100311 1200 28.55 1 5
 20100312 1200 28.53 1 5
 20100313 1200 28.34 1 5
 20100314 1200 28.31 1 5
 20100315 1200 28.18 1 5
 20100316 1200 28.56 1 5
 20100317 1200 28.66 1 5
 20100318 1200 28.54 1 5
 20100319 1200 28.84 1 5
 20100320 1200 28.73 1 5
 20100321 1200 28.63 1 5
 20100322 1200 28.60 1 5
 20100323 1200 28.63 1 5
 20100324 1200 28.49 1 5
 20100325 1200 28.47 1 5
 20100326 1200 -9.99 0 0
 20100327 1200 28.82 2 1
 20100328 1200 28.88 2 1
 20100329 1200 28.78 2 1
 20100330 1200 29.00 2 1
 20100331 1200 29.59 2 1
 20100401 1200 29.55 2 1
 20100402 1200 29.22 2 1
 20100403 1200 28.72 2 1
 20100404 1200 28.44 2 1
 20100405 1200 28.64 2 1
 20100406 1200 28.45 2 1
 20100407 1200 28.46 2 1
 20100408 1200 29.12 2 1
 20100409 1200 29.34 2 1
 20100410 1200 29.10 2 1
 20100411 1200 29.00 2 1
 20100412 1200 28.56 2 1
 20100413 1200 27.80 2 1
 20100414 1200 27.50 2 1
 20100415 1200 27.38 2 1
 20100416 1200 27.41 2 1
 20100417 1200 27.80 2 1
 20100418 1200 28.17 2 1
 20100419 1200 28.36 2 1
 20100420 1200 28.29 2 1
 20100421 1200 28.19 2 1
 20100422 1200 28.39 2 1
 20100423 1200 28.08 2 1
 20100424 1200 27.80 2 1
 20100425 1200 27.75 2 1
 20100426 1200 28.51 2 1
 20100427 1200 29.02 2 1
 20100428 1200 28.92 2 1
 20100429 1200 28.92 2 1
 20100430 1200 28.93 2 1
 20100501 1200 28.72 2 1
 20100502 1200 28.66 2 1
 20100503 1200 28.63 2 1
 20100504 1200 28.58 2 1
 20100505 1200 28.90 2 1
 20100506 1200 28.85 2 1
 20100507 1200 28.79 2 1
 20100508 1200 28.86 2 1
 20100509 1200 28.78 2 1
 20100510 1200 28.72 2 1
 20100511 1200 28.16 2 1
 20100512 1200 27.19 2 1
 20100513 1200 26.95 2 1
 20100514 1200 27.93 2 1
 20100515 1200 27.98 2 1
 20100516 1200 27.85 2 1
 20100517 1200 27.41 2 1
 20100518 1200 25.44 2 1
 20100519 1200 26.40 2 1
 20100520 1200 26.02 2 1
 20100521 1200 25.61 2 1
 20100522 1200 25.16 2 1
 20100523 1200 24.26 2 1
 20100524 1200 24.76 2 1
 20100525 1200 24.85 2 1
 20100526 1200 25.40 2 1
 20100527 1200 26.13 2 1
 20100528 1200 26.63 2 1
 20100529 1200 26.67 2 1
 20100530 1200 26.77 2 1
 20100531 1200 27.45 2 1
 20100601 1200 27.78 2 1
 20100602 1200 27.62 2 1
 20100603 1200 27.59 2 1
 20100604 1200 27.54 2 1
 20100605 1200 27.39 2 1
 20100606 1200 27.44 2 1
 20100607 1200 27.63 2 1
 20100608 1200 27.73 2 1
 20100609 1200 27.74 2 1
 20100610 1200 27.61 2 1
 20100611 1200 27.31 2 1
 20100612 1200 26.85 2 1
 20100613 1200 25.74 2 1
 20100614 1200 25.90 2 1
 20100615 1200 26.72 2 1
 20100616 1200 27.21 2 1
 20100617 1200 27.19 2 1
 20100618 1200 27.15 2 1
 20100619 1200 25.95 2 1
 20100620 1200 25.38 2 1
 20100621 1200 23.81 2 1
 20100622 1200 23.41 2 1
 20100623 1200 23.37 2 1
 20100624 1200 24.28 2 1
 20100625 1200 25.52 2 1
 20100626 1200 26.60 2 1
 20100627 1200 26.86 2 1
 20100628 1200 26.87 2 1
 20100629 1200 26.93 2 1
 20100630 1200 26.97 2 1
 20100701 1200 27.01 2 1
 20100702 1200 26.87 2 1
 20100703 1200 26.67 2 1
 20100704 1200 26.29 2 1
 20100705 1200 26.20 2 1
 20100706 1200 26.47 2 1
 20100707 1200 26.11 2 1
 20100708 1200 24.85 2 1
 20100709 1200 24.09 2 1
 20100710 1200 24.91 2 1
 20100711 1200 25.92 2 1
 20100712 1200 26.29 2 1
 20100713 1200 26.44 2 1
 20100714 1200 26.43 2 1
 20100715 1200 26.46 2 1
 20100716 1200 26.49 2 1
 20100717 1200 26.25 2 1
 20100718 1200 25.66 2 1
 20100719 1200 25.21 2 1
 20100720 1200 24.77 2 1
 20100721 1200 24.84 2 1
 20100722 1200 25.29 2 1
 20100723 1200 25.64 2 1
 20100724 1200 24.55 2 1
 20100725 1200 22.97 2 1
 20100726 1200 22.23 2 1
 20100727 1200 21.98 2 1
 20100728 1200 22.48 2 1
 20100729 1200 25.35 2 1
 20100730 1200 25.94 2 1
 20100731 1200 26.11 2 1
 20100801 1200 26.05 2 1
 20100802 1200 25.98 2 1
 20100803 1200 25.78 2 1
 20100804 1200 25.28 2 1
 20100805 1200 24.64 2 1
 20100806 1200 24.27 2 1
 20100807 1200 24.77 2 1
 20100808 1200 25.23 2 1
 20100809 1200 25.72 2 1
 20100810 1200 25.90 2 1
 20100811 1200 25.82 2 1
 20100812 1200 25.77 2 1
 20100813 1200 25.60 2 1
 Time: 1200 13 May 2011 to 1200  8 Mar 2012 (index  4151 to  4451,  301 times)
 Depth (M):        1 QUALITY SOURCE
 YYYYMMDD HHMM   SST Q S
 20110513 1200 27.68 1 5
 20110514 1200 27.52 1 5
 20110515 1200 27.14 1 5
 20110516 1200 26.61 1 5
 20110517 1200 26.19 1 5
 20110518 1200 26.02 1 5
 20110519 1200 26.00 1 5
 20110520 1200 25.96 1 5
 20110521 1200 27.19 1 5
 20110522 1200 27.81 1 5
 20110523 1200 27.57 1 5
 20110524 1200 27.08 1 5
 20110525 1200 26.67 1 5
 20110526 1200 26.98 1 5
 20110527 1200 27.92 1 5
 20110528 1200 27.97 1 5
 20110529 1200 27.89 1 5
 20110530 1200 27.88 1 5
 20110531 1200 27.89 1 5
 20110601 1200 27.83 1 5
 20110602 1200 27.70 1 5
 20110603 1200 27.68 1 5
 20110604 1200 27.51 1 5
 20110605 1200 27.36 1 5
 20110606 1200 27.40 1 5
 20110607 1200 27.56 1 5
 20110608 1200 27.67 1 5
 20110609 1200 27.74 1 5
 20110610 1200 27.69 1 5
 20110611 1200 27.45 1 5
 20110612 1200 27.10 1 5
 20110613 1200 26.44 1 5
 20110614 1200 26.20 1 5
 20110615 1200 26.35 1 5
 20110616 1200 26.43 1 5
 20110617 1200 26.57 1 5
 20110618 1200 26.77 1 5
 20110619 1200 26.51 1 5
 20110620 1200 26.14 1 5
 20110621 1200 25.87 1 5
 20110622 1200 25.82 1 5
 20110623 1200 25.88 1 5
 20110624 1200 26.01 1 5
 20110625 1200 26.51 1 5
 20110626 1200 26.77 1 5
 20110627 1200 27.02 1 5
 20110628 1200 27.27 1 5
 20110629 1200 27.12 1 5
 20110630 1200 26.87 1 5
 20110701 1200 26.74 1 5
 20110702 1200 26.73 1 5
 20110703 1200 26.86 1 5
 20110704 1200 26.87 1 5
 20110705 1200 26.80 1 5
 20110706 1200 26.72 1 5
 20110707 1200 26.51 1 5
 20110708 1200 26.49 1 5
 20110709 1200 26.52 1 5
 20110710 1200 26.60 1 5
 20110711 1200 26.21 1 5
 20110712 1200 25.93 1 5
 20110713 1200 25.91 1 5
 20110714 1200 25.83 1 5
 20110715 1200 25.87 1 5
 20110716 1200 26.06 1 5
 20110717 1200 26.32 1 5
 20110718 1200 26.26 1 5
 20110719 1200 26.51 1 5
 20110720 1200 26.71 1 5
 20110721 1200 26.72 1 5
 20110722 1200 26.70 1 5
 20110723 1200 26.44 1 5
 20110724 1200 26.21 1 5
 20110725 1200 25.77 1 5
 20110726 1200 25.97 1 5
 20110727 1200 26.19 1 5
 20110728 1200 26.22 1 5
 20110729 1200 26.46 1 5
 20110730 1200 26.51 1 5
 20110731 1200 26.57 1 5
 20110801 1200 26.58 1 5
 20110802 1200 26.62 1 5
 20110803 1200 26.67 1 5
 20110804 1200 26.69 1 5
 20110805 1200 26.63 1 5
 20110806 1200 26.43 1 5
 20110807 1200 25.84 1 5
 20110808 1200 25.64 1 5
 20110809 1200 25.64 1 5
 20110810 1200 26.16 1 5
 20110811 1200 26.47 1 5
 20110812 1200 26.51 1 5
 20110813 1200 26.49 1 5
 20110814 1200 26.46 1 5
 20110815 1200 26.37 1 5
 20110816 1200 26.08 1 5
 20110817 1200 25.89 1 5
 20110818 1200 25.82 1 5
 20110819 1200 25.76 1 5
 20110820 1200 25.81 1 5
 20110821 1200 25.92 1 5
 20110822 1200 26.03 1 5
 20110823 1200 26.07 1 5
 20110824 1200 26.00 1 5
 20110825 1200 25.97 1 5
 20110826 1200 25.96 1 5
 20110827 1200 26.03 1 5
 20110828 1200 26.09 1 5
 20110829 1200 26.11 1 5
 20110830 1200 26.11 1 5
 20110831 1200 25.95 1 5
 20110901 1200 25.59 1 5
 20110902 1200 25.37 1 5
 20110903 1200 25.51 1 5
 20110904 1200 25.37 1 5
 20110905 1200 24.75 1 5
 20110906 1200 24.84 1 5
 20110907 1200 25.77 1 5
 20110908 1200 26.02 1 5
 20110909 1200 26.09 1 5
 20110910 1200 26.13 1 5
 20110911 1200 26.08 1 5
 20110912 1200 25.98 1 5
 20110913 1200 25.91 1 5
 20110914 1200 25.85 1 5
 20110915 1200 25.86 1 5
 20110916 1200 25.95 1 5
 20110917 1200 26.10 1 5
 20110918 1200 26.10 1 5
 20110919 1200 25.99 1 5
 20110920 1200 25.81 1 5
 20110921 1200 25.48 1 5
 20110922 1200 25.41 1 5
 20110923 1200 25.65 1 5
 20110924 1200 26.02 1 5
 20110925 1200 26.14 1 5
 20110926 1200 26.11 1 5
 20110927 1200 26.01 1 5
 20110928 1200 26.06 1 5
 20110929 1200 26.16 1 5
 20110930 1200 26.07 1 5
 20111001 1200 25.88 1 5
 20111002 1200 25.71 1 5
 20111003 1200 25.71 1 5
 20111004 1200 25.79 1 5
 20111005 1200 25.97 1 5
 20111006 1200 25.99 1 5
 20111007 1200 25.94 1 5
 20111008 1200 25.84 1 5
 20111009 1200 25.69 1 5
 20111010 1200 25.38 1 5
 20111011 1200 25.03 1 5
 20111012 1200 24.71 1 5
 20111013 1200 24.69 1 5
 20111014 1200 24.87 1 5
 20111015 1200 25.06 1 5
 20111016 1200 25.26 1 5
 20111017 1200 25.52 1 5
 20111018 1200 25.59 1 5
 20111019 1200 25.71 1 5
 20111020 1200 25.99 1 5
 20111021 1200 26.09 1 5
 20111022 1200 25.94 1 5
 20111023 1200 25.74 1 5
 20111024 1200 25.76 1 5
 20111025 1200 25.79 1 5
 20111026 1200 25.74 1 5
 20111027 1200 25.46 1 5
 20111028 1200 25.09 1 5
 20111029 1200 24.97 1 5
 20111030 1200 24.70 1 5
 20111031 1200 24.82 1 5
 20111101 1200 25.07 1 5
 20111102 1200 25.29 1 5
 20111103 1200 25.18 1 5
 20111104 1200 25.19 1 5
 20111105 1200 25.29 1 5
 20111106 1200 25.40 1 5
 20111107 1200 25.49 1 5
 20111108 1200 25.57 1 5
 20111109 1200 25.49 1 5
 20111110 1200 25.27 1 5
 20111111 1200 25.05 1 5
 20111112 1200 25.17 1 5
 20111113 1200 25.29 1 5
 20111114 1200 25.02 1 5
 20111115 1200 24.50 1 5
 20111116 1200 24.84 1 5
 20111117 1200 25.10 1 5
 20111118 1200 25.39 1 5
 20111119 1200 25.44 1 5
 20111120 1200 25.47 1 5
 20111121 1200 25.44 1 5
 20111122 1200 25.36 1 5
 20111123 1200 25.33 1 5
 20111124 1200 25.36 1 5
 20111125 1200 25.36 1 5
 20111126 1200 25.36 1 5
 20111127 1200 25.34 1 5
 20111128 1200 25.20 1 5
 20111129 1200 25.19 1 5
 20111130 1200 25.17 1 5
 20111201 1200 25.27 1 5
 20111202 1200 25.35 1 5
 20111203 1200 25.39 1 5
 20111204 1200 25.28 1 5
 20111205 1200 25.17 1 5
 20111206 1200 24.93 1 5
 20111207 1200 24.87 1 5
 20111208 1200 24.52 1 5
 20111209 1200 24.74 1 5
 20111210 1200 25.07 1 5
 20111211 1200 25.17 1 5
 20111212 1200 25.42 1 5
 20111213 1200 25.62 1 5
 20111214 1200 25.70 1 5
 20111215 1200 25.62 1 5
 20111216 1200 25.32 1 5
 20111217 1200 25.19 1 5
 20111218 1200 25.13 1 5
 20111219 1200 24.96 1 5
 20111220 1200 25.27 1 5
 20111221 1200 25.30 1 5
 20111222 1200 24.97 1 5
 20111223 1200 24.85 1 5
 20111224 1200 25.28 1 5
 20111225 1200 25.48 1 5
 20111226 1200 25.54 1 5
 20111227 1200 25.49 1 5
 20111228 1200 25.61 1 5
 20111229 1200 25.73 1 5
 20111230 1200 25.69 1 5
 20111231 1200 25.69 1 5
 20120101 1200 25.75 1 5
 20120102 1200 25.77 1 5
 20120103 1200 25.78 1 5
 20120104 1200 25.88 1 5
 20120105 1200 26.01 1 5
 20120106 1200 26.00 1 5
 20120107 1200 26.02 1 5
 20120108 1200 26.04 1 5
 20120109 1200 26.05 1 5
 20120110 1200 26.10 1 5
 20120111 1200 26.11 1 5
 20120112 1200 26.14 1 5
 20120113 1200 26.23 1 5
 20120114 1200 26.32 1 5
 20120115 1200 26.33 1 5
 20120116 1200 26.41 1 5
 20120117 1200 26.46 1 5
 20120118 1200 26.27 1 5
 20120119 1200 26.32 1 5
 20120120 1200 26.57 1 5
 20120121 1200 26.57 1 5
 20120122 1200 26.44 1 5
 20120123 1200 26.50 1 5
 20120124 1200 26.56 1 5
 20120125 1200 26.47 1 5
 20120126 1200 26.64 1 5
 20120127 1200 26.68 1 5
 20120128 1200 26.70 1 5
 20120129 1200 26.83 1 5
 20120130 1200 26.66 1 5
 20120131 1200 26.61 1 5
 20120201 1200 26.68 1 5
 20120202 1200 26.86 1 5
 20120203 1200 27.04 1 5
 20120204 1200 26.98 1 5
 20120205 1200 27.02 1 5
 20120206 1200 27.16 1 5
 20120207 1200 27.06 1 5
 20120208 1200 26.98 1 5
 20120209 1200 27.00 1 5
 20120210 1200 27.11 1 5
 20120211 1200 27.01 1 5
 20120212 1200 26.97 1 5
 20120213 1200 27.02 1 5
 20120214 1200 27.07 1 5
 20120215 1200 27.67 1 5
 20120216 1200 27.44 1 5
 20120217 1200 27.07 1 5
 20120218 1200 26.71 1 5
 20120219 1200 26.94 1 5
 20120220 1200 27.59 1 5
 20120221 1200 27.93 1 5
 20120222 1200 27.63 1 5
 20120223 1200 -9.99 0 0
 20120224 1200 28.08 2 1
 20120225 1200 28.28 2 1
 20120226 1200 28.35 2 1
 20120227 1200 28.32 2 1
 20120228 1200 28.28 2 1
 20120229 1200 28.24 2 1
 20120301 1200 28.37 2 1
 20120302 1200 28.42 2 1
 20120303 1200 28.14 2 1
 20120304 1200 27.83 2 1
 20120305 1200 28.03 2 1
 20120306 1200 28.48 2 1
 20120307 1200 28.45 2 1
 20120308 1200 28.20 2 1
 Time: 1200  5 Apr 2013 to 1200 10 Jul 2013 (index  4844 to  4940,   97 times)
 Depth (M):        1 QUALITY SOURCE
 YYYYMMDD HHMM   SST Q S
 20130405 1200 27.42 1 5
 20130406 1200 27.61 1 5
 20130407 1200 27.78 1 5
 20130408 1200 27.75 1 5
 20130409 1200 27.99 1 5
 20130410 1200 28.07 1 5
 20130411 1200 28.11 1 5
 20130412 1200 28.31 1 5
 20130413 1200 28.30 1 5
 20130414 1200 28.18 1 5
 20130415 1200 28.27 1 5
 20130416 1200 28.48 1 5
 20130417 1200 28.16 1 5
 20130418 1200 27.91 1 5
 20130419 1200 27.32 1 5
 20130420 1200 27.71 1 5
 20130421 1200 28.11 1 5
 20130422 1200 27.96 1 5
 20130423 1200 28.65 1 5
 20130424 1200 28.61 1 5
 20130425 1200 28.18 1 5
 20130426 1200 27.29 1 5
 20130427 1200 26.94 1 5
 20130428 1200 26.55 1 5
 20130429 1200 26.06 1 5
 20130430 1200 25.81 1 5
 20130501 1200 25.95 1 5
 20130502 1200 26.27 1 5
 20130503 1200 26.79 1 5
 20130504 1200 27.06 1 5
 20130505 1200 27.09 1 5
 20130506 1200 27.07 1 5
 20130507 1200 27.01 1 5
 20130508 1200 27.46 1 5
 20130509 1200 28.07 1 5
 20130510 1200 28.20 1 5
 20130511 1200 28.18 1 5
 20130512 1200 28.03 1 5
 20130513 1200 27.98 1 5
 20130514 1200 27.94 1 5
 20130515 1200 28.02 1 5
 20130516 1200 28.01 1 5
 20130517 1200 27.94 1 5
 20130518 1200 27.84 1 5
 20130519 1200 27.79 1 5
 20130520 1200 27.62 1 5
 20130521 1200 27.45 1 5
 20130522 1200 26.95 1 5
 20130523 1200 26.16 1 5
 20130524 1200 26.33 1 5
 20130525 1200 26.51 1 5
 20130526 1200 26.52 1 5
 20130527 1200 26.39 1 5
 20130528 1200 26.42 1 5
 20130529 1200 26.09 1 5
 20130530 1200 24.31 1 5
 20130531 1200 24.29 1 5
 20130601 1200 24.34 1 5
 20130602 1200 23.94 1 5
 20130603 1200 23.42 1 5
 20130604 1200 22.58 1 5
 20130605 1200 22.37 1 5
 20130606 1200 22.92 1 5
 20130607 1200 23.05 1 5
 20130608 1200 23.11 1 5
 20130609 1200 23.18 1 5
 20130610 1200 24.11 1 5
 20130611 1200 25.48 1 5
 20130612 1200 25.90 1 5
 20130613 1200 26.01 1 5
 20130614 1200 26.48 1 5
 20130615 1200 26.57 1 5
 20130616 1200 26.64 1 5
 20130617 1200 26.71 1 5
 20130618 1200 26.46 1 5
 20130619 1200 26.22 1 5
 20130620 1200 26.38 1 5
 20130621 1200 26.35 1 5
 20130622 1200 26.19 1 5
 20130623 1200 26.05 1 5
 20130624 1200 26.01 1 5
 20130625 1200 25.94 1 5
 20130626 1200 25.81 1 5
 20130627 1200 25.53 1 5
 20130628 1200 25.47 1 5
 20130629 1200 25.51 1 5
 20130630 1200 25.54 1 5
 20130701 1200 25.39 1 5
 20130702 1200 25.44 1 5
 20130703 1200 25.48 1 5
 20130704 1200 25.19 1 5
 20130705 1200 24.44 1 5
 20130706 1200 23.34 1 5
 20130707 1200 22.28 1 5
 20130708 1200 22.30 1 5
 20130709 1200 22.84 1 5
 20130710 1200 22.65 1 5
 Time: 1200 17 Jun 2014 to 1200 16 Jun 2015 (index  5282 to  5646,  365 times)
 Depth (M):        1 QUALITY SOURCE
 YYYYMMDD HHMM   SST Q S
 20140617 1200 27.90 1 5
 20140618 1200 27.96 1 5
 20140619 1200 28.06 1 5
 20140620 1200 27.89 1 5
 20140621 1200 27.87 1 5
 20140622 1200 27.38 1 5
 20140623 1200 27.19 1 5
 20140624 1200 27.21 1 5
 20140625 1200 26.82 1 5
 20140626 1200 26.35 1 5
 20140627 1200 26.39 1 5
 20140628 1200 26.59 1 5
 20140629 1200 26.70 1 5
 20140630 1200 26.83 1 5
 20140701 1200 26.95 1 5
 20140702 1200 27.03 1 5
 20140703 1200 27.11 1 5
 20140704 1200 27.16 1 5
 20140705 1200 27.22 1 5
 20140706 1200 27.12 1 5
 20140707 1200 26.93 1 5
 20140708 1200 26.73 1 5
 20140709 1200 26.70 1 5
 20140710 1200 26.87 1 5
 20140711 1200 27.09 1 5
 20140712 1200 27.45 1 5
 20140713 1200 27.51 1 5
 20140714 1200 27.48 1 5
 20140715 1200 27.47 1 5
 20140716 1200 27.28 1 5
 20140717 1200 26.47 1 5
 20140718 1200 25.43 1 5
 20140719 1200 25.71 1 5
 20140720 1200 26.00 1 5
 20140721 1200 26.21 1 5
 20140722 1200 26.24 1 5
 20140723 1200 26.37 1 5
 20140724 1200 26.53 1 5
 20140725 1200 26.72 1 5
 20140726 1200 26.73 1 5
 20140727 1200 26.71 1 5
 20140728 1200 26.61 1 5
 20140729 1200 26.44 1 5
 20140730 1200 26.17 1 5
 20140731 1200 25.76 1 5
 20140801 1200 26.29 1 5
 20140802 1200 26.62 1 5
 20140803 1200 26.88 1 5
 20140804 1200 26.79 1 5
 20140805 1200 26.52 1 5
 20140806 1200 26.54 1 5
 20140807 1200 25.82 1 5
 20140808 1200 24.90 1 5
 20140809 1200 25.34 1 5
 20140810 1200 25.57 1 5
 20140811 1200 26.26 1 5
 20140812 1200 26.90 1 5
 20140813 1200 26.95 1 5
 20140814 1200 26.96 1 5
 20140815 1200 26.71 1 5
 20140816 1200 26.22 1 5
 20140817 1200 26.22 1 5
 20140818 1200 26.29 1 5
 20140819 1200 26.36 1 5
 20140820 1200 26.35 1 5
 20140821 1200 26.43 1 5
 20140822 1200 26.34 1 5
 20140823 1200 26.18 1 5
 20140824 1200 25.81 1 5
 20140825 1200 25.33 1 5
 20140826 1200 25.21 1 5
 20140827 1200 25.65 1 5
 20140828 1200 26.15 1 5
 20140829 1200 26.57 1 5
 20140830 1200 26.66 1 5
 20140831 1200 26.56 1 5
 20140901 1200 26.35 1 5
 20140902 1200 25.73 1 5
 20140903 1200 26.05 1 5
 20140904 1200 26.57 1 5
 20140905 1200 26.65 1 5
 20140906 1200 26.63 1 5
 20140907 1200 26.58 1 5
 20140908 1200 26.54 1 5
 20140909 1200 26.41 1 5
 20140910 1200 26.27 1 5
 20140911 1200 26.35 1 5
 20140912 1200 26.45 1 5
 20140913 1200 26.43 1 5
 20140914 1200 26.38 1 5
 20140915 1200 26.32 1 5
 20140916 1200 26.17 1 5
 20140917 1200 26.07 1 5
 20140918 1200 26.09 1 5
 20140919 1200 25.98 1 5
 20140920 1200 25.22 1 5
 20140921 1200 24.72 1 5
 20140922 1200 24.80 1 5
 20140923 1200 25.43 1 5
 20140924 1200 25.59 1 5
 20140925 1200 26.16 1 5
 20140926 1200 26.39 1 5
 20140927 1200 26.31 1 5
 20140928 1200 26.18 1 5
 20140929 1200 26.17 1 5
 20140930 1200 26.30 1 5
 20141001 1200 26.49 1 5
 20141002 1200 26.58 1 5
 20141003 1200 26.61 1 5
 20141004 1200 26.70 1 5
 20141005 1200 26.61 1 5
 20141006 1200 26.43 1 5
 20141007 1200 26.10 1 5
 20141008 1200 25.91 1 5
 20141009 1200 25.72 1 5
 20141010 1200 25.59 1 5
 20141011 1200 25.87 1 5
 20141012 1200 25.80 1 5
 20141013 1200 25.52 1 5
 20141014 1200 25.23 1 5
 20141015 1200 25.05 1 5
 20141016 1200 25.09 1 5
 20141017 1200 25.31 1 5
 20141018 1200 25.60 1 5
 20141019 1200 25.90 1 5
 20141020 1200 25.97 1 5
 20141021 1200 26.01 1 5
 20141022 1200 26.04 1 5
 20141023 1200 26.08 1 5
 20141024 1200 26.16 1 5
 20141025 1200 26.18 1 5
 20141026 1200 26.18 1 5
 20141027 1200 26.08 1 5
 20141028 1200 25.98 1 5
 20141029 1200 25.85 1 5
 20141030 1200 25.82 1 5
 20141031 1200 25.86 1 5
 20141101 1200 25.90 1 5
 20141102 1200 25.91 1 5
 20141103 1200 25.95 1 5
 20141104 1200 25.96 1 5
 20141105 1200 26.01 1 5
 20141106 1200 26.05 1 5
 20141107 1200 26.04 1 5
 20141108 1200 26.08 1 5
 20141109 1200 26.08 1 5
 20141110 1200 26.13 1 5
 20141111 1200 26.15 1 5
 20141112 1200 26.16 1 5
 20141113 1200 26.17 1 5
 20141114 1200 26.19 1 5
 20141115 1200 26.22 1 5
 20141116 1200 26.14 1 5
 20141117 1200 25.98 1 5
 20141118 1200 25.68 1 5
 20141119 1200 25.16 1 5
 20141120 1200 24.79 1 5
 20141121 1200 24.66 1 5
 20141122 1200 24.92 1 5
 20141123 1200 25.48 1 5
 20141124 1200 25.37 1 5
 20141125 1200 25.27 1 5
 20141126 1200 25.39 1 5
 20141127 1200 25.28 1 5
 20141128 1200 25.12 1 5
 20141129 1200 25.19 1 5
 20141130 1200 25.24 1 5
 20141201 1200 25.23 1 5
 20141202 1200 25.28 1 5
 20141203 1200 25.42 1 5
 20141204 1200 25.53 1 5
 20141205 1200 25.63 1 5
 20141206 1200 25.77 1 5
 20141207 1200 25.88 1 5
 20141208 1200 25.89 1 5
 20141209 1200 25.88 1 5
 20141210 1200 25.91 1 5
 20141211 1200 25.87 1 5
 20141212 1200 25.87 1 5
 20141213 1200 25.93 1 5
 20141214 1200 26.01 1 5
 20141215 1200 26.08 1 5
 20141216 1200 26.14 1 5
 20141217 1200 26.03 1 5
 20141218 1200 25.91 1 5
 20141219 1200 25.82 1 5
 20141220 1200 25.85 1 5
 20141221 1200 25.80 1 5
 20141222 1200 25.92 1 5
 20141223 1200 25.96 1 5
 20141224 1200 25.98 1 5
 20141225 1200 26.08 1 5
 20141226 1200 26.04 1 5
 20141227 1200 26.05 1 5
 20141228 1200 26.19 1 5
 20141229 1200 26.23 1 5
 20141230 1200 26.19 1 5
 20141231 1200 26.31 1 5
 20150101 1200 26.53 1 5
 20150102 1200 26.36 1 5
 20150103 1200 26.02 1 5
 20150104 1200 25.93 1 5
 20150105 1200 26.13 1 5
 20150106 1200 26.42 1 5
 20150107 1200 26.38 1 5
 20150108 1200 26.21 1 5
 20150109 1200 26.30 1 5
 20150110 1200 26.59 1 5
 20150111 1200 26.75 1 5
 20150112 1200 26.75 1 5
 20150113 1200 26.62 1 5
 20150114 1200 26.49 1 5
 20150115 1200 26.62 1 5
 20150116 1200 26.85 1 5
 20150117 1200 26.88 1 5
 20150118 1200 26.57 1 5
 20150119 1200 26.65 1 5
 20150120 1200 26.50 1 5
 20150121 1200 26.19 1 5
 20150122 1200 26.50 1 5
 20150123 1200 26.68 1 5
 20150124 1200 27.00 1 5
 20150125 1200 27.15 1 5
 20150126 1200 26.80 1 5
 20150127 1200 26.26 1 5
 20150128 1200 26.74 1 5
 20150129 1200 27.08 1 5
 20150130 1200 27.20 1 5
 20150131 1200 27.31 1 5
 20150201 1200 27.41 1 5
 20150202 1200 26.85 1 5
 20150203 1200 25.67 1 5
 20150204 1200 25.65 1 5
 20150205 1200 25.44 1 5
 20150206 1200 25.58 1 5
 20150207 1200 25.79 1 5
 20150208 1200 26.42 1 5
 20150209 1200 26.56 1 5
 20150210 1200 26.55 1 5
 20150211 1200 26.63 1 5
 20150212 1200 26.66 1 5
 20150213 1200 26.68 1 5
 20150214 1200 26.98 2 1
 20150215 1200 27.25 1 5
 20150216 1200 27.74 1 5
 20150217 1200 27.81 1 5
 20150218 1200 27.91 2 1
 20150219 1200 27.42 1 5
 20150220 1200 27.79 2 1
 20150221 1200 28.06 1 5
 20150222 1200 28.12 1 5
 20150223 1200 27.96 1 5
 20150224 1200 27.98 1 5
 20150225 1200 27.66 1 5
 20150226 1200 27.99 1 5
 20150227 1200 27.94 1 5
 20150228 1200 28.28 1 5
 20150301 1200 28.21 1 5
 20150302 1200 28.61 1 5
 20150303 1200 28.66 1 5
 20150304 1200 28.59 2 1
 20150305 1200 28.37 2 1
 20150306 1200 28.18 1 5
 20150307 1200 28.27 1 5
 20150308 1200 27.10 1 5
 20150309 1200 27.01 1 5
 20150310 1200 26.58 1 5
 20150311 1200 26.22 1 5
 20150312 1200 26.39 1 5
 20150313 1200 26.12 1 5
 20150314 1200 25.91 1 5
 20150315 1200 26.33 1 5
 20150316 1200 27.16 1 5
 20150317 1200 27.37 1 5
 20150318 1200 27.71 1 5
 20150319 1200 27.91 1 5
 20150320 1200 28.13 1 5
 20150321 1200 28.54 1 5
 20150322 1200 28.52 2 1
 20150323 1200 28.56 2 1
 20150324 1200 28.51 1 5
 20150325 1200 28.53 1 5
 20150326 1200 28.72 1 5
 20150327 1200 28.89 1 5
 20150328 1200 28.89 1 5
 20150329 1200 29.08 2 1
 20150330 1200 29.30 2 1
 20150331 1200 29.33 2 1
 20150401 1200 29.68 1 5
 20150402 1200 29.09 1 5
 20150403 1200 29.18 1 5
 20150404 1200 29.12 1 5
 20150405 1200 28.92 1 5
 20150406 1200 28.58 1 5
 20150407 1200 28.23 1 5
 20150408 1200 28.28 2 1
 20150409 1200 28.43 1 5
 20150410 1200 28.47 1 5
 20150411 1200 28.28 1 5
 20150412 1200 28.32 1 5
 20150413 1200 28.71 1 5
 20150414 1200 29.03 1 5
 20150415 1200 28.80 1 5
 20150416 1200 28.55 1 5
 20150417 1200 28.84 1 5
 20150418 1200 29.14 1 5
 20150419 1200 29.28 1 5
 20150420 1200 28.96 1 5
 20150421 1200 28.69 1 5
 20150422 1200 29.01 1 5
 20150423 1200 28.89 1 5
 20150424 1200 28.46 1 5
 20150425 1200 28.70 1 5
 20150426 1200 28.61 1 5
 20150427 1200 28.65 1 5
 20150428 1200 28.84 1 5
 20150429 1200 28.72 1 5
 20150430 1200 28.72 1 5
 20150501 1200 28.93 1 5
 20150502 1200 29.21 1 5
 20150503 1200 29.08 1 5
 20150504 1200 28.83 1 5
 20150505 1200 28.93 1 5
 20150506 1200 28.94 1 5
 20150507 1200 29.07 1 5
 20150508 1200 29.27 1 5
 20150509 1200 29.24 1 5
 20150510 1200 29.15 1 5
 20150511 1200 28.97 1 5
 20150512 1200 28.91 1 5
 20150513 1200 28.67 1 5
 20150514 1200 28.50 1 5
 20150515 1200 28.37 1 5
 20150516 1200 28.51 1 5
 20150517 1200 28.69 1 5
 20150518 1200 28.82 1 5
 20150519 1200 28.73 1 5
 20150520 1200 28.72 1 5
 20150521 1200 28.69 1 5
 20150522 1200 28.48 1 5
 20150523 1200 28.45 1 5
 20150524 1200 28.26 1 5
 20150525 1200 27.96 1 5
 20150526 1200 27.76 1 5
 20150527 1200 27.74 1 5
 20150528 1200 27.85 1 5
 20150529 1200 28.07 1 5
 20150530 1200 28.45 1 5
 20150531 1200 28.43 1 5
 20150601 1200 28.25 1 5
 20150602 1200 28.00 1 5
 20150603 1200 27.68 1 5
 20150604 1200 27.64 1 5
 20150605 1200 28.17 1 5
 20150606 1200 28.45 1 5
 20150607 1200 28.47 1 5
 20150608 1200 28.62 1 5
 20150609 1200 28.72 1 5
 20150610 1200 28.61 1 5
 20150611 1200 28.62 1 5
 20150612 1200 28.78 1 5
 20150613 1200 28.85 1 5
 20150614 1200 28.79 1 5
 20150615 1200 28.68 1 5
 20150616 1200 28.72 1 5
 Time: 1200 12 Mar 2016 to 1200 10 Sep 2016 (index  5916 to  6098,  183 times)
 Depth (M):        1 QUALITY SOURCE
 YYYYMMDD HHMM   SST Q S
 20160312 1200 27.93 1 5
 20160313 1200 27.56 1 5
 20160314 1200 27.77 1 5
 20160315 1200 27.88 1 5
 20160316 1200 27.52 1 5
 20160317 1200 27.47 1 5
 20160318 1200 27.52 1 5
 20160319 1200 27.65 1 5
 20160320 1200 28.15 1 5
 20160321 1200 29.28 1 5
 20160322 1200 29.28 1 5
 20160323 1200 29.74 1 5
 20160324 1200 29.69 1 5
 20160325 1200 29.94 1 5
 20160326 1200 29.92 1 5
 20160327 1200 30.01 1 5
 20160328 1200 30.04 1 5
 20160329 1200 30.58 1 5
 20160330 1200 30.28 1 5
 20160331 1200 30.24 1 5
 20160401 1200 30.02 1 5
 20160402 1200 30.06 1 5
 20160403 1200 29.97 1 5
 20160404 1200 29.88 1 5
 20160405 1200 29.41 1 5
 20160406 1200 29.17 1 5
 20160407 1200 28.47 1 5
 20160408 1200 27.80 1 5
 20160409 1200 27.15 1 5
 20160410 1200 26.95 1 5
 20160411 1200 26.82 1 5
 20160412 1200 26.68 1 5
 20160413 1200 26.80 1 5
 20160414 1200 26.00 1 5
 20160415 1200 27.19 1 5
 20160416 1200 27.80 1 5
 20160417 1200 28.05 1 5
 20160418 1200 27.05 1 5
 20160419 1200 27.70 1 5
 20160420 1200 27.66 1 5
 20160421 1200 27.48 1 5
 20160422 1200 27.73 1 5
 20160423 1200 27.85 1 5
 20160424 1200 27.90 1 5
 20160425 1200 28.52 1 5
 20160426 1200 28.96 1 5
 20160427 1200 29.03 1 5
 20160428 1200 28.93 1 5
 20160429 1200 28.87 1 5
 20160430 1200 28.59 1 5
 20160501 1200 28.27 1 5
 20160502 1200 27.40 1 5
 20160503 1200 25.39 1 5
 20160504 1200 24.47 1 5
 20160505 1200 24.62 1 5
 20160506 1200 26.02 1 5
 20160507 1200 28.40 1 5
 20160508 1200 28.43 1 5
 20160509 1200 28.26 1 5
 20160510 1200 28.21 1 5
 20160511 1200 27.82 1 5
 20160512 1200 27.58 1 5
 20160513 1200 28.09 1 5
 20160514 1200 28.89 1 5
 20160515 1200 28.75 1 5
 20160516 1200 28.52 1 5
 20160517 1200 27.90 1 5
 20160518 1200 28.42 1 5
 20160519 1200 28.50 1 5
 20160520 1200 28.67 1 5
 20160521 1200 28.63 1 5
 20160522 1200 28.58 1 5
 20160523 1200 28.52 1 5
 20160524 1200 28.49 1 5
 20160525 1200 28.42 1 5
 20160526 1200 28.40 1 5
 20160527 1200 28.33 1 5
 20160528 1200 28.18 1 5
 20160529 1200 28.13 1 5
 20160530 1200 28.06 1 5
 20160531 1200 27.93 1 5
 20160601 1200 27.87 1 5
 20160602 1200 27.69 1 5
 20160603 1200 27.53 1 5
 20160604 1200 27.30 1 5
 20160605 1200 27.36 1 5
 20160606 1200 27.24 1 5
 20160607 1200 27.02 1 5
 20160608 1200 26.41 1 5
 20160609 1200 25.11 1 5
 20160610 1200 24.21 1 5
 20160611 1200 24.23 1 5
 20160612 1200 24.01 1 5
 20160613 1200 23.90 1 5
 20160614 1200 23.82 1 5
 20160615 1200 25.23 1 5
 20160616 1200 25.95 1 5
 20160617 1200 25.98 1 5
 20160618 1200 25.72 1 5
 20160619 1200 26.12 1 5
 20160620 1200 26.43 1 5
 20160621 1200 26.64 1 5
 20160622 1200 26.92 1 5
 20160623 1200 27.08 1 5
 20160624 1200 27.06 1 5
 20160625 1200 27.25 1 5
 20160626 1200 27.23 1 5
 20160627 1200 27.11 1 5
 20160628 1200 27.09 1 5
 20160629 1200 27.07 1 5
 20160630 1200 27.09 1 5
 20160701 1200 27.05 1 5
 20160702 1200 27.01 1 5
 20160703 1200 26.92 1 5
 20160704 1200 26.89 1 5
 20160705 1200 26.90 1 5
 20160706 1200 26.65 1 5
 20160707 1200 25.64 1 5
 20160708 1200 24.10 1 5
 20160709 1200 23.71 1 5
 20160710 1200 23.25 1 5
 20160711 1200 22.82 1 5
 20160712 1200 23.86 1 5
 20160713 1200 24.80 1 5
 20160714 1200 25.34 1 5
 20160715 1200 25.81 1 5
 20160716 1200 26.16 1 5
 20160717 1200 26.28 1 5
 20160718 1200 26.27 1 5
 20160719 1200 25.84 1 5
 20160720 1200 25.50 1 5
 20160721 1200 25.27 1 5
 20160722 1200 25.66 1 5
 20160723 1200 24.58 1 5
 20160724 1200 23.56 1 5
 20160725 1200 23.35 1 5
 20160726 1200 23.02 1 5
 20160727 1200 23.48 1 5
 20160728 1200 23.93 1 5
 20160729 1200 24.32 1 5
 20160730 1200 24.62 1 5
 20160731 1200 24.91 1 5
 20160801 1200 25.38 1 5
 20160802 1200 26.04 1 5
 20160803 1200 26.20 1 5
 20160804 1200 25.90 1 5
 20160805 1200 25.35 1 5
 20160806 1200 24.97 1 5
 20160807 1200 24.59 1 5
 20160808 1200 24.14 1 5
 20160809 1200 23.46 1 5
 20160810 1200 23.70 1 5
 20160811 1200 23.40 1 5
 20160812 1200 24.01 1 5
 20160813 1200 25.43 1 5
 20160814 1200 25.67 1 5
 20160815 1200 26.08 1 5
 20160816 1200 26.22 1 5
 20160817 1200 26.17 1 5
 20160818 1200 26.15 1 5
 20160819 1200 25.88 1 5
 20160820 1200 25.03 1 5
 20160821 1200 24.29 1 5
 20160822 1200 24.31 1 5
 20160823 1200 23.81 1 5
 20160824 1200 23.15 1 5
 20160825 1200 23.54 1 5
 20160826 1200 23.56 1 5
 20160827 1200 24.11 1 5
 20160828 1200 25.23 1 5
 20160829 1200 25.96 1 5
 20160830 1200 26.23 1 5
 20160831 1200 26.28 1 5
 20160901 1200 26.20 1 5
 20160902 1200 26.22 1 5
 20160903 1200 26.20 1 5
 20160904 1200 26.15 1 5
 20160905 1200 26.04 1 5
 20160906 1200 25.89 1 5
 20160907 1200 25.95 1 5
 20160908 1200 25.83 1 5
 20160909 1200 25.66 1 5
 20160910 1200 25.57 1 5
 Time: 1200 17 Sep 2016 to 1200 17 Sep 2016 (index  6105 to  6105,    1 times)
 Depth (M):        1 QUALITY SOURCE
 YYYYMMDD HHMM   SST Q S
 20160917 1200 25.61 2 5
 Time: 1200 20 Jun 2017 to 1200 14 Aug 2017 (index  6381 to  6436,   56 times)
 Depth (M):        1 QUALITY SOURCE
 YYYYMMDD HHMM   SST Q S
 20170620 1200 24.84 1 5
 20170621 1200 24.89 1 5
 20170622 1200 24.77 1 5
 20170623 1200 24.71 1 5
 20170624 1200 25.10 1 5
 20170625 1200 25.43 1 5
 20170626 1200 25.75 1 5
 20170627 1200 26.64 1 5
 20170628 1200 27.11 1 5
 20170629 1200 26.99 1 5
 20170630 1200 26.93 1 5
 20170701 1200 26.58 1 5
 20170702 1200 26.12 1 5
 20170703 1200 25.89 1 5
 20170704 1200 26.59 1 5
 20170705 1200 26.09 1 5
 20170706 1200 25.85 1 5
 20170707 1200 25.60 1 5
 20170708 1200 25.89 1 5
 20170709 1200 26.45 1 5
 20170710 1200 26.83 1 5
 20170711 1200 26.96 1 5
 20170712 1200 26.74 1 5
 20170713 1200 26.26 1 5
 20170714 1200 25.60 1 5
 20170715 1200 25.29 1 5
 20170716 1200 25.27 1 5
 20170717 1200 24.71 1 5
 20170718 1200 24.61 1 5
 20170719 1200 24.90 1 5
 20170720 1200 25.46 1 5
 20170721 1200 26.05 1 5
 20170722 1200 26.34 1 5
 20170723 1200 26.41 1 5
 20170724 1200 26.42 1 5
 20170725 1200 26.50 1 5
 20170726 1200 26.56 1 5
 20170727 1200 26.77 1 5
 20170728 1200 26.82 1 5
 20170729 1200 26.83 1 5
 20170730 1200 26.74 1 5
 20170731 1200 26.54 1 5
 20170801 1200 26.55 1 5
 20170802 1200 26.43 1 5
 20170803 1200 26.11 1 5
 20170804 1200 25.68 1 5
 20170805 1200 24.01 1 5
 20170806 1200 23.89 1 5
 20170807 1200 24.57 1 5
 20170808 1200 24.77 1 5
 20170809 1200 24.97 1 5
 20170810 1200 25.37 1 5
 20170811 1200 26.21 1 5
 20170812 1200 26.55 1 5
 20170813 1200 26.45 1 5
 20170814 1200 26.31 1 5
 Time: 1200 18 Apr 2018 to 1200 31 Aug 2018 (index  6683 to  6818,  136 times)
 Depth (M):        1 QUALITY SOURCE
 YYYYMMDD HHMM   SST Q S
 20180418 1200 28.12 2 1
 20180419 1200 27.86 2 1
 20180420 1200 27.58 2 1
 20180421 1200 27.01 2 1
 20180422 1200 26.49 2 1
 20180423 1200 26.61 2 1
 20180424 1200 26.61 2 1
 20180425 1200 26.46 2 1
 20180426 1200 26.23 2 1
 20180427 1200 26.42 2 1
 20180428 1200 26.36 2 1
 20180429 1200 26.28 2 1
 20180430 1200 26.36 2 1
 20180501 1200 26.76 2 1
 20180502 1200 27.07 2 1
 20180503 1200 27.04 2 1
 20180504 1200 26.81 2 1
 20180505 1200 26.44 2 1
 20180506 1200 26.67 2 1
 20180507 1200 27.44 2 1
 20180508 1200 27.59 2 1
 20180509 1200 27.50 2 1
 20180510 1200 27.49 2 1
 20180511 1200 27.36 2 1
 20180512 1200 27.54 2 1
 20180513 1200 27.32 2 1
 20180514 1200 27.05 2 1
 20180515 1200 26.90 2 1
 20180516 1200 27.06 2 1
 20180517 1200 27.23 2 1
 20180518 1200 27.40 2 1
 20180519 1200 27.64 2 1
 20180520 1200 27.78 2 1
 20180521 1200 27.78 2 1
 20180522 1200 28.04 2 1
 20180523 1200 27.81 2 1
 20180524 1200 27.43 2 1
 20180525 1200 27.55 2 1
 20180526 1200 27.76 2 1
 20180527 1200 27.76 2 1
 20180528 1200 27.60 2 1
 20180529 1200 27.71 2 1
 20180530 1200 27.85 2 1
 20180531 1200 27.79 2 1
 20180601 1200 27.80 2 1
 20180602 1200 27.77 2 1
 20180603 1200 27.58 2 1
 20180604 1200 26.90 2 1
 20180605 1200 25.21 2 1
 20180606 1200 24.83 2 1
 20180607 1200 24.73 2 1
 20180608 1200 26.47 2 1
 20180609 1200 26.92 2 1
 20180610 1200 26.84 2 1
 20180611 1200 26.85 2 1
 20180612 1200 26.40 2 1
 20180613 1200 26.04 2 1
 20180614 1200 26.12 2 1
 20180615 1200 26.25 2 1
 20180616 1200 26.39 2 1
 20180617 1200 26.90 2 1
 20180618 1200 27.31 2 1
 20180619 1200 27.37 2 1
 20180620 1200 27.32 2 1
 20180621 1200 27.38 2 1
 20180622 1200 27.27 2 1
 20180623 1200 27.06 2 1
 20180624 1200 26.79 2 1
 20180625 1200 26.70 2 1
 20180626 1200 26.61 2 1
 20180627 1200 26.54 2 1
 20180628 1200 26.50 2 1
 20180629 1200 26.46 2 1
 20180630 1200 26.44 2 1
 20180701 1200 26.30 2 1
 20180702 1200 26.27 2 1
 20180703 1200 26.35 2 1
 20180704 1200 26.42 2 1
 20180705 1200 26.36 2 1
 20180706 1200 26.16 2 1
 20180707 1200 25.99 2 1
 20180708 1200 26.08 2 1
 20180709 1200 26.49 2 1
 20180710 1200 27.01 2 1
 20180711 1200 27.05 2 1
 20180712 1200 27.05 2 1
 20180713 1200 27.17 2 1
 20180714 1200 27.11 2 1
 20180715 1200 27.02 2 1
 20180716 1200 26.96 2 1
 20180717 1200 26.87 2 1
 20180718 1200 26.70 2 1
 20180719 1200 26.23 2 1
 20180720 1200 25.18 2 1
 20180721 1200 24.43 2 1
 20180722 1200 24.02 2 1
 20180723 1200 24.54 2 1
 20180724 1200 25.21 2 1
 20180725 1200 26.15 2 1
 20180726 1200 26.50 2 1
 20180727 1200 26.55 2 1
 20180728 1200 26.47 2 1
 20180729 1200 26.41 2 1
 20180730 1200 26.49 2 1
 20180731 1200 26.36 2 1
 20180801 1200 25.98 2 1
 20180802 1200 25.24 2 1
 20180803 1200 24.64 2 1
 20180804 1200 24.56 2 1
 20180805 1200 25.04 2 1
 20180806 1200 25.27 2 1
 20180807 1200 25.66 2 1
 20180808 1200 25.71 2 1
 20180809 1200 25.00 2 1
 20180810 1200 24.41 2 1
 20180811 1200 24.70 2 1
 20180812 1200 24.87 2 1
 20180813 1200 25.38 2 1
 20180814 1200 25.57 2 1
 20180815 1200 25.74 2 1
 20180816 1200 25.99 2 1
 20180817 1200 26.34 2 1
 20180818 1200 26.14 2 1
 20180819 1200 26.04 2 1
 20180820 1200 26.22 2 1
 20180821 1200 25.86 2 1
 20180822 1200 25.24 2 1
 20180823 1200 25.07 2 1
 20180824 1200 25.22 2 1
 20180825 1200 25.06 2 1
 20180826 1200 25.29 2 1
 20180827 1200 25.67 2 1
 20180828 1200 25.63 2 1
 20180829 1200 25.46 2 1
 20180830 1200 25.39 2 1
 20180831 1200 25.08 2 1
 Time: 1200  2 Oct 2018 to 1200 11 Apr 2019 (index  6850 to  7041,  192 times)
 Depth (M):        1 QUALITY SOURCE
 YYYYMMDD HHMM   SST Q S
 20181002 1200 26.39 2 1
 20181003 1200 26.21 2 1
 20181004 1200 25.93 2 1
 20181005 1200 25.62 2 1
 20181006 1200 25.62 2 1
 20181007 1200 25.74 2 1
 20181008 1200 25.87 2 1
 20181009 1200 25.93 2 1
 20181010 1200 26.07 2 1
 20181011 1200 25.90 2 1
 20181012 1200 25.84 2 1
 20181013 1200 25.91 2 1
 20181014 1200 25.92 2 1
 20181015 1200 26.00 2 1
 20181016 1200 26.05 2 1
 20181017 1200 26.15 2 1
 20181018 1200 26.33 2 1
 20181019 1200 26.33 2 1
 20181020 1200 26.37 2 1
 20181021 1200 26.60 2 1
 20181022 1200 26.58 2 1
 20181023 1200 26.46 2 1
 20181024 1200 26.25 2 1
 20181025 1200 26.08 2 1
 20181026 1200 25.88 2 1
 20181027 1200 25.90 2 1
 20181028 1200 26.01 2 1
 20181029 1200 26.09 2 1
 20181030 1200 26.14 2 1
 20181031 1200 26.20 2 1
 20181101 1200 26.15 2 1
 20181102 1200 26.05 2 1
 20181103 1200 25.80 2 1
 20181104 1200 25.73 2 1
 20181105 1200 26.04 2 1
 20181106 1200 26.14 2 1
 20181107 1200 26.07 2 1
 20181108 1200 25.87 2 1
 20181109 1200 25.41 2 1
 20181110 1200 24.96 2 1
 20181111 1200 24.94 2 1
 20181112 1200 24.94 2 1
 20181113 1200 24.98 2 1
 20181114 1200 24.95 2 1
 20181115 1200 24.92 2 1
 20181116 1200 25.13 2 1
 20181117 1200 25.39 2 1
 20181118 1200 25.45 2 1
 20181119 1200 25.58 2 1
 20181120 1200 25.69 2 1
 20181121 1200 25.82 2 1
 20181122 1200 26.07 2 1
 20181123 1200 25.93 2 1
 20181124 1200 25.82 2 1
 20181125 1200 25.76 2 1
 20181126 1200 25.98 2 1
 20181127 1200 26.18 2 1
 20181128 1200 26.37 2 1
 20181129 1200 26.20 2 1
 20181130 1200 26.32 2 1
 20181201 1200 26.37 2 1
 20181202 1200 26.40 2 1
 20181203 1200 26.36 2 1
 20181204 1200 26.40 2 1
 20181205 1200 26.45 2 1
 20181206 1200 26.48 2 1
 20181207 1200 26.48 2 1
 20181208 1200 26.46 2 1
 20181209 1200 26.45 2 1
 20181210 1200 26.24 2 1
 20181211 1200 26.16 2 1
 20181212 1200 26.17 2 1
 20181213 1200 26.30 2 1
 20181214 1200 26.40 2 1
 20181215 1200 26.48 2 1
 20181216 1200 26.47 2 1
 20181217 1200 26.54 2 1
 20181218 1200 26.61 2 1
 20181219 1200 26.56 2 1
 20181220 1200 26.37 2 1
 20181221 1200 26.24 2 1
 20181222 1200 26.51 2 1
 20181223 1200 26.65 2 1
 20181224 1200 26.47 2 1
 20181225 1200 26.47 2 1
 20181226 1200 26.38 2 1
 20181227 1200 26.43 2 1
 20181228 1200 26.59 2 1
 20181229 1200 26.69 2 1
 20181230 1200 26.85 2 1
 20181231 1200 27.15 2 1
 20190101 1200 27.17 2 1
 20190102 1200 27.03 2 1
 20190103 1200 26.75 2 1
 20190104 1200 26.48 2 1
 20190105 1200 26.62 2 1
 20190106 1200 26.78 2 1
 20190107 1200 26.77 2 1
 20190108 1200 26.77 2 1
 20190109 1200 26.98 2 1
 20190110 1200 26.97 2 1
 20190111 1200 27.02 2 1
 20190112 1200 27.02 2 1
 20190113 1200 26.94 2 1
 20190114 1200 26.92 2 1
 20190115 1200 26.80 2 1
 20190116 1200 26.59 2 1
 20190117 1200 27.44 2 1
 20190118 1200 27.55 2 1
 20190119 1200 27.48 2 1
 20190120 1200 27.25 2 1
 20190121 1200 26.86 2 1
 20190122 1200 27.11 2 1
 20190123 1200 27.38 2 1
 20190124 1200 27.63 2 1
 20190125 1200 27.56 2 1
 20190126 1200 27.78 2 1
 20190127 1200 27.83 2 1
 20190128 1200 27.61 2 1
 20190129 1200 27.25 2 1
 20190130 1200 26.89 2 1
 20190131 1200 26.86 2 1
 20190201 1200 27.26 2 1
 20190202 1200 27.86 2 1
 20190203 1200 28.38 2 1
 20190204 1200 28.78 2 1
 20190205 1200 29.08 2 1
 20190206 1200 29.02 2 1
 20190207 1200 28.73 2 1
 20190208 1200 29.16 2 1
 20190209 1200 29.47 2 1
 20190210 1200 29.32 2 1
 20190211 1200 29.07 2 1
 20190212 1200 29.18 2 1
 20190213 1200 29.43 2 1
 20190214 1200 29.22 2 1
 20190215 1200 27.67 2 1
 20190216 1200 26.62 2 1
 20190217 1200 27.08 2 1
 20190218 1200 27.96 2 1
 20190219 1200 28.51 2 1
 20190220 1200 28.64 2 1
 20190221 1200 28.37 2 1
 20190222 1200 28.28 2 1
 20190223 1200 27.94 2 1
 20190224 1200 28.15 2 1
 20190225 1200 28.18 2 1
 20190226 1200 28.31 2 1
 20190227 1200 29.11 2 1
 20190228 1200 29.06 2 1
 20190301 1200 29.13 2 1
 20190302 1200 29.71 2 1
 20190303 1200 29.54 2 1
 20190304 1200 29.57 2 1
 20190305 1200 28.79 2 1
 20190306 1200 28.62 2 1
 20190307 1200 28.20 2 1
 20190308 1200 28.00 2 1
 20190309 1200 27.76 2 1
 20190310 1200 27.00 2 1
 20190311 1200 26.50 2 1
 20190312 1200 26.52 2 1
 20190313 1200 26.74 2 1
 20190314 1200 28.30 2 1
 20190315 1200 29.02 2 1
 20190316 1200 28.57 2 1
 20190317 1200 28.81 2 1
 20190318 1200 28.63 2 1
 20190319 1200 28.55 2 1
 20190320 1200 28.85 2 1
 20190321 1200 28.11 2 1
 20190322 1200 28.13 2 1
 20190323 1200 28.01 2 1
 20190324 1200 28.80 2 1
 20190325 1200 28.40 2 1
 20190326 1200 27.89 2 1
 20190327 1200 27.28 2 1
 20190328 1200 27.17 2 1
 20190329 1200 27.56 2 1
 20190330 1200 27.39 2 1
 20190331 1200 27.46 2 1
 20190401 1200 27.54 2 1
 20190402 1200 27.72 2 1
 20190403 1200 27.98 2 1
 20190404 1200 28.03 2 1
 20190405 1200 28.09 2 1
 20190406 1200 27.96 2 1
 20190407 1200 27.87 2 1
 20190408 1200 27.93 2 1
 20190409 1200 27.63 2 1
 20190410 1200 27.50 2 1
 20190411 1200 27.48 2 1
 Time: 1200 19 Jun 2019 to 1200 18 Dec 2019 (index  7110 to  7292,  183 times)
 Depth (M):        1 QUALITY SOURCE
 YYYYMMDD HHMM   SST Q S
 20190619 1200 25.07 2 1
 20190620 1200 -9.99 0 0
 20190621 1200 -9.99 0 0
 20190622 1200 23.66 2 1
 20190623 1200 -9.99 0 0
 20190624 1200 25.54 2 1
 20190625 1200 25.72 2 1
 20190626 1200 26.79 2 1
 20190627 1200 27.15 2 1
 20190628 1200 27.34 2 1
 20190629 1200 27.30 2 1
 20190630 1200 27.18 2 1
 20190701 1200 26.87 2 1
 20190702 1200 26.35 2 1
 20190703 1200 26.60 2 1
 20190704 1200 26.76 2 1
 20190705 1200 26.71 2 1
 20190706 1200 26.56 2 1
 20190707 1200 26.74 2 1
 20190708 1200 26.68 2 1
 20190709 1200 26.53 2 1
 20190710 1200 26.16 2 1
 20190711 1200 26.07 2 1
 20190712 1200 26.15 2 1
 20190713 1200 26.35 2 1
 20190714 1200 26.35 2 1
 20190715 1200 26.02 2 1
 20190716 1200 22.84 2 1
 20190717 1200 23.11 2 1
 20190718 1200 23.98 2 1
 20190719 1200 24.75 2 1
 20190720 1200 25.51 2 1
 20190721 1200 25.87 2 1
 20190722 1200 25.88 2 1
 20190723 1200 25.61 2 1
 20190724 1200 25.15 2 1
 20190725 1200 25.02 2 1
 20190726 1200 25.18 2 1
 20190727 1200 25.57 2 1
 20190728 1200 25.77 2 1
 20190729 1200 25.71 2 1
 20190730 1200 25.81 2 1
 20190731 1200 25.75 2 1
 20190801 1200 25.59 2 1
 20190802 1200 25.40 2 1
 20190803 1200 25.69 2 1
 20190804 1200 26.21 2 1
 20190805 1200 26.26 2 1
 20190806 1200 26.25 2 1
 20190807 1200 26.11 2 1
 20190808 1200 25.77 2 1
 20190809 1200 25.54 2 1
 20190810 1200 25.12 2 1
 20190811 1200 24.90 2 1
 20190812 1200 24.92 2 1
 20190813 1200 25.29 2 1
 20190814 1200 25.82 2 1
 20190815 1200 26.05 2 1
 20190816 1200 26.27 2 1
 20190817 1200 26.39 2 1
 20190818 1200 26.22 2 1
 20190819 1200 25.92 2 1
 20190820 1200 25.52 2 1
 20190821 1200 25.40 2 1
 20190822 1200 25.49 2 1
 20190823 1200 25.45 2 1
 20190824 1200 25.52 2 1
 20190825 1200 25.58 2 1
 20190826 1200 25.47 2 1
 20190827 1200 25.05 2 1
 20190828 1200 24.47 2 1
 20190829 1200 23.66 2 1
 20190830 1200 23.21 2 1
 20190831 1200 24.48 2 1
 20190901 1200 25.36 2 1
 20190902 1200 25.57 2 1
 20190903 1200 25.68 2 1
 20190904 1200 25.90 2 1
 20190905 1200 26.23 2 1
 20190906 1200 26.42 2 1
 20190907 1200 26.49 2 1
 20190908 1200 26.29 2 1
 20190909 1200 26.16 2 1
 20190910 1200 25.50 2 1
 20190911 1200 24.80 2 1
 20190912 1200 23.91 2 1
 20190913 1200 23.82 2 1
 20190914 1200 24.74 2 1
 20190915 1200 25.11 2 1
 20190916 1200 25.09 2 1
 20190917 1200 25.25 2 1
 20190918 1200 25.57 2 1
 20190919 1200 25.62 2 1
 20190920 1200 25.76 2 1
 20190921 1200 25.89 2 1
 20190922 1200 25.83 2 1
 20190923 1200 25.17 2 1
 20190924 1200 24.65 2 1
 20190925 1200 24.95 2 1
 20190926 1200 25.34 2 1
 20190927 1200 25.78 2 1
 20190928 1200 25.95 2 1
 20190929 1200 26.16 2 1
 20190930 1200 26.13 2 1
 20191001 1200 26.26 2 1
 20191002 1200 26.09 2 1
 20191003 1200 25.79 2 1
 20191004 1200 25.55 2 1
 20191005 1200 25.01 2 1
 20191006 1200 24.45 2 1
 20191007 1200 24.45 2 1
 20191008 1200 24.61 2 1
 20191009 1200 24.82 2 1
 20191010 1200 24.99 2 1
 20191011 1200 25.11 2 1
 20191012 1200 25.41 2 1
 20191013 1200 25.72 2 1
 20191014 1200 25.76 2 1
 20191015 1200 25.43 2 1
 20191016 1200 25.45 2 1
 20191017 1200 25.67 2 1
 20191018 1200 25.84 2 1
 20191019 1200 25.71 2 1
 20191020 1200 25.43 2 1
 20191021 1200 25.10 2 1
 20191022 1200 25.00 2 1
 20191023 1200 25.11 2 1
 20191024 1200 25.29 2 1
 20191025 1200 25.55 2 1
 20191026 1200 25.48 2 1
 20191027 1200 25.22 2 1
 20191028 1200 25.07 2 1
 20191029 1200 25.30 2 1
 20191030 1200 24.96 2 1
 20191031 1200 24.61 2 1
 20191101 1200 24.37 2 1
 20191102 1200 24.48 2 1
 20191103 1200 24.64 2 1
 20191104 1200 24.61 2 1
 20191105 1200 24.62 2 1
 20191106 1200 24.65 2 1
 20191107 1200 24.62 2 1
 20191108 1200 24.64 2 1
 20191109 1200 24.74 2 1
 20191110 1200 24.75 2 1
 20191111 1200 24.72 2 1
 20191112 1200 24.71 2 1
 20191113 1200 24.72 2 1
 20191114 1200 24.80 2 1
 20191115 1200 25.04 2 1
 20191116 1200 25.49 2 1
 20191117 1200 25.65 2 1
 20191118 1200 25.76 2 1
 20191119 1200 25.52 2 1
 20191120 1200 25.61 2 1
 20191121 1200 25.66 2 1
 20191122 1200 25.56 2 1
 20191123 1200 25.61 2 1
 20191124 1200 25.59 2 1
 20191125 1200 25.52 2 1
 20191126 1200 25.42 2 1
 20191127 1200 25.22 2 1
 20191128 1200 25.17 2 1
 20191129 1200 25.27 2 1
 20191130 1200 25.40 2 1
 20191201 1200 25.54 2 1
 20191202 1200 25.70 2 1
 20191203 1200 25.82 2 1
 20191204 1200 25.97 2 1
 20191205 1200 26.12 2 1
 20191206 1200 26.08 2 1
 20191207 1200 26.16 2 1
 20191208 1200 26.27 2 1
 20191209 1200 26.30 2 1
 20191210 1200 26.31 2 1
 20191211 1200 26.24 2 1
 20191212 1200 26.25 2 1
 20191213 1200 -9.99 0 0
 20191214 1200 -9.99 0 0
 20191215 1200 -9.99 0 0
 20191216 1200 -9.99 0 0
 20191217 1200 26.09 2 1
 20191218 1200 26.09 2 1
 Time: 1200 29 Dec 2019 to 1200 29 Dec 2019 (index  7303 to  7303,    1 times)
 Depth (M):        1 QUALITY SOURCE
 YYYYMMDD HHMM   SST Q S
 20191229 1200 26.29 2 1
 Time: 1200 30 Jun 2020 to 1200  2 Jan 2021 (index  7487 to  7673,  187 times)
 Depth (M):        1 QUALITY SOURCE
 YYYYMMDD HHMM   SST Q S
 20200630 1200 26.70 2 1
 20200701 1200 26.10 2 1
 20200702 1200 24.85 2 1
 20200703 1200 23.34 2 1
 20200704 1200 24.80 2 1
 20200705 1200 24.96 2 1
 20200706 1200 24.69 2 1
 20200707 1200 24.64 2 1
 20200708 1200 24.89 2 1
 20200709 1200 25.29 2 1
 20200710 1200 -9.99 0 0
 20200711 1200 26.13 2 1
 20200712 1200 26.45 2 1
 20200713 1200 26.62 2 1
 20200714 1200 26.78 2 1
 20200715 1200 26.87 2 1
 20200716 1200 26.72 2 1
 20200717 1200 26.50 2 1
 20200718 1200 26.34 2 1
 20200719 1200 26.47 2 1
 20200720 1200 26.56 2 1
 20200721 1200 26.32 2 1
 20200722 1200 26.11 2 1
 20200723 1200 26.29 2 1
 20200724 1200 26.43 2 1
 20200725 1200 25.99 2 1
 20200726 1200 24.94 2 1
 20200727 1200 23.08 2 1
 20200728 1200 22.81 2 1
 20200729 1200 24.46 2 1
 20200730 1200 24.59 2 1
 20200731 1200 24.38 2 1
 20200801 1200 24.23 2 1
 20200802 1200 23.81 2 1
 20200803 1200 23.49 2 1
 20200804 1200 23.71 2 1
 20200805 1200 24.14 2 1
 20200806 1200 25.09 2 1
 20200807 1200 24.60 2 1
 20200808 1200 24.58 2 1
 20200809 1200 24.91 2 1
 20200810 1200 25.07 2 1
 20200811 1200 25.12 2 1
 20200812 1200 25.58 2 1
 20200813 1200 25.97 2 1
 20200814 1200 26.18 2 1
 20200815 1200 26.34 2 1
 20200816 1200 26.27 2 1
 20200817 1200 26.04 2 1
 20200818 1200 26.03 2 1
 20200819 1200 26.27 2 1
 20200820 1200 26.00 2 1
 20200821 1200 25.04 2 1
 20200822 1200 23.93 2 1
 20200823 1200 23.31 2 1
 20200824 1200 23.37 2 1
 20200825 1200 24.08 2 1
 20200826 1200 24.58 2 1
 20200827 1200 24.90 2 1
 20200828 1200 25.21 2 1
 20200829 1200 25.54 2 1
 20200830 1200 25.65 2 1
 20200831 1200 25.71 2 1
 20200901 1200 25.70 2 1
 20200902 1200 24.17 2 1
 20200903 1200 21.41 2 1
 20200904 1200 21.49 2 1
 20200905 1200 24.58 2 1
 20200906 1200 25.29 2 1
 20200907 1200 25.36 2 1
 20200908 1200 25.29 2 1
 20200909 1200 24.39 2 1
 20200910 1200 24.03 2 1
 20200911 1200 23.42 2 1
 20200912 1200 22.39 2 1
 20200913 1200 22.45 2 1
 20200914 1200 23.32 2 1
 20200915 1200 25.38 2 1
 20200916 1200 25.91 2 1
 20200917 1200 25.92 2 1
 20200918 1200 25.97 2 1
 20200919 1200 25.98 2 1
 20200920 1200 26.01 2 1
 20200921 1200 26.00 2 1
 20200922 1200 25.76 2 1
 20200923 1200 25.20 2 1
 20200924 1200 24.23 2 1
 20200925 1200 24.19 2 1
 20200926 1200 25.03 2 1
 20200927 1200 25.58 2 1
 20200928 1200 25.33 2 1
 20200929 1200 25.19 2 1
 20200930 1200 24.96 2 1
 20201001 1200 24.78 2 1
 20201002 1200 24.66 2 1
 20201003 1200 24.58 2 1
 20201004 1200 24.57 2 1
 20201005 1200 24.32 2 1
 20201006 1200 24.42 2 1
 20201007 1200 24.98 2 1
 20201008 1200 25.24 2 1
 20201009 1200 25.31 2 1
 20201010 1200 25.52 2 1
 20201011 1200 25.83 2 1
 20201012 1200 26.00 2 1
 20201013 1200 26.10 2 1
 20201014 1200 26.20 2 1
 20201015 1200 26.17 2 1
 20201016 1200 25.98 2 1
 20201017 1200 25.89 2 1
 20201018 1200 25.98 2 1
 20201019 1200 25.84 2 1
 20201020 1200 25.59 2 1
 20201021 1200 25.53 2 1
 20201022 1200 25.65 2 1
 20201023 1200 25.62 2 1
 20201024 1200 25.39 2 1
 20201025 1200 25.27 2 1
 20201026 1200 25.45 2 1
 20201027 1200 25.72 2 1
 20201028 1200 25.71 2 1
 20201029 1200 25.75 2 1
 20201030 1200 25.87 2 1
 20201031 1200 25.87 2 1
 20201101 1200 25.88 2 1
 20201102 1200 25.94 2 1
 20201103 1200 25.95 2 1
 20201104 1200 25.96 2 1
 20201105 1200 -9.99 0 0
 20201106 1200 25.40 2 1
 20201107 1200 25.16 2 1
 20201108 1200 25.12 2 1
 20201109 1200 25.16 2 1
 20201110 1200 25.45 2 1
 20201111 1200 25.84 2 1
 20201112 1200 26.18 2 1
 20201113 1200 26.27 2 1
 20201114 1200 26.24 2 1
 20201115 1200 26.28 2 1
 20201116 1200 26.25 2 1
 20201117 1200 26.06 2 1
 20201118 1200 25.92 2 1
 20201119 1200 25.95 2 1
 20201120 1200 25.95 2 1
 20201121 1200 25.94 2 1
 20201122 1200 25.78 2 1
 20201123 1200 25.55 2 1
 20201124 1200 25.35 2 1
 20201125 1200 24.61 2 1
 20201126 1200 23.85 2 1
 20201127 1200 24.30 2 1
 20201128 1200 24.67 2 1
 20201129 1200 25.19 2 1
 20201130 1200 25.65 2 1
 20201201 1200 26.00 2 1
 20201202 1200 26.06 2 1
 20201203 1200 26.13 2 1
 20201204 1200 26.06 2 1
 20201205 1200 25.95 2 1
 20201206 1200 25.63 2 1
 20201207 1200 25.33 2 1
 20201208 1200 25.17 2 1
 20201209 1200 25.11 2 1
 20201210 1200 25.25 2 1
 20201211 1200 25.41 2 1
 20201212 1200 25.44 2 1
 20201213 1200 25.45 2 1
 20201214 1200 25.51 2 1
 20201215 1200 25.58 2 1
 20201216 1200 25.61 2 1
 20201217 1200 25.62 2 1
 20201218 1200 25.63 2 1
 20201219 1200 25.69 2 1
 20201220 1200 25.77 2 1
 20201221 1200 25.83 2 1
 20201222 1200 25.92 2 1
 20201223 1200 25.85 2 1
 20201224 1200 25.10 2 1
 20201225 1200 24.75 2 1
 20201226 1200 24.16 2 1
 20201227 1200 25.13 2 1
 20201228 1200 25.59 2 1
 20201229 1200 25.80 2 1
 20201230 1200 25.85 2 1
 20201231 1200 25.80 2 1
 20210101 1200 25.74 2 1
 20210102 1200 25.60 2 1
 Time: 1200 19 Mar 2023 to 1200 20 Jun 2023 (index  8479 to  8572,   94 times)
 Depth (M):        1 QUALITY SOURCE
 YYYYMMDD HHMM   SST Q S
 20230319 1200 28.59 2 1
 20230320 1200 28.72 2 1
 20230321 1200 28.91 2 1
 20230322 1200 28.89 2 1
 20230323 1200 28.86 2 1
 20230324 1200 28.70 2 1
 20230325 1200 28.73 2 1
 20230326 1200 28.46 2 1
 20230327 1200 28.45 2 1
 20230328 1200 28.58 2 1
 20230329 1200 28.75 2 1
 20230330 1200 28.91 2 1
 20230331 1200 28.78 2 1
 20230401 1200 28.65 2 1
 20230402 1200 28.71 2 1
 20230403 1200 28.94 2 1
 20230404 1200 29.06 2 1
 20230405 1200 28.64 2 1
 20230406 1200 28.54 2 1
 20230407 1200 28.65 2 1
 20230408 1200 28.73 2 1
 20230409 1200 29.02 2 1
 20230410 1200 29.32 2 1
 20230411 1200 29.82 2 1
 20230412 1200 29.45 2 1
 20230413 1200 29.32 2 1
 20230414 1200 29.32 2 1
 20230415 1200 28.86 2 1
 20230416 1200 28.52 2 1
 20230417 1200 28.92 2 1
 20230418 1200 29.48 2 1
 20230419 1200 29.57 2 1
 20230420 1200 29.27 2 1
 20230421 1200 29.15 2 1
 20230422 1200 29.08 2 1
 20230423 1200 29.10 2 1
 20230424 1200 29.24 2 1
 20230425 1200 29.13 2 1
 20230426 1200 29.15 2 1
 20230427 1200 29.13 2 1
 20230428 1200 29.01 2 1
 20230429 1200 29.06 2 1
 20230430 1200 29.26 2 1
 20230501 1200 29.50 2 1
 20230502 1200 29.33 2 1
 20230503 1200 29.46 2 1
 20230504 1200 29.64 2 1
 20230505 1200 29.40 2 1
 20230506 1200 28.96 2 1
 20230507 1200 29.12 2 1
 20230508 1200 29.19 2 1
 20230509 1200 29.10 2 1
 20230510 1200 28.96 2 1
 20230511 1200 28.69 2 1
 20230512 1200 28.63 2 1
 20230513 1200 28.66 2 1
 20230514 1200 28.72 2 1
 20230515 1200 28.83 2 1
 20230516 1200 28.91 2 1
 20230517 1200 28.64 2 1
 20230518 1200 28.46 2 1
 20230519 1200 28.25 2 1
 20230520 1200 28.03 2 1
 20230521 1200 27.78 2 1
 20230522 1200 27.81 2 1
 20230523 1200 27.86 2 1
 20230524 1200 27.81 2 1
 20230525 1200 27.65 2 1
 20230526 1200 27.49 2 1
 20230527 1200 27.33 2 1
 20230528 1200 27.15 2 1
 20230529 1200 27.16 2 1
 20230530 1200 27.15 2 1
 20230531 1200 27.04 2 1
 20230601 1200 27.15 2 1
 20230602 1200 27.43 2 1
 20230603 1200 27.93 2 1
 20230604 1200 28.26 2 1
 20230605 1200 28.31 2 1
 20230606 1200 28.29 2 1
 20230607 1200 28.12 2 1
 20230608 1200 27.98 2 1
 20230609 1200 27.51 2 1
 20230610 1200 27.15 2 1
 20230611 1200 27.45 2 1
 20230612 1200 27.62 2 1
 20230613 1200 27.72 2 1
 20230614 1200 27.83 2 1
 20230615 1200 28.02 2 1
 20230616 1200 28.19 2 1
 20230617 1200 28.20 2 1
 20230618 1200 28.07 2 1
 20230619 1200 28.04 2 1
 20230620 1200 28.01 2 1
 Time: 1200 21 Apr 2025 to 1200 29 Jan 2026 (index  9243 to  9526,  284 times)
 Depth (M):        1 QUALITY SOURCE
 YYYYMMDD HHMM   SST Q S
 20250421 1200 27.49 2 1
 20250422 1200 27.51 2 1
 20250423 1200 27.66 2 1
 20250424 1200 27.95 2 1
 20250425 1200 27.91 2 1
 20250426 1200 28.20 2 1
 20250427 1200 28.16 2 1
 20250428 1200 27.56 2 1
 20250429 1200 26.95 2 1
 20250430 1200 26.80 2 1
 20250501 1200 26.42 2 1
 20250502 1200 26.19 2 1
 20250503 1200 25.70 2 1
 20250504 1200 25.73 2 1
 20250505 1200 26.08 2 1
 20250506 1200 26.72 2 1
 20250507 1200 27.09 2 1
 20250508 1200 27.64 2 1
 20250509 1200 28.00 2 1
 20250510 1200 28.36 2 1
 20250511 1200 28.48 2 1
 20250512 1200 28.52 2 1
 20250513 1200 28.49 2 1
 20250514 1200 28.45 2 1
 20250515 1200 28.35 2 1
 20250516 1200 28.21 2 1
 20250517 1200 28.14 2 1
 20250518 1200 28.22 2 1
 20250519 1200 28.20 2 1
 20250520 1200 28.21 2 1
 20250521 1200 28.14 2 1
 20250522 1200 28.03 2 1
 20250523 1200 27.98 2 1
 20250524 1200 27.94 2 1
 20250525 1200 27.83 2 1
 20250526 1200 27.74 2 1
 20250527 1200 27.70 2 1
 20250528 1200 27.76 2 1
 20250529 1200 28.01 2 1
 20250530 1200 28.05 2 1
 20250531 1200 28.04 2 1
 20250601 1200 27.96 2 1
 20250602 1200 27.66 2 1
 20250603 1200 27.16 2 1
 20250604 1200 26.64 2 1
 20250605 1200 26.40 2 1
 20250606 1200 26.05 2 1
 20250607 1200 25.74 2 1
 20250608 1200 25.44 2 1
 20250609 1200 25.47 2 1
 20250610 1200 26.25 2 1
 20250611 1200 26.84 2 1
 20250612 1200 26.52 2 1
 20250613 1200 27.02 2 1
 20250614 1200 27.28 2 1
 20250615 1200 27.22 2 1
 20250616 1200 27.09 2 1
 20250617 1200 27.56 2 1
 20250618 1200 27.53 2 1
 20250619 1200 27.48 2 1
 20250620 1200 27.44 2 1
 20250621 1200 27.45 2 1
 20250622 1200 27.37 2 1
 20250623 1200 27.39 2 1
 20250624 1200 27.40 2 1
 20250625 1200 27.34 2 1
 20250626 1200 27.27 2 1
 20250627 1200 27.30 2 1
 20250628 1200 27.30 2 1
 20250629 1200 27.21 2 1
 20250630 1200 26.52 2 1
 20250701 1200 25.17 2 1
 20250702 1200 24.77 2 1
 20250703 1200 24.19 2 1
 20250704 1200 23.76 2 1
 20250705 1200 23.76 2 1
 20250706 1200 24.32 2 1
 20250707 1200 25.42 2 1
 20250708 1200 26.20 2 1
 20250709 1200 26.17 2 1
 20250710 1200 26.13 2 1
 20250711 1200 25.99 2 1
 20250712 1200 26.19 2 1
 20250713 1200 26.46 2 1
 20250714 1200 26.65 2 1
 20250715 1200 26.81 2 1
 20250716 1200 26.78 2 1
 20250717 1200 26.75 2 1
 20250718 1200 26.81 2 1
 20250719 1200 26.83 2 1
 20250720 1200 26.75 2 1
 20250721 1200 26.65 2 1
 20250722 1200 26.60 2 1
 20250723 1200 26.55 2 1
 20250724 1200 26.52 2 1
 20250725 1200 26.81 2 1
 20250726 1200 26.81 2 1
 20250727 1200 26.48 2 1
 20250728 1200 25.62 2 1
 20250729 1200 24.72 2 1
 20250730 1200 25.15 2 1
 20250731 1200 25.48 2 1
 20250801 1200 25.77 2 1
 20250802 1200 25.71 2 1
 20250803 1200 25.96 2 1
 20250804 1200 26.28 2 1
 20250805 1200 26.19 2 1
 20250806 1200 26.22 2 1
 20250807 1200 26.35 2 1
 20250808 1200 26.31 2 1
 20250809 1200 26.15 2 1
 20250810 1200 25.99 2 1
 20250811 1200 26.14 2 1
 20250812 1200 26.14 2 1
 20250813 1200 26.04 2 1
 20250814 1200 26.07 2 1
 20250815 1200 26.09 2 1
 20250816 1200 26.23 2 1
 20250817 1200 26.21 2 1
 20250818 1200 26.06 2 1
 20250819 1200 25.93 2 1
 20250820 1200 25.67 2 1
 20250821 1200 25.53 2 1
 20250822 1200 25.67 2 1
 20250823 1200 25.68 2 1
 20250824 1200 25.51 2 1
 20250825 1200 24.05 2 1
 20250826 1200 23.58 2 1
 20250827 1200 24.36 2 1
 20250828 1200 25.66 2 1
 20250829 1200 25.84 2 1
 20250830 1200 25.80 2 1
 20250831 1200 24.86 2 1
 20250901 1200 24.07 2 1
 20250902 1200 24.20 2 1
 20250903 1200 24.74 2 1
 20250904 1200 24.90 2 1
 20250905 1200 25.25 2 1
 20250906 1200 25.47 2 1
 20250907 1200 25.64 2 1
 20250908 1200 25.69 2 1
 20250909 1200 25.80 2 1
 20250910 1200 25.80 2 1
 20250911 1200 25.81 2 1
 20250912 1200 25.94 2 1
 20250913 1200 26.13 2 1
 20250914 1200 26.21 2 1
 20250915 1200 26.18 2 1
 20250916 1200 26.11 2 1
 20250917 1200 26.08 2 1
 20250918 1200 26.35 2 1
 20250919 1200 26.41 2 1
 20250920 1200 26.21 2 1
 20250921 1200 25.83 2 1
 20250922 1200 25.50 2 1
 20250923 1200 25.37 2 1
 20250924 1200 25.49 2 1
 20250925 1200 25.58 2 1
 20250926 1200 25.72 2 1
 20250927 1200 25.77 2 1
 20250928 1200 25.79 2 1
 20250929 1200 25.79 2 1
 20250930 1200 25.91 2 1
 20251001 1200 25.85 2 1
 20251002 1200 25.65 2 1
 20251003 1200 25.66 2 1
 20251004 1200 25.75 2 1
 20251005 1200 25.95 2 1
 20251006 1200 26.08 2 1
 20251007 1200 26.10 2 1
 20251008 1200 26.08 2 1
 20251009 1200 25.49 2 1
 20251010 1200 24.74 2 1
 20251011 1200 24.61 2 1
 20251012 1200 24.60 2 1
 20251013 1200 25.24 2 1
 20251014 1200 25.76 2 1
 20251015 1200 26.05 2 1
 20251016 1200 26.37 2 1
 20251017 1200 26.58 2 1
 20251018 1200 26.47 2 1
 20251019 1200 26.54 2 1
 20251020 1200 26.42 2 1
 20251021 1200 26.09 2 1
 20251022 1200 25.82 2 1
 20251023 1200 24.98 2 1
 20251024 1200 23.15 2 1
 20251025 1200 22.96 2 1
 20251026 1200 24.94 2 1
 20251027 1200 25.38 2 1
 20251028 1200 25.68 2 1
 20251029 1200 25.86 2 1
 20251030 1200 25.94 2 1
 20251031 1200 26.08 2 1
 20251101 1200 26.17 2 1
 20251102 1200 26.24 2 1
 20251103 1200 26.30 2 1
 20251104 1200 26.33 2 1
 20251105 1200 26.27 2 1
 20251106 1200 26.24 2 1
 20251107 1200 26.17 2 1
 20251108 1200 26.01 2 1
 20251109 1200 25.65 2 1
 20251110 1200 25.61 2 1
 20251111 1200 25.92 2 1
 20251112 1200 26.16 2 1
 20251113 1200 26.27 2 1
 20251114 1200 26.29 2 1
 20251115 1200 26.22 2 1
 20251116 1200 26.18 2 1
 20251117 1200 26.16 2 1
 20251118 1200 26.11 2 1
 20251119 1200 25.96 2 1
 20251120 1200 25.59 2 1
 20251121 1200 25.12 2 1
 20251122 1200 25.09 2 1
 20251123 1200 25.11 2 1
 20251124 1200 25.05 2 1
 20251125 1200 25.21 2 1
 20251126 1200 25.34 2 1
 20251127 1200 25.47 2 1
 20251128 1200 25.75 2 1
 20251129 1200 26.06 2 1
 20251130 1200 26.07 2 1
 20251201 1200 25.97 2 1
 20251202 1200 25.98 2 1
 20251203 1200 25.94 2 1
 20251204 1200 25.91 2 1
 20251205 1200 25.76 2 1
 20251206 1200 24.85 2 1
 20251207 1200 24.46 2 1
 20251208 1200 25.19 2 1
 20251209 1200 25.41 2 1
 20251210 1200 25.50 2 1
 20251211 1200 25.28 2 1
 20251212 1200 25.34 2 1
 20251213 1200 25.53 2 1
 20251214 1200 25.56 2 1
 20251215 1200 25.65 2 1
 20251216 1200 25.63 2 1
 20251217 1200 25.34 2 1
 20251218 1200 24.67 2 1
 20251219 1200 24.79 2 1
 20251220 1200 24.69 2 1
 20251221 1200 23.77 2 1
 20251222 1200 24.18 2 1
 20251223 1200 24.33 2 1
 20251224 1200 24.31 2 1
 20251225 1200 24.29 2 1
 20251226 1200 24.74 2 1
 20251227 1200 24.83 2 1
 20251228 1200 25.08 2 1
 20251229 1200 25.16 2 1
 20251230 1200 25.29 2 1
 20251231 1200 25.66 2 1
 20260101 1200 25.90 2 1
 20260102 1200 26.00 2 1
 20260103 1200 26.07 2 1
 20260104 1200 26.13 2 1
 20260105 1200 26.21 2 1
 20260106 1200 26.13 2 1
 20260107 1200 26.10 2 1
 20260108 1200 26.11 2 1
 20260109 1200 26.20 2 1
 20260110 1200 26.23 2 1
 20260111 1200 26.19 2 1
 20260112 1200 26.19 2 1
 20260113 1200 26.28 2 1
 20260114 1200 26.25 2 1
 20260115 1200 26.31 2 1
 20260116 1200 26.36 2 1
 20260117 1200 26.46 2 1
 20260118 1200 26.33 2 1
 20260119 1200 26.11 2 1
 20260120 1200 26.23 2 1
 20260121 1200 26.58 2 1
 20260122 1200 26.80 2 1
 20260123 1200 26.91 2 1
 20260124 1200 26.90 2 1
 20260125 1200 26.65 2 1
 20260126 1200 26.56 2 1
 20260127 1200 26.76 2 1
 20260128 1200 26.86 2 1
 20260129 1200 26.88 2 1
